Ticker,Company_Name,Sector,Total_Score,Score_Size,Score_FCFP,Market_Cap_Billion,Enterprise_Value,BM_Ratio,FCF_Yield_Pct,ROA,EBITDA_Margin,Asset_Growth,EBITDA_Growth,Inv_Dummy,Price_Range_Pct,Data_Quality_Flag
CALM,"Cal-Maine Foods, Inc.",Consumer Staples,83.08,63.4,94.4,3.68B,2542396928.0,0.6967532315550626,21.9%,0.3955263194579298,0.39836246168068823,0.41187937719503415,2.8519174790873056,0.0,9.54%,
IIPR,"Innovative Industrial Properties, Inc.",Real Estate,78.45,75.0,77.1,1.43B,1827377280.0,1.289135041592429,10.83%,0.04987519286266828,0.7935289804666203,-0.0030230689300926347,-0.15148018446519967,1.0,29.27%,金融・不動産セクター特化評価
GIII,"G-III Apparel Group, Ltd.",Consumer Discretionary,76.65,92.1,94.2,1.12B,998162560.0,1.4993685065137268,21.13%,,,-0.07382241444387587,,,42.9%,
PENG,"Penguin Solutions, Inc.",Information Technology,76.26,89.0,91.6,0.88B,1159949056.0,0.680501805503219,16.86%,0.01570059361860005,0.08213215429056527,0.09677410603958207,0.786546315572012,0.0,15.96%,
GDYN,"Grid Dynamics Holdings, Inc.",Information Technology,74.95,98.9,54.2,0.47B,145026816.0,1.1505248403490334,6.02%,0.015774445659090537,0.05635376019542186,0.03495150221549768,0.21941992433795712,0.0,0.35%,
NMIH,"NMI Holdings, Inc.",Financials,74.77,52.2,72.7,2.81B,3097544704.0,0.9233600888053771,9.51%,0.1012538602243421,,0.14660565920979066,,,43.89%,金融・不動産セクター特化評価
CRSR,Corsair Gaming,Information Technology,74.74,95.6,73.6,0.57B,672984640.0,1.1165108680536326,9.9%,-0.012888184886710948,0.03490098337498642,0.014528709068973135,13.913232733604179,0.0,14.17%,
PGNY,Progyny,Health Care,74.58,89.9,89.0,1.41B,1132081536.0,0.3648368073091995,15.02%,0.07882171503229239,0.07001453446639574,0.22291641272800947,0.27743168625230075,0.0,4.29%,
CERT,"Certara, Inc.",Health Care,74.29,91.0,75.2,0.92B,1033434496.0,1.1604822817587714,10.53%,-0.0010246809997802879,0.24476289161919407,-0.011759223517939133,0.4165733946855698,0.0,0.36%,
HSTM,"HealthStream, Inc.",Health Care,73.04,96.7,64.7,0.63B,579992000.0,0.5655340303361116,7.44%,0.03524772567422661,0.20954141233424542,0.018810962358496847,0.01893491124260355,0.0,10.94%,
INVA,"Innoviva, Inc.",Health Care,72.9,82.7,62.9,1.68B,1443085824.0,0.6987398576641362,7.27%,0.16583341742270657,0.8991291621285203,0.2567944599019261,3.325629539526778,0.0,71.15%,
DXC,DXC Technology,Information Technology,72.52,28.7,97.9,2.06B,4864865280.0,1.570126662939675,40.09%,0.029458538432411967,0.17154844223448062,-0.04801384182827482,0.2,0.0,4.08%,要確認: FCF異常値(>30%)
PRG,"PROG Holdings, Inc.",Financials,72.46,83.1,100.0,1.14B,1421656320.0,0.6535683782548505,166.71%,0.09114957203391935,0.7589729136738276,0.06384139699174311,-0.011778979965735842,1.0,28.4%,金融・不動産セクター特化評価
GTM,ZoomInfo,Communication Services,72.04,51.3,93.9,1.75B,3134185472.0,0.8639481702288978,20.95%,0.01928721174004193,0.26066426570628254,-0.004344733749768075,1.0838131797824697,0.0,1.31%,
HCI,"HCI Group, Inc.",Financials,72.03,98.0,93.7,1.96B,530022592.0,0.5324767828242327,20.61%,0.1182338919890167,,0.133940121414412,,,25.84%,金融・不動産セクター特化評価
AGO,Assured Guaranty Ltd.,Financials,71.94,37.9,80.8,3.56B,4044243456.0,1.5889503698795877,11.54%,0.0413107752956636,,0.02310730190740274,,,28.4%,金融・不動産セクター特化評価
OXM,"Oxford Industries, Inc.",Consumer Discretionary,71.22,91.2,29.7,0.52B,1032673984.0,1.2065503871690266,2.38%,0.07208298928907858,0.12324137990150343,0.1748527113141758,0.28859412056698475,0.0,12.09%,
CENTA,Central Garden & Pet Company (Class A),Consumer Staples,70.71,59.6,83.4,2.06B,2728521984.0,0.7686401722898003,12.13%,0.044914240039628836,0.11483977317178555,0.02031947079997715,0.23587232037529363,0.0,57.29%,
ABM,"ABM Industries, Inc.",Industrials,70.62,41.2,82.7,2.2B,3830195456.0,0.8127990386714051,11.98%,0.03081886326975994,0.048239746624132454,0.033802872165110256,0.29735547355473557,0.0,3.32%,
GOGO,"Gogo, Inc.",Communication Services,69.63,84.2,92.3,0.58B,1357713024.0,0.17421647325948977,18.7%,0.009912009154974949,0.17684414233638773,0.060640351569395824,0.7138006641689373,0.0,3.58%,
LEG,Leggett & Platt,Consumer Discretionary,69.44,66.2,95.1,1.3B,2370707456.0,0.7851995051127435,23.74%,0.06656486822757607,0.11960247589455254,-0.034192702643653046,2.6881308736512355,0.0,47.55%,
KFY,Korn/Ferry International,Industrials,68.63,57.5,70.6,3.25B,2843011840.0,0.5735256844874065,8.96%,0.06372642457417647,0.16137201086818737,0.049568223277317025,0.38555737990397293,0.0,17.39%,
MD,Pediatrix Medical Group,Health Care,67.95,76.1,79.4,1.7B,1796767488.0,0.5084351709272873,11.18%,0.07361387566453138,0.14328403128982484,0.04366423561109305,10.665303820668264,0.0,65.86%,
INVX,"Innovex International, Inc.",Energy,67.85,79.8,68.9,1.72B,1607305216.0,0.6138686364217167,8.47%,0.06567652784381069,0.20889424084411873,0.0591440546546381,0.10599893919877033,0.0,75.21%,
ACT,"Enact Holdings, Inc.",Financials,67.61,19.3,92.8,5.68B,5854429696.0,0.9420486234704025,19.5%,0.09780914274473827,,0.05703185340988182,,,65.75%,金融・不動産セクター特化評価
HRMY,"Harmony Biosciences Holdings, Inc.",Health Care,67.53,93.4,87.6,1.54B,928997888.0,0.5668840086181055,13.77%,0.12479013172846526,0.2936808324687692,0.27264911929543634,0.0926944630096139,1.0,6.64%,
LNC,Lincoln Financial,Financials,67.46,99.8,98.4,6.5B,-30525710336.0,1.6785460486702186,43.05%,0.0028211618297044132,,0.06747929411945316,,,34.3%,金融・不動産セクター特化評価
PRGS,Progress Software Corporation,Information Technology,67.38,64.7,92.5,1.17B,2500393728.0,0.41049971544805647,19.15%,0.02975719160273724,0.31109874814768607,-0.027427357550517104,0.32653933368219085,0.0,0.39%,
KMPR,Kemper Corporation,Financials,67.3,58.1,99.8,1.76B,2792953344.0,1.524762719762355,148.16%,0.011489092177315257,,-0.012485748669875856,,,3.67%,金融・不動産セクター特化評価
AZTA,"Azenta, Inc.",Health Care,66.83,97.1,81.8,0.92B,561430400.0,1.8840716329885459,11.84%,-0.027074911316956548,0.06657898592336747,-0.01937041278124427,-0.22301705840735792,1.0,0.14%,
INSP,"Inspire Medical Systems, Inc.",Health Care,66.58,89.3,38.6,1.44B,1157068160.0,0.5411160171360739,3.78%,0.16027694840943132,0.08749195432799586,0.12238505757790552,0.22708189158016148,0.0,1.08%,
COLL,"Collegium Pharmaceutical, Inc.",Health Care,66.49,80.3,96.5,1.03B,1579822208.0,0.2928672585225552,31.22%,0.037945865427677125,0.5137355281481282,-0.004061695452788576,0.1735518083008001,0.0,33.42%,要確認: FCF異常値(>30%)
AMN,"Amn Healthcare Services, Inc.",Health Care,66.23,81.4,97.2,0.73B,1499932800.0,0.878406516466183,34.19%,-0.045700625612731346,0.037037403279850896,-0.13313590484355228,0.42221472168312096,0.0,40.32%,要確認: FCF異常値(>30%)
APLE,"Apple Hospitality REIT, Inc.",Real Estate,66.02,33.6,79.2,2.72B,4357083648.0,1.1583149750823634,11.14%,0.03577267084140968,0.31891494251571456,-0.013630400489343893,-0.06812906269007493,1.0,33.76%,金融・不動産セクター特化評価
CNMD,CONMED Corporation,Health Care,66.01,73.5,90.2,1.07B,1912892672.0,0.9647250091514206,15.81%,0.020232191865932222,0.12837849633817405,0.008456162761404134,-0.35159433175473853,1.0,0.07%,
FBRT,"Franklin BSP Realty Trust, Inc.",Real Estate,65.72,25.7,98.1,0.68B,5175214592.0,2.1154942424298495,42.79%,0.013582236163275413,0.18885267236062347,0.009140365181446179,-0.18721920126450703,1.0,1.03%,金融・不動産セクター特化評価
MCRI,"Monarch Casino & Resort, Inc.",Consumer Discretionary,65.7,80.0,60.0,1.68B,1597767552.0,0.31986315256437836,6.79%,0.14223489126028094,0.3329823434991974,0.0307497437039372,0.26174389345344845,0.0,54.66%,
CENT,Central Garden & Pet Company,Consumer Staples,65.66,53.5,77.3,2.31B,3010593536.0,0.6868422284477819,10.84%,0.044914240039628836,0.11483977317178555,0.02031947079997715,0.23587232037529363,0.0,66.11%,
AMPH,"Amphstar Pharmaceuticals, Inc.",Health Care,65.56,87.3,72.0,0.87B,1235676928.0,0.9029869317922063,9.31%,0.060206260483803155,0.2949157298298205,0.0328557753871706,-0.23441466651280868,1.0,13.91%,
EMBC,Embecta Corp.,Health Care,65.22,78.1,97.7,0.51B,1716514176.0,-1.2831169489534464,37.22%,0.08745072875607297,0.2631432802665679,-0.15124873570372677,0.4753502854177478,0.0,1.41%,要確認: FCF異常値(>30%)
MNRO,"Monro, Inc.",Consumer Discretionary,65.21,93.0,92.1,0.46B,945277120.0,1.3366826860465677,17.25%,-0.0031562476588523855,0.06854736835060327,-0.030122033489798642,-0.4295232856874308,1.0,27.92%,
DLX,Deluxe Corporation,Industrials,65.02,60.7,89.5,1.23B,2688949760.0,0.5517013080166631,15.28%,0.028670205335940772,0.1776673542096381,0.011515365595196043,0.03750342184505886,0.0,89.26%,
MRP,"Millrose Properties, Inc.",Real Estate,64.83,14.5,0.9,4.69B,6784594944.0,1.2474519547992715,-76.24%,0.041030417989336265,0.819645239241183,0.6939827529737672,2.998874994415586,0.0,46.26%,金融・不動産セクター特化評価
PCRX,"Pacira BioSciences, Inc.",Health Care,64.63,90.1,78.0,0.98B,1106188800.0,0.7041472519760267,11.03%,0.0055608391696846515,0.16864144403099623,-0.18577150154874492,3.2071227419465624,0.0,46.15%,
ANIP,"ANI Pharmaceuticals, Inc.",Health Care,64.61,74.8,63.3,1.64B,1853837696.0,0.330636389578692,7.3%,0.05438645576817736,0.2346343418243401,0.12137934041226374,2.2836615389490027,0.0,37.65%,
ITRI,"Itron, Inc.",Information Technology,64.44,37.1,61.9,3.79B,4131948288.0,0.45247700586945494,7.06%,0.08091338554742418,0.17498988253603212,0.0918775345746874,0.1629705744454458,0.0,0.85%,
EIG,"Employers Holdings, Inc.",Financials,64.42,96.1,50.0,0.79B,655293376.0,1.215449638990727,5.48%,0.0031426409823662924,,-0.029565413831078982,,,29.4%,金融・不動産セクター特化評価
ATGE,Adtalem Global Education,Consumer Discretionary,64.32,37.3,69.2,3.58B,4109974784.0,0.4004745867370994,8.5%,0.0861317883759054,0.23894894004887351,0.003988813084620107,0.3101359161385468,0.0,17.54%,
LZB,"La-Z-Boy, Inc.",Consumer Discretionary,64.2,80.5,88.8,1.32B,1579305344.0,0.7746709858380159,14.78%,0.05179376139992363,0.1286312818040145,0.004557232463800837,-0.06731707987844286,1.0,18.82%,
LNN,Lindsay Corporation,Materials,64.06,88.8,41.8,1.25B,1166975616.0,0.4273439373464273,4.19%,0.0880694927429368,0.17344404229650132,0.10602552904902714,0.13362452166518496,0.0,25.9%,
EPAC,Enerpac Tool Group,Industrials,63.96,74.3,48.8,1.82B,1870091264.0,0.23837379357117705,5.41%,0.11203369623381533,0.23717658806384836,0.06501631229030731,0.10577548028235009,0.0,3.87%,
ASGN,ASGN Inc.,Information Technology,63.7,61.8,90.0,1.6B,2630727936.0,1.124820048744663,15.71%,0.030865036847687162,0.086373228821224,0.07241178186060075,-0.14200149737958573,1.0,9.61%,
ADUS,Addus HomeCare Corp.,Health Care,63.68,75.4,41.1,1.77B,1816231808.0,0.6115465539437362,4.07%,0.06672891266172595,0.11069643522456468,0.01746666156980506,0.3055507192306098,0.0,15.68%,
HOPE,"Hope Bancorp, Inc.",Financials,63.65,85.5,76.9,1.4B,1295437824.0,1.6309234587329453,10.82%,0.003323399684409776,,0.0866434447550394,,,52.9%,金融・不動産セクター特化評価
ENR,Energizer,Consumer Staples,63.58,33.3,89.3,1.17B,4375653376.0,0.14566359195258502,15.07%,0.0524502381109136,0.19138415687337013,0.049350589535740605,0.7124242424242424,0.0,4.56%,
AMWD,American Woodmark Corp.,Industrials,63.42,90.6,57.0,0.58B,1039714752.0,1.5678433450231257,6.48%,0.06332482049499258,0.11277064316778633,-0.014616043391378819,-0.19319456301578533,1.0,12.52%,
KMX,"CarMax, Inc.",Consumer Discretionary,63.32,1.1,76.6,6.0B,23632269312.0,1.0404826397016176,10.81%,0.018265663307303996,0.06964189088171478,0.007626228926884295,0.10197969448662501,0.0,20.18%,
DV,"DoubleVerify Holdings, Inc.",Communication Services,63.18,84.4,81.5,1.51B,1348621056.0,0.7501664177861762,11.65%,0.03740541562475537,0.18845743166762663,0.06101817099066768,0.04364911969094825,1.0,18.19%,
GBX,"The Greenbrier Companies, Inc.",Industrials,63.0,50.2,50.2,1.59B,3245691904.0,0.9613176950323347,5.5%,0.04680548548364904,0.149743842972656,0.0249383006228699,0.12003693444136658,0.0,62.28%,
HAYW,"Hayward Holdings, Inc.",Industrials,62.63,46.9,55.1,2.87B,3492934400.0,0.5543486259160619,6.18%,0.04810243403330515,0.2687792684611306,0.05362091657125737,0.125170205066795,0.0,32.13%,
ADT,ADT Inc.,Consumer Discretionary,62.61,3.1,86.7,5.3B,12919339008.0,0.7132161609019494,13.33%,0.03767427920364944,0.518720190492272,-0.014481753330969611,0.022844041882473624,0.0,7.82%,
ACIW,ACI Worldwide,Information Technology,62.58,30.7,64.0,4.11B,4725769728.0,0.3695019799891389,7.38%,0.07299993204305315,0.26773941317731403,0.026316128718772033,0.062259327062685436,0.0,9.41%,
CABO,Cable One,Communication Services,62.54,46.5,97.4,0.54B,3596709376.0,2.6546470141878826,35.63%,-0.06378605646422121,0.10799088597950078,-0.1436648919420248,-0.7760274502436706,1.0,11.97%,要確認: FCF異常値(>30%)
PRDO,Perdoceo Education Corp.,Consumer Discretionary,62.47,75.2,61.2,2.39B,1822219776.0,0.406064054690003,6.98%,0.12816528106934505,0.31311813316692194,0.008635979285937168,0.22256781327008093,0.0,94.35%,
HIW,Highwoods Properties,Real Estate,62.38,18.0,84.3,2.3B,5952390144.0,1.0323424401161019,12.33%,0.0254408864239083,0.756764568695169,0.040548781751945276,0.10815479801924803,0.0,1.06%,金融・不動産セクター特化評価
EGBN,Eagle Bancorp Inc,Financials,62.34,98.7,91.4,0.74B,159809088.0,1.6470482087283258,16.58%,-0.004226152674493787,,-0.04586808324513152,,,66.62%,金融・不動産セクター特化評価
CNXN,"PC Connection, Inc.",Information Technology,62.24,90.8,31.8,1.44B,1034950720.0,0.630934036763953,2.72%,0.0619738327442308,0.04286247374463319,0.03968972273914576,0.05067665580149154,0.0,13.4%,
HFWA,Heritage Financial Corporation,Health Care,62.11,93.9,67.8,1.04B,866913792.0,0.8901100327705892,8.27%,0.009692637803469038,,-0.019550037305042105,,,58.32%,
PRSU,"Pursuit Attractions & Hospitality, Inc.",Consumer Discretionary,61.62,87.5,48.1,1.0B,1232860416.0,0.5821062639645556,5.23%,0.023479814589429524,0.242944009619444,0.14250397629371556,8.388570940462971,0.0,74.38%,
NABL,"N-able, Inc.",Information Technology,61.51,88.2,76.2,0.87B,1185054080.0,0.9285933603544224,10.61%,-0.012080237973311696,0.16120485696967327,0.05307477254682574,-0.25067711268245685,1.0,9.2%,
MBC,"MasterBrand, Inc.",Industrials,61.42,71.3,81.1,1.06B,2046709376.0,1.27328418790961,11.59%,0.008611792026835248,0.0782169890664424,0.05822923066420916,-0.3307259073842303,1.0,13.16%,
CCS,"Century Communities, Inc.",Consumer Discretionary,61.33,54.4,84.6,1.61B,2956744960.0,1.6083407126075338,12.38%,0.033094276883200165,0.05722086659530198,-0.016012674761145793,-0.4897506193371793,1.0,19.74%,
HAFC,Hanmi Financial Corporation,Financials,61.2,93.6,96.0,0.78B,872071744.0,1.0260828348197555,26.25%,0.009669235124094807,,0.024910376175854804,,,60.82%,金融・不動産セクター特化評価
CLSK,"CleanSpark, Inc.",Information Technology,61.1,46.7,3.3,2.21B,3546102272.0,0.9820784107604558,-13.89%,0.11448060406498115,0.9959951142743053,0.6220984560764921,51.16629075251179,0.0,12.87%,
APOG,"Apogee Enterprises, Inc.",Industrials,60.97,92.5,66.8,0.7B,961906368.0,0.6987491425357624,7.85%,0.07236811317238862,0.12001595892413927,0.32939357331595903,-0.0798208551630894,1.0,8.89%,
HZO,"MarineMax, Inc.",Consumer Discretionary,60.96,78.5,95.8,0.57B,1639368960.0,1.6497295907331384,26.16%,-0.012803802402650865,0.036087746526202016,-0.05168003292044584,-0.5174827604175714,1.0,59.01%,
MLKN,"MillerKnoll, Inc.",Industrials,60.73,60.3,93.0,1.03B,2701841408.0,1.2397337066768361,20.11%,-0.00934129917472533,0.053216708902149926,-0.023098229300623208,-0.40996978851963745,1.0,13.28%,
AAT,American Assets Trust,Real Estate,60.72,61.6,81.3,1.41B,2631486208.0,0.8160274442114358,11.6%,0.024431104763808692,0.6363352926612319,-0.1075617903900115,0.014176519591365476,0.0,31.63%,金融・不動産セクター特化評価
EZPW,"EZCORP, Inc.",Financials,60.69,74.6,21.3,1.56B,1856364032.0,0.6593117948944576,1.1%,0.05617696515339976,0.15878770756819538,0.30669746329618136,0.24699559970911242,1.0,85.54%,金融・不動産セクター特化評価
BANR,Banner Corporation,Financials,60.39,72.4,83.6,2.04B,1996038912.0,0.9554694713037343,12.17%,0.011946690107327114,,0.009533990570515363,,,36.22%,金融・不動産セクター特化評価
FHB,"First Hawaiian, Inc.",Financials,60.24,80.9,75.0,2.97B,1544842368.0,0.9324824979032179,10.21%,0.011532585839631326,,0.005332592250203183,,,47.95%,金融・不動産セクター特化評価
AMSF,"Amerisafe, Inc.",Financials,60.15,97.8,54.4,0.62B,539082112.0,0.40619921500764206,6.1%,0.04170116333375791,,-0.02353360839737051,,,3.43%,金融・不動産セクター特化評価
LQDT,"Liquidity Services, Inc.",Industrials,59.96,95.4,60.5,0.91B,746997376.0,0.2222197205802354,6.88%,0.07489449508265773,0.09540163090110748,0.08133172666682041,0.28012048192771083,0.0,65.49%,
ETD,"Ethan Allen Interiors, Inc.",Consumer Discretionary,59.88,97.6,49.1,0.56B,546114880.0,0.855404861309337,5.42%,0.06999873829702659,0.13794214258869697,-0.010495128987524785,-0.16587798951272542,1.0,7.13%,
OFG,OFG Bancorp,Financials,59.81,86.0,80.6,1.74B,1267801728.0,0.800935187460661,11.49%,0.016453444852525624,,0.0839009927540277,,,53.78%,金融・不動産セクター特化評価
QNST,"QuinStreet, Inc.",Communication Services,59.61,96.9,50.0,0.67B,573035264.0,,,,,,,,16.79%,
AVNS,"Avanos Medical, Inc.",Health Care,59.57,95.8,63.6,0.63B,668026752.0,1.2376251480442686,7.32%,-0.06789606035205364,-0.027809469480889904,-0.06974527811471148,0.9435763888888888,0.0,66.13%,
PFBC,Preferred Bank,Financials,59.54,96.3,89.7,1.09B,640435008.0,0.7252712113807506,15.32%,0.01758046299481724,,0.09789022173839004,,,56.08%,金融・不動産セクター特化評価
ABR,Arbor Realty Trust,Financials,59.45,3.3,50.0,1.56B,12792358912.0,1.8963961114587329,,0.010265401569089493,,0.07441430686174712,,,4.39%,金融・不動産セクター特化評価
DCOM,"Dime Community Bancshares, Inc.",Financials,59.31,99.1,85.3,1.44B,29718598.0,1.0222657453566908,12.64%,0.00721448716893269,,0.06886053326708125,,,70.76%,金融・不動産セクター特化評価
DEA,"Easterly Government Properties, Inc.",Real Estate,59.28,61.2,87.9,1.13B,2686559232.0,1.1739155727633956,14.11%,0.003847303218858088,0.6007396630159566,0.048617917507867495,0.12581407797305735,0.0,28.12%,金融・不動産セクター特化評価
ALRM,"Alarm.Com, Inc.",Financials,59.24,67.8,34.3,2.12B,2258219008.0,0.4001924805027457,3.09%,0.06204931126266094,0.2275543494922304,0.048269362106320844,0.1780969203594194,0.0,5.14%,金融・不動産セクター特化評価
CUBI,"Customers Bancorp, Inc.",Financials,58.92,99.3,88.6,2.31B,-345150304.0,0.9139107596327519,14.42%,0.009001011734156045,,0.11599421935597701,,,64.36%,金融・不動産セクター特化評価
CLB,Core Laboratories,Energy,58.7,92.8,52.1,0.81B,958488128.0,0.31073626210582933,5.65%,0.05318374135764203,0.14032505612315022,0.006840099250505206,0.04380608883335227,0.0,74.15%,
MATW,Matthews International Corporation,Consumer Discretionary,58.61,84.6,82.5,0.78B,1341666304.0,0.6131514151476832,11.98%,-0.014441922473593077,0.10072184545656675,-0.07654300802772918,0.994130633072032,0.0,63.15%,
OMCL,Omnicell,Health Care,58.45,81.6,56.1,1.49B,1495851264.0,0.8278173199683515,6.35%,0.0010391346621293146,0.0774734247939604,-0.06894990947495473,0.018891799493850732,0.0,31.2%,
LTC,"LTC Properties, Inc.",Real Estate,58.39,59.9,64.3,1.81B,2724277504.0,0.5950633193108718,7.39%,0.05721075041463391,0.7503747327413698,0.15447707964988225,0.14953200219137205,1.0,60.88%,金融・不動産セクター特化評価
ICUI,ICU Medical,Health Care,58.37,37.5,85.5,3.07B,4102844160.0,0.6926377632532585,12.88%,0.00018071807289357286,0.13375255796943614,-0.03649512801232941,0.14765363923381314,0.0,32.26%,
DGII,Digi International Inc.,Information Technology,58.09,73.9,57.5,1.79B,1900553728.0,0.3562654524315673,6.53%,0.044224979027709437,0.21031283921519406,0.13197681194982055,0.25860342189456115,0.0,85.34%,
PRA,ProAssurance Corporation,Financials,58.06,86.6,86.0,1.26B,1254981376.0,1.0675662532439396,12.9%,0.009347017692785568,,-0.022797771117417463,,,90.73%,金融・不動産セクター特化評価
IAC,IAC Inc.,Communication Services,57.74,44.3,78.7,3.01B,3710658304.0,1.5736023799322105,11.12%,-0.01458841024529189,0.07050968394054961,-0.26401166148740735,1.4254997781005407,0.0,75.53%,
NBHC,National Bank Holdings Corporation,Financials,57.45,83.8,65.9,1.71B,1371857792.0,0.8110436517819728,7.76%,0.011086538214429316,,0.00773117592485817,,,50.3%,金融・不動産セクター特化評価
PMT,PennyMac Mortgage Investment Trust,Real Estate,57.43,1.3,50.0,0.97B,20329326592.0,1.9365464217470216,,0.005990195664172407,,0.4815266547877374,,,1.47%,金融・不動産セクター特化評価
EPC,Edgewell Personal Care,Consumer Staples,57.35,67.5,71.0,0.98B,2311983104.0,1.5815955436460492,9.06%,0.0067619732183265445,0.0834720035979312,0.006808008791444424,-0.3496846531184303,1.0,32.45%,
FCPT,"Four Corners Property Trust, Inc.",Real Estate,57.34,42.3,51.2,2.6B,3797481984.0,0.6255544387220064,5.53%,0.03847125680395901,0.7652618552214652,0.10090364738227217,0.09987881630897932,1.0,15.0%,金融・不動産セクター特化評価
RAMP,"LiveRamp Holdings, Inc.",Information Technology,57.14,87.1,50.0,1.64B,1251420288.0,,,,,,,,29.73%,
DRH,DiamondRock Hospitality Company,Real Estate,57.05,52.6,88.3,1.92B,3057916672.0,0.7545846241229696,14.41%,0.03376933989102111,0.24511040249319271,-0.05313261781618163,0.21026933652964816,0.0,69.87%,金融・不動産セクター特化評価
LZ,"LegalZoom.com, Inc.",Industrials,57.04,95.2,93.2,0.97B,758878656.0,0.1769350848415477,20.5%,0.030159015643510933,0.10732458339009818,0.3681338814548936,0.0068744726261974485,1.0,0.57%,
NWBI,"Northwest Bancshares, Inc.",Financials,56.96,66.9,66.6,1.82B,2336911104.0,1.0415259177370872,7.81%,0.007515708147922745,,0.16368381002405294,,,58.19%,金融・不動産セクター特化評価
CNS,"Cohen & Steers, Inc.",Financials,56.96,53.1,39.0,3.13B,3025390848.0,0.17975067517185447,3.81%,0.17476679434329423,0.36576691891891894,0.07918598267283466,0.03967255027287477,1.0,9.53%,金融・不動産セクター特化評価
KSS,Kohl's Corp.,Consumer Discretionary,56.85,12.7,99.3,1.4B,7354191872.0,2.7192262207629256,56.13%,0.008038940924846964,0.0724986129091918,-0.032122207152544796,-0.19781718963165076,1.0,33.47%,要確認: FCF異常値(>30%)
APAM,"Artisan Partners Asset Management, Inc.",Financials,56.83,57.0,66.4,2.48B,2875848448.0,0.177108995372619,7.8%,0.1840623042531123,0.4237194657254021,-0.02561473131219282,0.10464812297396214,0.0,15.11%,金融・不動産セクター特化評価
IIIN,"Insteel Industries, Inc.",Industrials,56.67,96.5,12.9,0.64B,627848576.0,0.5806216361539265,-1.22%,0.08866313628012537,0.11154289137355529,0.09489482951210738,0.7712373434014073,0.0,54.83%,
NBTB,"NBT Bancorp, Inc.",Financials,56.55,70.8,74.1,2.19B,2058666624.0,0.8677235355578811,10.02%,0.010580413864952945,,0.1601877495255198,,,47.35%,金融・不動産セクター特化評価
MMSI,"Merit Medical Systems, Inc.",Health Care,56.53,32.0,43.0,4.08B,4459924480.0,0.38785734453796367,4.4%,0.047837949128828015,0.21904194587263326,0.11052620045538684,0.12199267428973048,0.0,5.49%,
CRC,California Resources Corporation,Energy,56.47,12.9,70.3,6.11B,7330707968.0,0.6011804012565858,8.91%,0.04903417533432392,0.3288275051425213,0.037561317449194116,0.12916246215943492,0.0,98.87%,
BFH,"Bread Financial Holdings, Inc.",Financials,56.46,39.9,50.0,3.29B,3898893312.0,1.0115143176966406,,0.022856638573886954,,-0.009960246385042157,,,77.41%,金融・不動産セクター特化評価
HLX,"Helix Energy Solutions Group, Inc.",Energy,56.44,78.3,79.9,1.49B,1672244480.0,1.061989619691251,11.4%,0.011784453863750351,0.16259793073650727,0.007248140219015202,-0.17054355425470144,1.0,87.57%,
CATY,Cathay General Bancorp,Financials,56.42,72.1,77.8,3.32B,2023454592.0,0.8801895616558811,10.94%,0.013005758458412911,,0.05096119091823478,,,67.56%,金融・不動産セクター特化評価
FCF,"First Commonwealth Financial, Corp.",Financials,56.39,71.9,73.1,1.76B,2029181696.0,0.8811265315421866,9.72%,0.012339103604656098,,0.06543842797232544,,,67.15%,金融・不動産セクター特化評価
RHI,Robert Half,Industrials,56.28,68.2,50.0,2.53B,2249865984.0,,,,,,,,9.01%,
PIPR,Piper Sandler Companies,Financials,56.23,35.7,75.9,5.21B,4223839744.0,0.2633727400359904,10.6%,0.10851115038458779,,0.14925512071264432,,,0.15%,金融・不動産セクター特化評価
CFFN,Capitol Federal Savings Bank,Financials,56.21,65.1,49.8,0.91B,2477050624.0,1.1518590985202615,5.48%,0.0069564454419866195,,0.026354253869386734,,,68.71%,金融・不動産セクター特化評価
BBT,Beacon Financial Corp.,Financials,56.1,85.3,69.6,2.45B,1308516608.0,1.0170012673351452,8.64%,0.0038875776839406365,,0.9504188293541899,,,71.74%,金融・不動産セクター特化評価
AEO,American Eagle Outfitters,Consumer Discretionary,56.05,36.0,71.7,2.73B,4221484544.0,0.6462005691638469,9.3%,,,0.0766927990569742,,,35.75%,
NWL,Newell Brands,Consumer Discretionary,56.01,15.1,95.6,1.44B,6637280256.0,1.6549525282923652,24.25%,-0.026598226784881007,0.04594669627984453,-0.026263177026535803,-0.07541899441340782,1.0,8.8%,
ADAM,"Adamas Trust, Inc.",Real Estate,55.98,4.2,50.0,0.66B,11996302336.0,2.17839299515091,,0.011792847876076037,,0.37121192559802335,,,59.47%,金融・不動産セクター特化評価
BANC,"Banc Of California, Inc.",Financials,55.98,39.3,70.8,2.61B,3973264896.0,1.3572767246314812,9.0%,0.006580167588180763,,0.037402232558317025,,,53.22%,金融・不動産セクター特化評価
GNW,"Genworth Financial, Inc.",Financials,55.94,32.7,82.0,3.19B,4437012480.0,2.742043508557773,11.85%,0.0025317030528024705,,0.014535653816472973,,,60.79%,金融・不動産セクター特化評価
NAVI,Navient,Financials,55.85,0.0,50.0,0.77B,45873373184.0,3.126247892864613,,-0.001643351615620057,,-0.060012744019000176,,,2.56%,金融・不動産セクター特化評価
EVTC,"EVERTEC, Inc.",Financials,55.85,62.5,56.5,1.75B,2606775296.0,0.35612341378570955,6.41%,0.06311694934596238,0.3699638770661224,0.20762420119174574,0.06993684145187071,1.0,17.12%,金融・不動産セクター特化評価
QTWO,"Q2 Holdings, Inc.",Information Technology,55.8,58.6,50.0,2.83B,2747826688.0,,,,,,,,1.48%,
NSIT,"Insight Enterprises, Inc.",Industrials,55.79,48.9,80.1,2.04B,3348588800.0,0.8081964158689683,11.44%,0.017314906883970416,0.05056091900504173,0.22001434367741063,-0.14741988116609347,1.0,0.06%,
MHK,Mohawk Industries,Consumer Discretionary,55.78,11.8,78.5,5.95B,7522774016.0,1.4070586138141083,11.11%,0.02702505242085729,0.1056149980529234,0.07465159188160013,-0.1434050233117762,1.0,2.29%,
ADMA,"ADMA Biologics, Inc.",Health Care,55.66,69.1,13.6,2.2B,2195227392.0,0.21667089271443696,-0.82%,0.23537346093342004,0.3878331467953028,0.27740966444161597,0.3397206291599239,0.0,2.32%,
FFBC,First Financial Bancorp.,Financials,55.59,51.5,79.0,2.85B,3124361216.0,0.9716645557681425,11.13%,0.01209713735552758,,0.13780732537900248,,,59.82%,金融・不動産セクター特化評価
CBRL,Cracker Barrel,Consumer Discretionary,55.53,76.3,4.9,0.6B,1795514368.0,0.7724861640533202,-8.01%,0.021453047434552456,0.055455087200790884,0.00018043075761487194,0.1390801886792453,0.0,4.01%,
FUL,H.B. Fuller Company,Materials,55.52,25.2,54.9,3.22B,5191536640.0,0.6213429679536013,6.16%,0.029321941086374568,0.15174046209842326,0.05056753730405388,0.07459168965355548,0.0,55.1%,
LYFT,"Lyft, Inc.",Industrials,55.38,31.6,94.9,5.14B,4598787584.0,0.6374073273309544,23.17%,0.31494920350965827,0.016265160670212962,0.6614422006417949,-0.4943222929371982,1.0,20.15%,
CRVL,CorVel Corporation,Health Care,55.32,64.0,37.6,2.74B,2532058880.0,0.11746207686613072,3.59%,0.17430253344469354,0.16788951181847925,0.20079440660333994,0.23902993745519271,0.0,11.59%,
FTDR,"Frontdoor, Inc.",Consumer Discretionary,55.14,32.9,67.5,3.87B,4432932864.0,0.06256217335720543,8.25%,0.11904761904761904,0.24175824175824176,0.016611295681063124,0.30412371134020616,0.0,51.28%,
FIBK,"First Interstate BancSystem, Inc.",Financials,55.13,41.7,68.5,3.32B,3824291584.0,1.0389753978727803,8.37%,0.01133983468840792,,-0.08569055578054321,,,60.45%,金融・不動産セクター特化評価
CXM,"Sprinklr, Inc.",Information Technology,55.13,91.9,73.4,1.46B,1007548352.0,0.4182694212735495,9.74%,0.10269304399007262,0.05355263851812043,-0.03181316480120349,-0.13685211794944446,1.0,17.76%,
CVBF,CVB Financial Corp.,Financials,55.01,50.4,68.7,2.58B,3237701632.0,0.8900191976591543,8.43%,0.01338988400910137,,0.03150388470636292,,,54.48%,金融・不動産セクター特化評価
LXP,Lexington Realty Trust,Real Estate,54.99,38.6,57.7,2.73B,4020487936.0,0.7464721816156846,6.53%,0.03199301559334378,1.1141599186815445,-0.07969428451294092,0.2460443416922394,0.0,64.97%,金融・不動産セクター特化評価
DIOD,Diodes Incorporated,Information Technology,54.89,55.9,44.6,3.16B,2907707648.0,0.5936893123942025,4.56%,0.027017278705935215,0.155513257444134,0.025906001849740245,0.14014207131267561,0.0,72.3%,
ARR,Armour Residential REIT,Real Estate,54.88,2.9,50.0,1.93B,17818439680.0,1.1708432218331448,,0.015362273620494851,,0.5504304598635675,,,41.6%,金融・不動産セクター特化評価
PRVA,"Privia Health Group, Inc.",Health Care,54.73,70.6,49.3,2.48B,2059811584.0,0.2977163418420974,5.43%,0.016736795829931546,0.020793822620807388,0.2056686884730622,0.8202886597938144,0.0,16.15%,
NHC,"National Healthcare, Corp.",Health Care,54.5,66.7,42.8,2.5B,2339631104.0,0.42706173674140596,4.33%,0.07862520055109377,0.14081280500941837,0.0013054068113372286,0.17090528576437589,0.0,84.18%,
KOP,"Koppers Holdings, Inc.",Materials,54.23,77.9,53.5,0.74B,1732724480.0,0.7707549759296712,5.97%,0.029679881280474878,0.11754376629596126,-0.0017987514548725003,0.03708920187793427,0.0,90.43%,
PBH,Prestige Consumer Healthcare,Health Care,54.22,41.9,63.1,2.85B,3819132160.0,0.6443807602094185,7.28%,0.06307796854875261,0.3181632010912651,0.02525330601910489,-0.03173915369389611,1.0,6.13%,
HMN,Horace Mann Educators Corporation,Financials,54.21,52.0,80.4,1.72B,3107315968.0,0.8615469676335857,11.45%,0.010617950296726186,,0.05375557365507531,,,36.99%,金融・不動産セクター特化評価
ASTH,"Astrana Health, Inc.",Health Care,54.19,79.2,91.8,1.35B,1624282496.0,0.5793764855048604,16.95%,0.01013539247320794,0.04251817149516511,0.63751629278748,-0.04624159275813934,1.0,36.54%,
CTS,CTS Corporation,Information Technology,54.15,83.6,44.2,1.39B,1372846720.0,0.39700603747680124,4.53%,0.08545866800294645,0.2265174998799227,-0.0014580097122259862,0.18198555991478615,0.0,53.9%,
LCII,LCI Industries,Consumer Discretionary,54.13,39.5,51.4,2.94B,3949590784.0,0.4633727993894284,5.58%,0.05927291264101522,0.09995349364158372,0.09715832757288308,0.1979472567092141,0.0,56.14%,
LPG,Dorian LPG Ltd.,Energy,54.12,75.7,62.1,1.43B,1804649856.0,0.733843990092748,7.12%,0.05069572925977748,0.5461468044583592,-0.03210071542643156,-0.5340097995856423,1.0,76.77%,
BANF,Bancfirst Corp,Financials,54.02,99.6,59.1,3.58B,-775169152.0,0.5179217145377758,6.62%,0.01621482141558673,,0.09477270483773653,,,23.23%,金融・不動産セクター特化評価
BJRI,"BJ's Restaurants, Inc.",Consumer Discretionary,54.01,87.9,44.4,0.74B,1203367296.0,0.497281105003529,4.56%,0.04806515305946595,0.09235837229813469,-0.02459887192333997,0.4939880222905635,0.0,33.84%,
PARR,"Par Pacific Holdings, Inc.",Energy,54.0,34.4,65.7,3.25B,4322174464.0,0.4652689018715707,7.56%,0.09635392959627137,0.0943887523192648,0.0011276003291402165,3.0177857611267926,0.0,98.04%,
EFC,"Ellington Financial, Inc.",Financials,54.0,2.2,50.0,1.44B,18032056320.0,1.2740597138845375,,0.00758898790931183,,0.1860560636410013,,,14.33%,金融・不動産セクター特化評価
QDEL,QuidelOrtho,Health Care,53.83,45.0,50.0,1.01B,3689948416.0,,,,,,,,1.34%,
HTH,Hilltop Holdings Inc.,Financials,53.74,45.4,11.0,2.16B,3669235456.0,1.0044638754267032,-2.57%,0.010450682404802425,,-0.026010059300611645,,,60.11%,金融・不動産セクター特化評価
JBGS,JBG Smith,Real Estate,53.57,40.4,97.0,0.91B,3870136576.0,1.265271176800151,34.12%,-0.031690279661938145,0.3069988247044713,-0.125952387591773,-0.009781279717429698,0.0,14.7%,金融・不動産セクター特化評価
ENOV,Enovis,Health Care,53.56,62.9,68.0,1.25B,2594491648.0,1.192585377567017,8.36%,-0.3088712472328611,-0.36930556228978995,-0.1873451532038916,-0.7259223995276782,1.0,4.16%,
PLMR,"Palomar Holdings, Inc.",Financials,53.54,53.3,79.7,3.12B,3018379008.0,0.302314861965084,11.35%,0.0645926357118907,,0.3486606077216186,,,13.33%,金融・不動産セクター特化評価
FULT,Fulton Financial Corporation,Financials,53.53,36.6,67.3,3.54B,4192806912.0,0.9852761372738236,8.03%,0.012192668377005082,,0.0014526776006717425,,,61.78%,金融・不動産セクター特化評価
FTRE,Fortrea,Health Care,53.43,76.5,94.6,0.85B,1790644992.0,0.6644694624881412,23.12%,-0.3631476230806054,-0.29874421678783875,-0.24125502905677246,-11.653188180404355,1.0,34.69%,
LRN,"Stride, Inc.",Consumer Discretionary,53.42,45.2,22.2,3.75B,3677810432.0,0.3940672649247539,1.37%,0.12552142387897952,0.2113617456659559,0.19448102412696924,0.3164535984235453,0.0,22.61%,
CPF,Central Pacific Financial Corp.,Financials,53.39,97.4,77.6,0.85B,548472832.0,0.7008725085134967,10.92%,0.010457211474157744,,-0.008411963657854503,,,70.72%,金融・不動産セクター特化評価
GEO,"GEO Group, Inc.",Industrials,53.17,40.6,6.8,2.25B,3858832640.0,0.6706829759963403,-6.75%,0.06618028515811389,0.23866323598762554,0.0582426598533072,0.7669860847742785,0.0,21.45%,
PFS,"Provident Financial Services, Inc.",Financials,53.07,26.5,90.4,2.69B,5064477696.0,1.0528329210372054,16.01%,0.011655393301471416,,0.038620146288275425,,,64.83%,金融・不動産セクター特化評価
CVCO,"Cavco Industries, Inc.",Consumer Discretionary,53.03,48.0,34.1,3.64B,3417461504.0,0.2926090225450164,3.07%,0.12159144631374653,0.11453773782435556,0.038758344656466,0.05239020031547179,0.0,22.73%,
MBIN,Merchants Bancorp,Financials,52.87,22.4,1.9,1.94B,5461028352.0,1.1739446241642812,-19.39%,0.011248426199819703,,0.03420292281098125,,,70.68%,金融・不動産セクター特化評価
CSR,Centerspace Trust,Real Estate,52.82,70.2,73.8,1.02B,2103984512.0,0.7076275846984242,9.9%,0.009130568637091177,0.6668518098968801,0.006510923563534021,0.3958817770162771,0.0,30.57%,金融・不動産セクター特化評価
OI,"O-I Glass, Inc.",Materials,52.63,17.1,93.5,1.57B,6148706304.0,0.8219297420452649,20.56%,-0.013956507627393703,0.11998132586367881,0.06806101224867113,-0.10244470314318975,1.0,13.28%,
CXW,CoreCivic,Industrials,52.46,51.1,15.7,2.03B,3152688384.0,0.6911766245094451,-0.06%,0.03577285650111169,0.1575220854728376,0.11079948060824908,0.21198097352369089,0.0,47.44%,
AGYS,"Agilysys, Inc.",Information Technology,52.33,73.7,28.0,1.98B,1911456640.0,0.13442316900159315,2.21%,0.05346824136105164,0.12757597306475488,0.2395342864480781,0.34698333652556984,0.0,8.17%,
ARI,Apollo Commercial Real Estate Finance,Real Estate,52.27,7.9,33.4,1.46B,9261063168.0,1.2747718466838551,2.91%,0.012798749859483422,,0.1770623417139516,,,77.78%,金融・不動産セクター特化評価
OII,"Oceaneering International, Inc.",Energy,52.16,42.5,54.0,3.62B,3794302720.0,0.2953514730421052,6.02%,0.13263116298635225,0.1526969034781097,0.14163435482828535,0.1606875689370857,0.0,88.66%,
FRPT,Freshpet,Consumer Staples,52.16,54.2,15.4,2.74B,2960776960.0,0.4405106716668643,-0.12%,0.07826468478856999,0.15844974886911703,0.12883347154509747,0.3089505247376312,0.0,21.31%,
IART,Integra Lifesciences Holdings,Health Care,52.1,64.9,55.4,0.72B,2488094208.0,1.455272786840295,6.2%,-0.14338530166982186,-0.19900076135380326,-0.10784673593855884,-2.6835758039816233,1.0,3.51%,
PEB,Pebblebrook Hotel Trust,Real Estate,51.97,42.1,90.7,1.39B,3806962944.0,1.7698746964037577,16.04%,-0.01230532140502534,0.18507072645749637,-0.0606259456227612,-0.10874382749290958,1.0,81.65%,金融・不動産セクター特化評価
DFIN,"Donnelley Financial Solutions, Inc.",Financials,51.94,84.9,65.2,1.21B,1329470464.0,0.3122691909049925,7.52%,0.04047976011994003,0.160625814863103,-0.04895437262357415,-0.41249403910348115,1.0,29.78%,金融・不動産セクター特化評価
BOX,"Box, Inc.",Information Technology,51.84,43.2,75.5,3.3B,3768489728.0,0.05964956096896575,10.53%,0.07463035069790305,0.12090434256697584,-0.07283870658222989,0.2558453475445129,0.0,8.49%,
INDB,Independent Bank Corp.,Financials,51.81,43.4,58.6,3.61B,3766501888.0,0.9872751556564933,6.62%,0.00823356706502528,,0.28592213152303153,,,61.92%,金融・不動産セクター特化評価
OPLN,"OPENLANE, Inc.",Industrials,51.79,23.7,55.6,2.84B,5348350976.0,0.4363360059168668,6.3%,0.037614038058548356,0.15611269061773067,0.02206693637366679,0.09858130229174245,0.0,65.78%,
RCUS,"Arcus Biosciences, Inc.",Health Care,51.77,77.0,50.0,2.54B,1780087424.0,,,,,,,,69.25%,
CURB,Curbline Properties Corp.,Real Estate,51.71,57.7,43.5,2.7B,2838151168.0,0.7066419966129858,4.43%,0.016126472291166455,0.6820217285516669,0.21479141684267064,1.349582776092976,0.0,60.63%,金融・不動産セクター特化評価
ARLO,Arlo Technologies,Information Technology,51.58,85.7,46.0,1.44B,1280500864.0,0.08888501572774121,4.78%,0.04806342336772415,0.018896763064971085,0.04071045576407507,1.315600151457781,0.0,46.45%,
DEI,Douglas Emmett,Real Estate,51.57,9.9,96.3,1.86B,8310693376.0,1.02220055037044,26.48%,0.0017513655257148843,0.6515823988876295,-0.012284419962355244,0.05329282312366563,0.0,0.76%,金融・不動産セクター特化評価
NX,Quanex Building Products Corporation,Industrials,51.54,79.4,76.4,0.8B,1623088256.0,0.9069230457813405,10.71%,-0.12742698654071952,-0.04534998947019576,-0.15154617577123428,-1.6775200604863296,1.0,53.52%,
AL,Air Lease Corporation,Industrials,51.43,0.7,28.5,7.26B,26523623424.0,1.1670631947274237,2.24%,0.03309807691003562,0.877401932322617,0.01876816878026994,0.527867743054934,0.0,99.4%,
AHCO,AdaptHealth Corp.,Health Care,51.42,49.3,91.1,1.52B,3326568960.0,0.9975799652151861,16.19%,-0.016400495114531722,0.14562305827344627,-0.037970138715701346,-0.24759522372659512,1.0,96.01%,
MCY,Mercury General,Financials,51.37,44.5,98.8,4.76B,3699968768.0,0.507348084799331,52.95%,0.0565958302708733,,0.15041419232616726,,,73.51%,金融・不動産セクター特化評価
FWRD,Forward Air Corp.,Industrials,51.37,62.3,85.7,0.51B,2614432000.0,0.2211845186573388,12.9%,-0.03964627443595749,0.07462091973205276,-0.029863617923237405,1.2031203123585184,0.0,28.44%,
FBK,FB Financial Corp.,Financials,51.36,77.4,48.4,2.74B,1767215488.0,0.7115769562659006,5.37%,0.007522687323638129,,0.23886105259349774,,,52.6%,金融・不動産セクター特化評価
MGEE,"MGE Energy, Inc.",Utilities,51.08,44.1,9.8,2.78B,3714774528.0,0.4682489346842609,-3.21%,0.04306526547971427,0.4098371016628701,0.1157941115836545,0.11772579911690065,0.0,18.1%,
ALG,Alamo Group,Industrials,51.04,73.2,52.8,2.03B,1934887040.0,0.5652606970999331,5.87%,0.06460846898076454,0.13079630732393224,0.10779787889088926,-0.060467616232195646,1.0,13.9%,
EPRT,"Essential Properties Realty Trust, Inc.",Real Estate,51.01,8.6,45.6,6.39B,8870639616.0,0.6569702581706094,4.7%,0.03686611570440606,0.9195340856243285,0.1835487788431923,0.2743134693595344,0.0,40.33%,金融・不動産セクター特化評価
HCSG,"Healthcare Services Group, Inc.",Industrials,50.92,89.5,52.3,1.3B,1146300544.0,0.3916490477689111,5.74%,0.07435791869844999,0.046932978004793235,-0.010611979491063465,0.16575631388242928,0.0,67.58%,
MPT,Medical Properties Trust,Real Estate,50.81,4.4,96.7,2.72B,11939538944.0,1.6904737190630128,32.03%,-0.018467747983155328,0.8359810786175621,0.049471919244436044,-0.03331330783552127,1.0,23.02%,金融・不動産セクター特化評価
FOXF,Fox Factory,Consumer Discretionary,50.79,82.9,61.4,0.71B,1426911488.0,0.9479485033337806,7.01%,-0.3257540456133068,-0.2932637098494467,-0.25194291360075316,-4.076711878221949,1.0,20.88%,
MKTX,MarketAxess,Financials,50.77,21.7,38.1,6.1B,5511205376.0,0.18779617475269006,3.68%,0.12746332342060462,0.5349416496901691,0.0814155473682328,0.02280563023881069,1.0,10.37%,金融・不動産セクター特化評価
ECPG,"Encore Capital Group, Inc.",Financials,50.67,22.8,2.8,1.54B,5400810496.0,0.6358824800690376,-15.85%,0.0480980561069703,0.364875209322468,0.11484386694946624,2.7091281084591468,0.0,88.14%,金融・不動産セクター特化評価
GSHD,"Goosehead Insurance, Inc.",Financials,50.67,86.2,39.3,1.5B,1263868288.0,-0.0635084966261018,3.81%,0.06708463496471133,,0.04328145393093979,,,0.89%,金融・不動産セクター特化評価
MMI,"Marcus & Millichap, Inc.",Real Estate,50.52,94.5,24.5,0.98B,814058560.0,0.6135279890584994,1.75%,-0.0023078410986725984,0.021043334092558357,-0.04899977006208324,2.633889778184313,0.0,10.43%,金融・不動産セクター特化評価
GTY,Getty Realty Corp.,Real Estate,50.52,56.4,56.8,1.9B,2900638976.0,0.5645235692751189,6.47%,0.03643745559886775,0.8525935046250569,0.10117546917433425,0.10708784998565213,0.0,72.69%,金融・不動産セクター特化評価
LIF,Life360,Information Technology,50.33,55.7,26.9,3.1B,2909085696.0,0.17708044844025367,2.04%,0.15716774618417653,0.06671556199321323,1.1733049504053625,14.309892170651665,0.0,10.83%,
REX,REX American Resources Corporation,Energy,50.29,85.1,50.0,1.58B,1313635968.0,,,,,,,,99.97%,
MC,Moelis & Company,Financials,50.27,40.8,87.1,4.02B,3856695296.0,0.14152065273443198,13.44%,0.13387660604876817,0.18838525418052263,0.2623392238653571,0.5581196254955314,0.0,23.32%,金融・不動産セクター特化評価
RES,"RPC, Inc.",Energy,50.01,82.2,50.0,1.62B,1462145536.0,,,,,,,,98.62%,
MTCH,Match Group,Communication Services,49.9,5.7,84.8,7.02B,9978646528.0,-0.03610794000565038,12.45%,0.1375189399416384,0.27548371944573247,-0.0011106704754901226,0.009499530277651094,0.0,26.15%,
LKFN,Lakeland Financial,Financials,49.86,81.8,61.7,1.47B,1492483072.0,0.5176670036069896,7.05%,0.01478693486229371,,0.04666525115245118,,,33.56%,金融・不動産セクター特化評価
MWA,Mueller Water Products,Industrials,49.84,36.2,37.1,4.23B,4221359104.0,0.2321539790748374,3.57%,0.10424710424710425,0.22389312443169895,0.12409071459135644,0.2798880447820872,0.0,55.95%,
LKQ,LKQ Corporation,Consumer Discretionary,49.78,3.9,74.8,7.45B,12210759680.0,0.8778028932563837,10.19%,0.040100416198718375,0.10563328693868582,0.01216984286191909,-0.08152866242038216,1.0,9.73%,
HLIT,Harmonic Inc.,Information Technology,49.75,90.4,86.2,1.05B,1043149312.0,0.3640440232787557,13.08%,-0.06027978393364909,0.06585432829528214,-0.09795657534280972,-0.7366097182161083,1.0,36.07%,
ADNT,Adient,Consumer Discretionary,49.75,43.6,82.2,1.6B,3743178496.0,1.1018095811105146,11.88%,-0.0313826222917132,0.030134158926728587,-0.04245535236873062,-0.3323170731707317,1.0,59.09%,
ROG,Rogers Corporation,Information Technology,49.58,76.8,50.0,1.95B,1782699520.0,,,,,,,,94.33%,
JJSF,J&J Snack Foods Corp.,Consumer Staples,49.56,79.6,40.2,1.52B,1612517376.0,0.636859066253186,3.88%,0.04748096454508538,0.10185108572143203,0.0120137630841967,-0.15738815095049485,1.0,8.82%,
REYN,Reynolds Consumer Products,Consumer Staples,49.51,18.2,50.0,4.4B,5944076800.0,,,,,,,,3.51%,
EXTR,"Extreme Networks, Inc.",Information Technology,49.5,71.5,60.7,2.05B,2041285120.0,0.03200854152498781,6.93%,-0.006474924949142313,0.03457603807495525,0.10610458145740335,2.2688791604970064,0.0,40.34%,
RDN,"Radian Group, Inc.",Financials,49.44,38.8,50.0,4.44B,4003293696.0,,,,,,,,34.35%,金融・不動産セクター特化評価
CBU,"Community Bank System, Inc.",Financials,49.38,47.8,66.1,2.99B,3447941376.0,0.6698571200146485,7.79%,0.012162711659096626,,0.055977635602589615,,,40.75%,金融・不動産セクター特化評価
LGND,"Ligand Pharmaceuticals, Inc.",Health Care,49.12,46.3,28.3,3.9B,3616114176.0,0.26095111588481723,2.23%,0.07974500156026033,0.7365146389045347,0.6571247454272469,3.8401725743981956,0.0,75.85%,
JXN,"Jackson Financial, Inc.",Financials,49.11,10.5,95.3,7.17B,8085143040.0,1.3886983155201331,23.77%,7.657706205010976e-05,,0.04176687841630965,,,62.3%,金融・不動産セクター特化評価
ASTE,"Astec Industries, Inc.",Industrials,49.07,82.0,11.2,1.2B,1482795520.0,0.5704445172792556,-2.47%,0.028379169104739616,0.07650311968235961,0.3100804906094289,1.0992217898832686,0.0,64.78%,
FBNC,First Bancorp (Southern Pines NC),Financials,49.05,70.4,69.9,2.29B,2068366976.0,0.7226186418254525,8.69%,0.00876579005345531,,0.04285957482959317,,,73.53%,金融・不動産セクター特化評価
PTEN,"Patterson-UTI Energy, Inc.",Energy,48.93,25.4,72.4,4.31B,5180114432.0,0.746418713006826,9.5%,-0.01680918616144502,0.18807783659966054,-0.0450846889310746,2.164212764474189,0.0,96.68%,
RAL,Ralliant Corp,Information Technology,48.9,23.2,50.0,4.5B,5365582336.0,,,,,,,,13.42%,
PRAA,"PRA Group, Inc.",Financials,48.89,34.0,0.7,0.66B,4341274624.0,1.4904711554234384,-78.35%,-0.05979281730606064,-0.1052053791967798,0.03491413269305061,-1.610391721816304,1.0,56.12%,金融・不動産セクター特化評価
AZZ,"AZZ, Inc.",Industrials,48.8,35.5,42.5,3.69B,4231922432.0,0.2834390983276325,4.33%,0.05784784794223522,0.21180242168564736,0.014391222065082976,0.05552589934647542,0.0,73.73%,
ABCB,Ameris Bancorp,Financials,48.8,29.6,62.4,5.18B,4787968000.0,0.7862046756658106,7.13%,0.014978769168159229,,0.04774299797616713,,,69.55%,金融・不動産セクター特化評価
FIZZ,National Beverage Corp.,Consumer Staples,48.79,57.2,39.5,3.11B,2857951744.0,0.14257224323950185,3.86%,0.27765211188062894,0.21330931598845967,-0.12632944363003196,0.07369558932589212,0.0,12.29%,
AMTM,Amentum,Industrials,48.78,5.0,74.3,6.3B,10097285120.0,0.7147067265215797,10.12%,0.005759162303664921,0.06857500173695547,-0.04292634040420912,0.7438162544169611,0.0,44.48%,
LMAT,LeMaitre Vascular,Health Care,48.64,68.0,25.9,2.43B,2255101184.0,0.1620321423387552,1.95%,0.0937712160340431,0.3637230470909688,0.115750330272536,0.36135436660268716,0.0,80.16%,
OGN,Organon & Co.,Health Care,48.47,6.4,85.0,1.52B,9746243584.0,0.494657613576335,12.51%,0.014533302246055802,0.20752895752895753,-0.017861231967025416,-0.19576059850374064,1.0,0.1%,
CPRX,"Catalyst Pharmaceuticals Partners, Inc.",Health Care,48.27,69.7,53.3,2.88B,2151314944.0,0.33178661739783677,5.96%,0.19413956243732897,0.5019635341237273,0.29664639052114666,0.2694441343420725,1.0,57.77%,
GDEN,Golden Entertainment,Consumer Discretionary,48.14,89.7,51.6,0.68B,1141444096.0,0.6153525943742694,5.62%,-0.005935659533005135,0.17610814744113742,-0.05724757525192008,-0.43446528283563973,1.0,48.14%,
AUB,"Atlantic Union Bankshares, Corp.",Financials,48.07,20.6,98.6,4.98B,5673618432.0,1.0059231343252872,44.71%,0.007282413437814763,,0.5287882937311826,,,61.77%,金融・不動産セクター特化評価
AKR,Acadia Realty Trust,Real Estate,48.0,30.3,58.9,2.66B,4739023360.0,0.8367488578107984,6.62%,0.0034929644551173916,0.5189662014280949,0.10659514097149,-0.111121767340233,1.0,33.27%,金融・不動産セクター特化評価
CWST,"Casella Waste Systems, Inc.",Industrials,47.96,18.9,29.9,4.76B,5883396096.0,0.32944289000505367,2.39%,0.0023827499919777824,0.2065546228552172,0.022680017881976478,0.2029194118057361,0.0,0.04%,
MTX,Minerals Technologies,Materials,47.79,56.1,83.9,2.2B,2905446144.0,0.7803820788552197,12.27%,-0.005304122225425195,0.06354337547042362,0.02212793541353605,-0.6487063216857829,1.0,81.44%,
AVA,Avista Corporation,Utilities,47.79,15.4,8.2,3.29B,6584114688.0,0.8246287603509813,-4.66%,0.023088886230410336,0.3329938900203666,0.05263820677496537,0.08637873754152824,0.0,55.5%,
HNI,HNI Corporation,Industrials,47.69,41.4,55.8,2.48B,3828196864.0,0.7416217205225712,6.34%,0.011095189355168884,0.08224727016555125,1.605194389632553,-0.2570792236716513,1.0,3.37%,
BXMT,"Blackstone Mortgage Trust, Inc.",Financials,47.44,2.0,50.0,3.18B,18942631936.0,1.1000359032784772,,0.005477643143165012,,0.010150058415949334,,,53.18%,金融・不動産セクター特化評価
CWK,Cushman & Wakefield plc,Real Estate,47.42,26.8,90.9,2.74B,5048196096.0,0.7147881209646951,16.18%,0.01148946148034286,0.05065025952061585,0.016875960366661367,-0.15185546875,1.0,42.62%,金融・不動産セクター特化評価
RDNT,"RadNet, Inc.",Health Care,47.38,20.4,50.0,4.36B,5715555840.0,,,,,,,,27.3%,
FBP,First BanCorp (Puerto Rico),Financials,47.37,54.6,86.9,3.27B,2950509568.0,0.6022341814169524,13.4%,0.018024771163711165,,-0.008294700424057094,,,63.44%,金融・不動産セクター特化評価
AWR,American States Water Company,Utilities,47.37,41.0,10.5,2.94B,3854646528.0,0.3562343068713357,-2.89%,0.04804330755642903,0.40337014282609984,0.08594601491315326,0.08767911362062536,0.0,41.88%,
CHCO,City Holding Company,Financials,47.27,71.7,65.0,1.71B,2039191936.0,0.4723485365250635,7.49%,0.01941158146259055,,0.040647212096245215,,,54.93%,金融・不動産セクター特化評価
CPK,Chesapeake Utilities Corp.,Utilities,47.25,31.8,6.1,2.98B,4597265408.0,0.5367651913205889,-7.25%,0.03512065685391008,0.40118279569892473,0.11680178920883422,0.1969842797561758,0.0,35.11%,
ADEA,"Adeia, Inc.",Information Technology,47.05,55.3,57.9,2.68B,2928991232.0,0.1794453915000213,6.53%,0.10687451109060592,0.5409800940940851,-0.053424484111912904,0.16153604028958138,0.0,99.49%,
BKU,"BankUnited, Inc.",Financials,46.98,27.9,50.0,3.34B,4994638336.0,0.9130637890814619,,0.0076585960208109425,,-0.005740096502607618,,,68.2%,金融・不動産セクター特化評価
PBI,"Pitney Bowes, Inc.",Industrials,46.96,47.1,74.5,1.75B,3490890240.0,-0.45870625617614963,10.12%,0.04566085117756633,0.2142834121214459,-0.06727414970231192,1.354451617397766,0.0,60.77%,
CARG,CarGurus,Communication Services,46.95,49.1,58.2,3.34B,3332887040.0,0.11197442812612346,6.57%,0.23553966855870323,0.30131866193300844,-0.19724911950478816,0.4067969361281555,0.0,70.14%,
IOSP,"Innospec, Inc.",Materials,46.55,80.7,20.3,1.8B,1555961472.0,0.7379144821296688,0.97%,0.06363239467365205,0.11242969628796401,0.056320977690666976,-0.10997328584149599,1.0,19.69%,
GRBK,"Green Brick Partners, Inc.",Consumer Discretionary,46.51,53.9,33.6,2.7B,2967385344.0,0.6893521740038476,2.97%,0.12357151564621127,0.19755050224663576,0.12656611528741854,-0.13963315166634152,1.0,37.27%,
CASH,"Pathward Financial, Inc.",Financials,46.49,78.7,82.9,1.97B,1639241344.0,0.43662804355105583,12.04%,0.025915098327687573,,-0.04775254755797816,,,74.41%,金融・不動産セクター特化評価
AWI,"Armstrong World Industries, Inc.",Industrials,46.26,13.2,35.0,6.99B,7330197504.0,0.1287804483590808,3.26%,0.16038863199459655,0.34162142152023695,0.04449991859770988,0.1297694348092226,0.0,47.55%,
CALX,Calix,Information Technology,46.24,55.5,36.7,3.33B,2926242304.0,0.25783937027741866,3.52%,0.016895255837856938,0.03869961300386996,0.12696602776420338,2.6479305058763414,0.0,49.81%,
HE,"Hawaiian Electric Industries, Inc.",Utilities,46.16,27.4,51.9,2.53B,5018539520.0,0.6341634207234702,5.64%,0.014152494951461293,0.18701277918012138,-0.0009558394771892833,1.4194423555482898,0.0,67.43%,
MCW,"Mister Car Wash, Inc.",Consumer Discretionary,46.1,38.4,12.1,2.29B,4031447040.0,0.49487373993051376,-1.81%,0.03248424745472778,0.27376201709372455,0.023000223096554383,0.09260362551751093,0.0,59.15%,
ACA,"Arcosa, Inc.",Industrials,46.08,15.8,22.7,5.04B,6412177408.0,0.5236425345796449,1.52%,0.04180373906764021,0.19875841021016855,0.014179635845793917,0.4475877746905784,0.0,55.24%,
PTCT,"PTC Therapeutics, Inc.",Health Care,46.04,16.2,39.7,5.47B,6235586048.0,-0.03750767950798021,3.87%,0.23549460856978158,0.5129063851547535,0.700132666754251,8.368768833583756,0.0,58.55%,
MHO,"M/I Homes, Inc.",Consumer Discretionary,46.04,48.2,24.8,3.1B,3391742976.0,1.0213825680435589,1.76%,0.08434801266452102,0.12922664115763094,0.04996465775608401,-0.20878918322601747,1.0,31.23%,
APLS,"Apellis Pharmaceuticals, Inc.",Health Care,46.02,69.3,14.3,2.17B,2175847680.0,0.17063177277407515,-0.71%,0.02082106882354637,0.0697312763129843,0.21490964927444858,1.4529599813626008,0.0,6.05%,
EAT,"Brinker International, Inc.",Consumer Discretionary,46.0,11.4,47.0,5.94B,7569672192.0,0.062450322612069384,5.11%,0.14302247442693944,0.1336688830281193,0.03297211831398712,0.7961068130771151,0.0,38.44%,
IRDM,Iridium Communications,Communication Services,45.98,31.4,68.2,2.93B,4629018112.0,0.15763695989774623,8.37%,0.0451883023726901,0.5085383160157814,-0.05257852321810718,0.09708572064992761,0.0,69.59%,
BKE,"The Buckle, Inc.",Consumer Discretionary,45.83,63.2,67.1,2.52B,2583454720.0,0.16810958705884144,7.92%,0.21405363496292598,0.217097304812641,0.026256167046897653,-0.09432352709420362,1.0,56.56%,
CHEF,"Chefs' Warehouse, Inc.",Consumer Staples,45.83,49.8,32.7,2.43B,3276042752.0,0.24898555820559007,2.84%,0.03568084331069863,0.05379780924956206,0.0910942163059917,0.1558188059500572,0.0,50.17%,
LTH,"Life Time Group Holdings, Inc.",Consumer Discretionary,45.77,6.6,8.9,5.78B,9745184768.0,0.5411567543836014,-4.2%,0.04666249830949265,0.2596233041927983,0.11959588604714663,0.2301206648907562,0.0,16.59%,
RNG,"RingCentral, Inc.",Information Technology,45.48,34.2,50.0,3.03B,4331284992.0,,,,,,,,67.66%,
AAMI,Acadian Asset Management Inc.,Financials,45.48,71.1,57.2,1.87B,2049032448.0,0.03248576270172308,6.51%,0.11816838995568685,0.3219797764768494,-0.03725824800910125,0.10941320293398533,0.0,86.04%,金融・不動産セクター特化評価
PJT,"PJT Partners, Inc.",Financials,45.45,40.1,70.1,5.42B,3875657472.0,0.05682571474477625,8.86%,0.09771599077715991,0.2299776328128328,0.12713977695076356,0.23730766453492572,0.0,22.07%,金融・不動産セクター特化評価
BCPC,Balchem Corporation,Materials,45.43,22.6,30.1,5.41B,5452755968.0,0.23255770993626712,2.52%,0.09182791184235808,0.2458046532794812,0.07038405556532398,0.10385184928600501,0.0,62.11%,
DFH,"Dream Finders Homes, Inc.",Consumer Discretionary,45.32,57.9,5.1,1.24B,2806344960.0,1.266580511735838,-7.9%,0.058269062992624514,0.06910097232195071,0.11981820863767334,-0.3362626570113788,1.0,0.0%,
PAYO,Payoneer Global Inc.,Financials,45.31,88.6,13.3,1.7B,1174775296.0,0.4134483338328017,-0.84%,0.008171860961801418,0.23173559355058698,0.129402248063775,4.144334836993341,0.0,17.99%,金融・不動産セクター特化評価
PRK,Park National Corp.,Financials,45.3,59.4,59.8,2.87B,2734746112.0,0.47144103335591653,6.69%,0.018365401453317807,,-3.4368992437801814e-05,,,50.25%,金融・不動産セクター特化評価
AORT,Artivion,Health Care,45.29,74.1,13.1,1.69B,1883428736.0,0.26525386047596755,-1.19%,0.011039832910637029,0.14460834296331543,0.12127091462309642,0.2521582169204207,0.0,50.68%,
RITM,Rithm Capital,Financials,45.16,0.2,50.0,5.08B,45452656640.0,,,,,,,,16.47%,金融・不動産セクター特化評価
CRI,"Carter's, Inc.",Consumer Discretionary,44.99,72.8,40.7,1.27B,1970277376.0,0.7288923232057742,4.03%,0.03578135780188425,0.07014979854583142,0.05437481274404922,-0.36474352164866,1.0,54.32%,
FDP,"Fresh Del Monte Produce, Inc.",Consumer Staples,44.97,67.3,50.7,2.0B,2313143552.0,1.0069717405272698,5.51%,0.029650212487741093,0.04964949216852139,-0.012014727730766747,-0.19805680119581465,1.0,88.55%,
HUBG,"Hub Group, Inc.",Industrials,44.96,62.7,32.0,2.17B,2595810304.0,0.7594809733205307,2.73%,0.03627285858072064,0.08604623466003107,-0.023059576362367495,-0.16585111818574855,1.0,20.57%,
JOE,St. Joe Company,Real Estate,44.88,39.0,35.5,3.55B,3986841600.0,0.21605906497073518,3.29%,0.07614924928840787,0.4541019316273288,-0.01309524273775587,0.3070318589926928,0.0,63.66%,金融・不動産セクター特化評価
ALGT,Allegiant Travel Company,Industrials,44.84,64.5,20.8,1.47B,2510582528.0,0.7184958297036682,1.02%,-0.01061837539355362,0.12542953810339147,-0.049765082498222854,4.372122446967581,0.0,50.64%,
CZR,Caesars Entertainment,Consumer Discretionary,44.56,0.4,86.4,5.28B,30178019328.0,0.6641155572229135,13.14%,-0.015866493884130344,0.28669684833710607,-0.02918073028536361,-0.07939614201845122,1.0,58.24%,
ENPH,Enphase Energy,Information Technology,44.48,30.9,18.9,4.96B,4691708416.0,0.2191234364908037,0.76%,0.04904364703093517,0.19686554852900742,0.08004367204607475,0.37788484839845476,0.0,31.23%,
DAN,Dana Incorporated,Consumer Discretionary,44.47,14.7,71.3,3.57B,6670327808.0,0.23555381222802285,9.17%,0.010886270491803279,0.06746666666666666,0.043013625434143735,1.7058823529411764,0.0,85.75%,
QRVO,Qorvo,Information Technology,44.4,12.1,50.0,7.17B,7401444352.0,,,,,,,,49.07%,
IBP,"Installed Building Products, Inc.",Consumer Discretionary,44.37,10.7,42.3,7.08B,7703217152.0,0.10031873087989146,4.32%,0.1283365570599613,0.1796149185404605,0.003932229719889315,0.030513711857860178,0.0,56.26%,
ENVA,"Enova International, Inc.",Financials,44.22,11.0,99.1,3.24B,7689079296.0,0.4120491358973983,54.62%,0.04767600556054388,0.14232467850997557,0.22830822096905679,0.34088836940957723,0.0,51.71%,金融・不動産セクター特化評価
EYE,National Vision Holdings,Consumer Discretionary,44.15,61.4,50.5,2.0B,2652942848.0,0.43540856391815924,5.5%,0.014921776618987557,0.07986060796341915,-0.011999874487678126,0.7718068361947713,0.0,75.06%,
BOH,Bank of Hawaii,Financials,44.14,53.7,56.3,2.89B,2989368064.0,0.6410794653239096,6.38%,0.00851666528515206,,0.024373849471681718,,,65.8%,金融・不動産セクター特化評価
KALU,Kaiser Aluminum Corporation,Materials,44.0,55.0,9.3,1.86B,2933647872.0,0.44484093845018585,-4.13%,0.043863069245165316,0.09564186184405574,0.06427652599692933,0.30028214429665456,0.0,65.66%,
INDV,Indivior,Health Care,43.86,43.0,54.7,3.62B,3779140096.0,-0.02732436626017725,6.12%,0.17485428809325562,0.2453591606133979,-0.08738601823708207,2.4157303370786516,0.0,69.24%,
LW,Lamb Weston,Consumer Staples,43.57,7.2,75.7,5.8B,9639403520.0,0.2997552294396527,10.6%,0.0483185888591294,0.16626106366158758,0.0034749558843491244,-0.21827855112601122,1.0,7.28%,
MYRG,"MYR Group, Inc.",Industrials,43.55,36.4,49.5,4.25B,4203096832.0,0.15540301248536043,5.44%,0.07202573598957228,0.0638193231123197,0.10429512548327383,0.9748745844154746,0.0,90.99%,
RHP,Ryman Hospitality Properties,Real Estate,43.53,6.1,50.0,5.7B,9761821696.0,,,,,,,,48.3%,金融・不動産セクター特化評価
CRGY,Crescent Energy Company,Energy,43.28,5.5,2.3,4.49B,10021820416.0,1.148183133894141,-16.49%,0.010681008521356271,0.4656719319779808,0.3583324718587078,0.6720401850373324,0.0,95.55%,
BOOT,"Boot Barn Holdings, Inc.",Consumer Discretionary,43.04,27.0,16.4,4.55B,5043635712.0,0.24863464559899165,0.14%,0.08966309072105791,0.1591205920766217,0.18317921284809027,0.2203134091775517,0.0,50.82%,
LGIH,LGI Homes,Consumer Discretionary,43.01,65.4,3.0,0.87B,2473506304.0,2.401766490363425,-15.03%,0.0184740334310949,0.04930976415182843,0.04488664995447693,-0.6093080732529942,1.0,10.63%,
NWN,NW Natural,Utilities,42.9,29.2,5.6,2.2B,4839577088.0,0.6717659836908906,-7.41%,0.01837493864561627,0.3621447179731387,0.17819424734769548,0.341407780656949,0.0,94.36%,
NTCT,"NETSCOUT Systems, Inc.",Information Technology,42.7,77.2,72.9,2.3B,1769741312.0,0.6781552891789976,9.69%,-0.16780649947086268,-0.35839981329291254,-0.15748610373667496,-3.8436581078639134,1.0,97.03%,
MTRN,Materion Corp.,Materials,42.69,47.4,19.6,2.94B,3457374208.0,0.3207224036303226,0.84%,0.04150374888853512,0.10148442528896476,0.061950410925336,0.5320596238022004,0.0,70.23%,
REZI,"Resideo Technologies, Inc.",Industrials,42.54,9.6,50.0,5.04B,8388040704.0,,,,,,,,61.49%,
MTH,Meritage Homes Corporation,Consumer Discretionary,42.43,26.1,15.0,4.22B,5122406912.0,1.2299120167861592,-0.39%,0.05943268732861935,0.10406501706732144,0.06417076686937552,-0.40720469582408736,1.0,7.38%,
AX,"Axos Financial, Inc.",Financials,42.31,28.5,71.5,4.7B,4971724288.0,0.5700421258514788,9.27%,0.017467886757246216,,0.0843454748900191,,,60.07%,金融・不動産セクター特化評価
NEO,"NeoGenomics Laboratories, Inc.",Health Care,42.31,88.4,25.5,0.93B,1183187840.0,0.8963006536799238,1.84%,-0.07944007706845709,-0.05319578954315223,-0.16984221367269867,-24.606221045665123,1.0,27.38%,
KW,"Kennedy-Wilson Holdings, Inc.",Real Estate,42.3,14.9,64.5,1.51B,6669317120.0,1.014327036702614,7.42%,0.0007097017742544356,0.8183632734530938,-0.04864173765640488,0.062451412282974864,0.0,98.8%,金融・不動産セクター特化評価
AMRX,Amneal Pharmaceuticals,Health Care,42.16,16.4,47.7,3.78B,6207691776.0,-0.018727886523007158,5.21%,0.019589862653196604,0.2000397514211133,0.050503435010402845,0.3731447815122802,0.0,59.13%,
PZZA,Papa John's Pizza,Consumer Discretionary,42.12,73.0,62.6,1.04B,1954356480.0,-0.42575244888788005,7.17%,0.03645457715030782,0.08831984294539703,-0.05787039120222464,-0.19777454436095546,1.0,8.44%,
KRYS,"Krystal Biotech, Inc.",Health Care,42.11,16.0,21.7,7.17B,6354834944.0,0.17001412351248096,1.31%,0.15357019149883716,0.431336571325778,0.26325629499980113,0.5264000291009622,0.0,69.85%,
MRCY,Mercury Systems,Industrials,42.01,32.5,31.3,4.29B,4442713600.0,0.3438612875195896,2.61%,-0.01556783326843998,0.07130655029494967,0.02348097128720987,1.981926619356787,0.0,49.27%,
KN,Knowles Corporation,Information Technology,42.0,68.4,26.6,2.18B,2240902912.0,0.3565462471899854,2.04%,0.04205118447340881,0.19099797707349966,-0.060007154355213733,0.0780209324452902,0.0,80.06%,
CRK,"Comstock Resources, Inc.",Energy,41.9,5.3,7.9,6.89B,10084787200.0,0.3842121021163974,-4.87%,0.05996850035007539,0.7118496580757342,0.09792471032640213,1.1509239425938085,0.0,53.15%,
PHIN,"PHINIA, Inc.",Consumer Discretionary,41.83,50.7,52.6,2.58B,3205486592.0,0.6151429524311529,5.83%,0.034058160859313596,0.12517944300890038,0.013004246284501062,-0.02242152466367713,1.0,68.79%,
AOSL,"Alpha and Omega Semiconductor, Ltd.",Information Technology,41.64,94.7,7.0,0.66B,798495168.0,1.2531228257496392,-6.52%,-0.09375975898745338,0.053491859653356545,-0.09668885855444435,-0.32410701321330043,1.0,35.94%,
PRLB,Protolabs,Industrials,41.56,87.7,40.0,1.33B,1207283968.0,0.5058182716175579,3.88%,0.02782366078738301,0.1125716761672172,0.02676890218315239,-0.021026360433250686,1.0,67.27%,
IPAR,"Inter Parfums, Inc.",Consumer Staples,41.41,52.9,36.0,2.9B,3037706752.0,0.3033333881461193,3.42%,0.10622123478471507,0.2041519399613976,0.12328477864831523,-0.0022720258459356345,1.0,20.37%,
PRGO,Perrigo,Health Care,41.32,31.1,27.6,1.31B,4630398464.0,2.2377676325874463,2.16%,-0.16700253069641016,-0.18760433566104723,-0.11531245789151819,-2.8427251732101615,1.0,1.56%,
GVA,"Granite Construction, Inc.",Industrials,41.27,18.4,37.4,5.16B,5943856128.0,0.22863998845495348,3.58%,0.04788689341213127,0.11266733704323251,0.3320728900023301,0.41730852887740216,0.0,71.98%,
JBSS,"John B. Sanfilippo & Son, Inc.",Consumer Staples,41.14,92.3,34.6,0.91B,977364608.0,0.3977780618600649,3.17%,0.0986173094847248,0.10195205040253025,0.15910003394268535,0.034796956641305346,1.0,71.66%,
MSEX,Middlesex Water Company,Utilities,40.92,83.3,10.0,0.96B,1375391104.0,0.5163179028906848,-3.12%,0.03135449943876457,0.48503292345937726,0.08808579527619279,0.025743241041460738,1.0,33.29%,
MAN,ManpowerGroup,Industrials,40.77,63.8,7.2,1.32B,2537746432.0,1.5588435748155303,-6.52%,-0.0014519492145282256,0.015303139148303457,0.11694915254237288,-0.3659437009690817,1.0,9.51%,
MTUS,Metallus Inc,Materials,40.61,98.2,5.8,0.67B,527138656.0,1.0255050459871144,-7.37%,-0.0010524469391334855,0.052059052059052056,0.02104414793588251,-0.014705882352941176,1.0,47.95%,
MRTN,"Marten Transport, Ltd.",Industrials,40.27,91.7,10.3,1.05B,1008253376.0,0.7299008289151746,-3.1%,0.01836660991590569,0.13154273401746389,-0.019602439001731083,-0.16914697431058884,1.0,58.32%,
BHE,"Benchmark Electronics, Inc.",Information Technology,40.21,72.6,58.4,1.98B,1987128320.0,0.5543066860957401,6.58%,0.011995858503703454,0.048633601944712286,-0.03166634259795911,-0.17608832767375335,1.0,81.87%,
BL,"BlackLine Systems, Inc.",Information Technology,40.2,67.1,53.7,2.15B,2327817216.0,0.15477212797595274,5.98%,0.013934490050974158,0.14978291813422384,-0.035899017882386974,-0.4292087638260945,1.0,15.46%,
NE,Noble Corporation,Energy,40.18,7.7,45.8,7.94B,9593254912.0,0.5726598017912263,4.74%,0.02878136866652049,0.30819906938465436,-0.05461565233287398,0.041160751282417744,0.0,98.42%,
KWR,Quaker Chemical Corporation,Materials,40.16,56.6,42.1,2.16B,2892118016.0,0.6348997556089558,4.21%,-0.0008892269158408198,0.07652620888959957,0.07173963255880052,-0.48415120333786615,1.0,33.12%,
FMC,FMC Corporation,Materials,40.09,21.5,46.3,1.97B,5610660864.0,1.0511441319496992,4.81%,-0.23111941531092575,-0.42492934186998904,-0.1687161576549132,-3.216972615106831,1.0,11.01%,
AXL,"American Axle & Manufacturing, Inc.",Consumer Discretionary,39.84,52.4,88.1,2.12B,3092967680.0,0.30174268470122345,14.28%,-0.0029534346796198014,0.11343738756489112,0.31824739619360065,-0.07849686847599165,1.0,100.0%,
GO,Grocery Outlet,Consumer Staples,39.79,65.8,8.4,0.69B,2434042368.0,1.4174996234845658,-4.43%,-0.07276117652653635,-0.01862411781027773,-0.02606385174211148,-1.453994364322627,1.0,10.29%,
HTLD,"Heartland Express, Inc.",Industrials,39.78,93.2,10.7,0.79B,934534272.0,0.9541803919656763,-2.71%,-0.04401833810695886,0.12729161521095086,-0.10686243059469701,-0.36858954626608387,1.0,62.77%,
PLUS,"ePlus, Inc.",Information Technology,39.75,77.6,29.0,1.98B,1764119552.0,0.49394498726993863,2.33%,0.057288685036383076,0.08731968315763473,0.13990948726586347,-0.05320810490676003,1.0,52.38%,
PRKS,United Parks & Resorts,Consumer Discretionary,39.63,44.7,46.5,1.62B,3699763712.0,-0.268719181700856,4.9%,0.06434838247064337,0.3218839150971484,0.016590132492584255,-0.14063167428371387,1.0,3.39%,
MXL,"MaxLinear, Inc.",Information Technology,39.52,81.1,43.9,1.49B,1541890560.0,0.304237127122205,4.44%,-0.171624418003104,-0.18571083373784592,-0.07892658091989836,0.5000316632412797,0.0,69.37%,
OSW,OneSpaWorld Holdings Limited,Consumer Discretionary,39.49,66.4,29.2,2.28B,2348610560.0,0.23779566871740948,2.36%,0.10128483442818857,0.11145565925529734,-0.052688622939003754,-0.03661629789530491,0.0,87.57%,
PDFS,"PDF Solutions, Inc.",Information Technology,39.42,84.0,13.8,1.33B,1365342080.0,0.20305181737452627,-0.76%,-0.001528551673405828,0.08444736649864855,0.32797845785929736,1.3731075186040544,0.0,83.25%,
AAP,"Advance Auto Parts, Inc.",Consumer Discretionary,39.2,21.1,4.7,3.1B,5635357184.0,0.7091793720635973,-8.4%,0.0037206155927617113,0.03720497616556214,0.09520281533617336,1.8101265822784811,0.0,55.17%,
ARCB,ArcBest Corp.,Industrials,39.13,66.0,38.8,2.08B,2402041856.0,0.6224657690017613,3.8%,0.024503172471380077,0.06627993211240056,0.009437670260617327,-0.2945689936594467,1.0,64.58%,
PLAB,"Photronics, Inc.",Information Technology,39.01,70.0,23.1,2.34B,2136750208.0,0.502592872496139,1.56%,0.07559015236066485,0.35257990754673885,0.05401390956736888,-0.09411472860712622,1.0,79.96%,
ABG,Asbury Automotive Group,Consumer Discretionary,38.98,5.9,28.7,3.77B,9818178560.0,1.0314111397050267,2.33%,0.04234735156908988,0.05685315850880605,0.12394311695849859,0.1131295550962689,1.0,12.18%,
GTES,Gates Corporation,Industrials,38.96,11.6,53.0,5.71B,7546649600.0,0.5838286946444942,5.93%,0.03515395586878094,0.19522537174721188,0.05379956677423633,-0.007969303423848878,1.0,53.83%,
PRIM,Primoris Services Corporation,Industrials,38.9,10.3,38.3,7.78B,8172508160.0,0.21600507991726392,3.75%,0.062366713553246515,0.06661474078865727,0.05050168021163517,0.21385614625932162,0.0,75.32%,
GNL,"Global Net Lease, Inc.",Real Estate,38.82,33.8,99.5,2.01B,4342027264.0,0.8274639810838134,73.77%,-0.051862542420954345,0.6288689767124449,-0.37502149296612136,-0.43353538880674514,1.0,75.46%,金融・不動産セクター特化評価
BCC,Boise Cascade,Industrials,38.82,60.1,11.7,2.67B,2703788544.0,0.7774617587727124,-2.1%,0.040974193562317414,0.05677923428413506,-0.037822948593258764,-0.4598442132531624,1.0,24.26%,
BFS,"Saul Centers, Inc.",Real Estate,38.77,59.0,59.3,1.12B,2739341312.0,0.27582971930868105,6.63%,0.017344699488319574,0.6063593048650476,0.017058846766653937,0.035602538492814084,0.0,43.27%,金融・不動産セクター特化評価
BMI,"Badger Meter, Inc.",Information Technology,38.77,38.2,34.8,4.25B,4041638912.0,0.16763789070218035,3.25%,0.14547796424936085,0.23782458766198702,0.19250550885397463,0.14666449261259934,1.0,5.7%,
EMN,Eastman Chemical Company,Materials,38.72,3.5,46.7,8.14B,12726112256.0,0.7321554691599382,4.9%,0.03189985867151222,0.14853747714808044,-0.02326957207651351,-0.2789794786466999,1.0,43.31%,
POWL,"Powell Industries, Inc.",Industrials,38.7,17.8,24.3,6.53B,6033649152.0,0.09808154247889334,1.75%,0.16298431717680328,0.2038588522508915,0.19479411321079962,0.21267048759992244,0.0,83.8%,
AROC,"Archrock, Inc.",Energy,38.66,9.0,16.8,6.22B,8637952000.0,0.23960262947492958,0.21%,0.07410151141424007,0.5708173750082225,0.1373093231142159,0.5377190634967706,0.0,89.85%,
PAYC,Paycom,Industrials,38.64,18.6,40.9,6.43B,5943333376.0,0.2693973028293665,4.06%,0.059668101122560435,0.38948189306428815,0.2967286131162648,0.0010021295252411375,1.0,7.47%,
NSSC,Napco Security Technologies,Information Technology,38.58,86.4,31.1,1.37B,1256174208.0,0.12340332610688874,2.59%,0.2190662205197309,0.26723231344392995,-0.04626188917555547,-0.13300941390829032,1.0,66.31%,
GPI,"Group 1 Automotive, Inc.",Consumer Discretionary,38.55,7.0,50.9,4.11B,9668915200.0,0.6790474010438271,5.51%,0.031421504212723196,0.037897516325970035,0.053480181592394295,-0.16252202858821227,1.0,16.71%,
ETSY,Etsy,Consumer Discretionary,38.4,17.5,78.3,4.67B,6048664064.0,-0.235149117589207,11.08%,0.057646748399683936,0.12728242507979015,0.1693585277746298,-0.31096300607334953,1.0,19.91%,
DORM,"Dorman Products, Inc.",Consumer Discretionary,38.39,45.6,17.3,3.2B,3667487744.0,0.462217141228061,0.36%,0.08190437683859068,0.1688723613693536,0.028276513175179756,0.020055064236883965,1.0,8.93%,
PAHC,Phibro Animal Health,Health Care,38.38,56.8,20.6,2.18B,2883725568.0,0.1308061479206371,1.0%,0.03546476596370049,0.11328907627206906,0.3855855929235255,1.1262452218232364,0.0,93.97%,
PECO,Phillips Edison & Company,Real Estate,38.01,13.4,33.9,5.11B,7310304256.0,0.44789062835344684,3.03%,0.021054441572945715,0.6875779321051371,0.04760292995374957,0.19401451201208378,0.0,57.57%,金融・不動産セクター特化評価
AGX,"Argan, Inc.",Industrials,37.79,28.3,31.5,7.9B,4975695360.0,0.044527243905922054,2.63%,0.1021959348358759,0.10736359487015817,0.39783761736726236,1.324466899472472,0.0,97.35%,
BLFS,"BioLife Solutions, Inc.",Health Care,37.64,94.3,22.4,0.9B,826867008.0,0.4141766706646307,1.39%,-0.011320968552591381,-0.12383852661774794,0.016013036719592876,-3.8477533460803057,1.0,6.21%,
CSGS,"CSG Systems International, Inc.",Industrials,37.55,62.1,72.2,2.29B,2621090560.0,0.12385996044011559,9.32%,0.03617813463230453,0.15704383837343425,0.02926659589907822,-0.10749875725322766,1.0,98.62%,
HASI,"Hannon Armstrong Sustainable Infrastructure Capital, Inc.",Financials,37.52,6.8,50.0,4.66B,9743257600.0,0.5529113255292644,,0.022538811536199774,,0.1564522131649399,,,79.59%,金融・不動産セクター特化評価
MATX,"Matson, Inc.",Industrials,37.38,23.0,41.6,4.93B,5395524096.0,0.5599323463071881,4.13%,0.09595305893519716,0.25133801764090297,0.008747878313095704,-0.059415911379657606,1.0,78.48%,
BRC,Brady Corporation,Industrials,37.35,42.8,35.3,3.81B,3781125632.0,0.3127616554243504,3.27%,0.10912825291350224,0.18662927249843916,0.14429168186997754,0.005850306224184589,1.0,49.28%,
ITGR,Integer Holdings Corporation,Health Care,37.22,35.3,30.4,2.99B,4236578816.0,0.5841949755154949,2.57%,0.03014387301620811,0.15773692475927056,0.10806014741529403,-0.05957975111848728,1.0,35.59%,
LAUR,"Laureate Education, Inc.",Consumer Discretionary,37.05,23.9,59.6,4.96B,5334214656.0,0.23928038722357378,6.69%,0.12764520588301947,0.306921553765431,0.1848973717280861,-0.02870419266785175,1.0,84.35%,
KTB,Kontoor Brands,Consumer Discretionary,36.86,28.9,60.3,3.69B,4855959552.0,0.15295266878287617,6.87%,0.08806848101501082,0.12790313330305006,0.5647446076705852,0.04761719176267012,1.0,44.4%,
DOCN,"DigitalOcean Holdings, Inc.",Information Technology,36.76,8.3,22.0,8.46B,8937055232.0,-0.0033899978704810866,1.33%,0.14107922653527089,0.4016420630844206,0.1212252480910791,0.5285184747365577,0.0,91.68%,
ATEN,"A10 Networks, Inc.",Information Technology,36.53,82.5,40.4,1.6B,1452241152.0,0.13202348514980247,3.95%,0.0669039857862572,0.25340638841948393,0.45515520487968303,0.3323863122274298,1.0,92.32%,
KAI,Kadant Inc.,Industrials,36.33,43.9,33.2,3.43B,3734079488.0,0.2859422606410121,2.89%,0.05955513971094127,0.19992910416555792,0.19703847673113828,-0.05527987965062757,1.0,36.6%,
JBLU,JetBlue,Industrials,36.24,8.8,0.5,1.56B,8818905088.0,1.357316845406344,-79.4%,-0.036330718165359085,0.05440300154491282,-0.016091681016566713,3.564814814814815,0.0,27.85%,要確認: 大幅なFCF赤字
MOH,Molina Healthcare,Health Care,36.21,60.5,12.6,6.98B,2692545024.0,0.5828038229978274,-1.43%,0.030326394243125162,0.02148549288953463,-0.004222648752399232,-0.4844162704701532,1.0,5.43%,
ACMR,"ACM Research, Inc.",Information Technology,36.05,68.6,8.6,2.63B,2238270720.0,0.5560088030279039,-4.24%,0.03275485388301937,0.17582760185463586,0.5477461320963658,-0.12162311964438138,1.0,42.4%,
CTKB,"Cytek Biosciences, Inc.",Health Care,36.0,98.5,19.2,0.56B,317550592.0,0.6153726863763213,0.78%,-0.1441667280550849,-0.08631565364553608,-0.075991991991992,-0.7334795175919466,1.0,51.18%,
INSW,"International Seaways, Inc.",Energy,35.57,39.7,17.8,3.52B,3926011904.0,0.5743887653807727,0.55%,0.11588703168128209,0.610860640672025,0.012230707287256054,-0.16207832682426157,1.0,85.68%,
KGS,"Kodiak Gas Services, Inc.",Energy,35.54,11.2,47.2,5.02B,7633979392.0,0.23950165790215963,5.15%,0.01864768017356115,0.4495275590551181,-0.026404228248010257,0.10256991997359954,0.0,96.21%,
EXPI,"eXp World Holdings, Inc.",Real Estate,35.4,94.1,83.2,0.96B,840444352.0,0.2516654729421371,12.08%,-0.051333393599710724,-0.002494388986803249,0.1324675856491316,-1.393846153846154,1.0,5.03%,金融・不動産セクター特化評価
HP,"Helmerich & Payne, Inc.",Energy,34.79,22.1,47.9,3.59B,5473028096.0,0.7579915255257231,5.22%,-0.024411183377579023,0.17586164276525468,0.1597814420109106,-0.2740372271082817,1.0,94.59%,
ACLS,"Axcelis Technologies, Inc.",Information Technology,34.74,61.0,29.4,2.99B,2688024576.0,0.3459906460401231,2.38%,0.08832255604910122,0.19215348823905187,0.009319526298190736,-0.35905702756961977,1.0,91.08%,
KMT,Kennametal,Industrials,34.7,49.6,35.7,2.75B,3306948352.0,0.46702838300990346,3.39%,0.03658543292795037,0.14918816683571914,0.016636591875093358,-0.03985157505178185,1.0,75.94%,
CORT,Corcept Therapeutics Incorporated,Health Care,34.6,46.1,32.9,4.0B,3633618176.0,0.16196490169763428,2.85%,0.1191082064086459,0.06131674649694579,-0.0046421819920933,-0.6623905356251854,1.0,10.08%,
GFF,Griffon Corporation,Industrials,34.57,30.5,61.0,3.28B,4737381376.0,0.02251973641243397,6.96%,0.024766952715036608,0.11365294060222403,-0.12961744512968199,-0.37934075936199724,1.0,19.61%,
KLIC,"Kulicke and Soffa Industries, Inc.",Information Technology,34.47,54.8,36.4,3.38B,2940333056.0,0.24269472542049286,3.46%,0.0001928750332777346,0.058989635840209394,-0.10951795007426449,2.1506963705228,0.0,74.8%,
COHU,"Cohu, Inc.",Information Technology,34.45,86.8,36.2,1.41B,1252600960.0,0.5588193538426629,3.42%,-0.05975388219620236,-0.021344236526285115,0.24370957009850763,0.18351490583565577,1.0,77.76%,
PATK,"Patrick Industries, Inc.",Consumer Discretionary,34.43,27.2,45.1,3.57B,5035559936.0,0.3314090987094978,4.67%,0.043903888401631376,0.10675910764804761,0.018278993986667786,-0.006604095764099062,1.0,45.56%,
ECG,"Everus Construction Group, Inc.",Industrials,34.12,16.7,18.7,5.99B,6203014144.0,0.10518545448629804,0.68%,0.11671567178467905,0.08222909165550703,0.341700149713263,0.39993819698801203,0.0,80.87%,
NEOG,Neogen,Health Care,34.05,63.6,15.9,1.89B,2542206976.0,1.094467758099459,-0.05%,-0.3171010466235907,-1.0460006639386314,-0.24291878818149623,-6.189866678497748,1.0,63.89%,
BGC,"BGC Group, Inc.",Financials,34.05,21.3,63.8,4.46B,5622376960.0,0.21814026252148522,7.36%,0.03512293435001765,0.15319595447485573,0.22829330002196568,0.27982479488039996,0.0,58.06%,金融・不動産セクター特化評価
HTZ,Hertz,Industrials,33.95,1.5,19.4,1.44B,20199858176.0,-0.3194467915393408,0.84%,-0.033481242436466316,0.2953904045155221,0.023346481974130813,0.36225596529284165,0.0,21.73%,
DNOW,NOW Inc,Industrials,33.77,59.2,1.4,2.28B,2737740288.0,0.9782103002886412,-31.09%,-0.0226809378185525,-0.01028368794326241,1.420727945712523,-1.1946308724832215,1.0,20.09%,
KNTK,"Kinetik Holdings, Inc.",Energy,33.7,4.8,9.1,3.14B,10495327232.0,-0.1801825280559793,-4.14%,0.0741201849988676,0.6715089472899683,0.04118512027330554,0.47867114626676416,0.0,73.06%,
ACAD,Acadia Pharmaceuticals,Health Care,33.64,58.3,12.4,3.54B,2770264320.0,0.3469395702935304,-1.55%,0.2499688338090839,0.1087918395154479,0.3169329390884997,0.1638246041412911,1.0,49.16%,
FELE,Franklin Electric,Industrials,33.59,36.8,25.7,4.0B,4136878080.0,0.33080319679198666,1.85%,0.07564859840000823,0.1258256891495601,0.06798780186377502,-0.08861163883781552,1.0,35.46%,
AIR,AAR CORP.,Industrials,33.5,26.3,18.2,4.26B,5108431872.0,0.28409851483763726,0.65%,0.004394290937214371,0.06096025894623269,0.026931407942238268,0.1961891319689485,0.0,80.85%,
CON,"Concentra Group Holdings Parent, Inc.",Health Care,33.48,29.8,44.9,2.72B,4768815104.0,0.14476072173625357,4.66%,0.058219877777264666,0.1890222735607606,0.13375726450163497,0.11043406242787124,1.0,41.94%,
AIN,Albany International Corp.,Industrials,33.43,75.9,19.9,1.46B,1799392000.0,0.49843768421786905,0.84%,-0.03336341405089518,0.043870840107438795,0.04246568196926541,-0.7673007587580046,1.0,29.32%,
AESI,"Atlas Energy Solutions, Inc.",Energy,33.38,68.9,11.9,1.64B,2222582528.0,,-2.0%,-0.022573760516381953,0.16326245537792955,0.12966098429930875,-0.2189430006551649,1.0,49.11%,
CSW,"CSW Industrials, Inc.",Industrials,33.3,24.8,25.2,4.4B,5201764352.0,0.2434825837553602,1.83%,0.09909032569168241,0.25434446732953736,0.3217968305208535,0.17049336658772243,1.0,30.85%,
MIR,"Mirion Technologies, Inc.",Information Technology,33.12,24.6,32.5,4.49B,5242106880.0,0.41605742401382584,2.82%,0.008026532147933446,0.23006267559974064,0.36119119878603945,0.22075688073394495,1.0,32.23%,
CWT,California Water Service Group,Utilities,33.02,35.1,3.7,2.68B,4251980288.0,0.6293122426016955,-10.74%,0.022607524203580746,0.3601235826984222,0.09475968783944816,-0.1510596021807228,1.0,35.98%,
NPK,"National Presto Industries, Inc.",Industrials,32.34,91.4,7.7,0.99B,1017632384.0,0.3998037611954564,-5.35%,0.0660716675087722,0.09548303556533551,0.10439416229044303,-0.043395212797707874,1.0,83.51%,
NXRT,"NexPoint Residential Trust, Inc.",Real Estate,32.08,69.5,65.4,1.27B,2160877824.0,0.23340087975140167,7.52%,-0.01697767039030035,0.5820654963964645,-0.011010160321271665,-0.2794691416410499,1.0,4.42%,金融・不動産セクター特化評価
ASO,Academy Sports + Outdoors,Consumer Discretionary,31.98,27.6,23.4,3.57B,5007289856.0,0.6085499640944432,1.61%,0.07139765580526644,0.106574075389524,0.07673451115627684,-0.06929200424716664,1.0,69.3%,
OTTR,Otter Tail Corporation,Utilities,31.93,34.6,14.0,3.6B,4291856128.0,0.5169100118130552,-0.74%,0.06959474850281729,0.37391741778356485,0.08548466326878751,-0.05470428127205192,1.0,75.51%,
MGY,"Magnolia Oil & Gas, Corp.",Energy,31.86,17.3,37.9,6.19B,6065345536.0,0.31357591843293,3.66%,0.11203640807800787,0.6683602102382522,0.02916051452849954,-0.0490411615605623,1.0,99.48%,
POWI,Power Integrations,Information Technology,31.65,64.3,32.2,2.75B,2516820992.0,0.24489816889219276,2.8%,0.028610204258702653,0.08617735127529853,-0.06831228750063342,-0.2721525013806631,1.0,63.7%,
HWKN,"Hawkins, Inc.",Materials,31.04,47.6,27.8,3.18B,3449704448.0,0.14476292660108378,2.2%,0.10955788467358647,0.16395516973495303,0.17012800676055653,0.16419879035196386,1.0,59.69%,
CAKE,"The Cheesecake Factory, Inc.",Consumer Discretionary,31.0,34.9,43.2,2.7B,4285021440.0,0.1618865836557689,4.41%,0.04550641511470191,0.07526348643826467,0.07229761716900741,-0.0008138596764377008,1.0,42.13%,
NGVT,"Ingevity, Corp.",Materials,30.95,45.8,84.1,2.49B,3655148288.0,0.011925085293991881,12.31%,-0.10120525710132638,0.03545734840698869,-0.18367447839414616,-0.35714285714285715,1.0,85.93%,
CCOI,"Cogent Communications Holdings, Inc.",Communication Services,30.87,48.7,4.2,0.88B,3357879040.0,-0.07232411818404316,-10.2%,-0.058769901386677266,0.19121182742583775,-0.023106096179700494,0.15395272317949607,0.0,3.09%,
ALKS,Alkermes plc,Health Care,30.63,33.1,5.4,4.9B,4379625472.0,0.3714483082154613,-7.41%,0.09717116212228985,0.22419691320341026,0.20988175038809243,-0.3313435489965869,1.0,37.85%,
MARA,"MARA Holdings, Inc.",Information Technology,29.72,16.9,3.5,3.05B,6153072640.0,1.1384622103738915,-13.15%,-0.17997779302279338,-0.603156456945429,0.07139529005926352,-1.5167916016488394,1.0,8.1%,
ESE,ESCO Technologies Inc.,Industrials,29.49,12.3,45.3,7.23B,7399867392.0,0.21309608992401718,4.7%,0.1241389353083404,0.2240082966035779,0.31097671079396505,0.23705477552872375,1.0,92.28%,
NOG,"Northern Oil and Gas, Inc.",Energy,29.34,23.5,16.6,3.22B,5365444608.0,0.6602010302839685,0.19%,0.007165522819179665,0.5011524735102926,-0.034698996506313015,-0.3352407664766198,1.0,85.87%,
ICHR,"Ichor Holdings, Ltd.",Information Technology,29.2,78.9,27.1,1.57B,1628864128.0,0.42367686377742536,2.11%,-0.055978550800261755,-0.007852038512027622,-0.05291975201996055,-1.3389050828930589,1.0,76.07%,
JBTM,JBT Marel Corporation,Industrials,29.14,10.1,24.1,6.42B,8222202368.0,0.695317382393484,1.74%,-0.006165529197748666,0.08377652572271076,1.399291112543207,0.5582761998041136,1.0,41.72%,
AMR,"Alpha Metallurgical Resources, Inc.",Materials,28.77,65.6,25.0,2.87B,2459291904.0,0.5383719972742035,1.8%,-0.02704827534194559,0.04485177374205264,-0.06482202871356472,-0.7542126446246964,1.0,80.46%,
PLXS,Plexus Corp.,Information Technology,28.67,24.3,18.0,5.34B,5279481344.0,0.2726469560097658,0.59%,0.05510963912645715,0.06878684323150754,-0.005298652016078274,0.1742185350574591,0.0,88.31%,
CNK,"Cinemark Holdings, Inc.",Communication Services,28.36,19.1,43.7,3.3B,5855537664.0,0.12292295397958755,4.43%,0.031168948329912717,0.16674157303370787,-0.12494572725478587,-0.1572286224241441,1.0,52.05%,
HTO,H2O America,Utilities,28.35,37.7,4.0,2.42B,4052926208.0,0.6354775759961018,-10.58%,0.019919736925403032,0.3847137735919759,0.10545822529162406,0.06434858333592511,1.0,93.25%,
DXPE,"DXP Enterprises, Inc.",Industrials,28.28,58.8,17.5,2.14B,2741674240.0,0.23265251191580558,0.43%,0.052622459061629344,0.10841390323676517,0.24873100584367178,0.19910698613305247,1.0,66.29%,
ESI,Element Solutions,Materials,28.23,8.1,41.4,8.13B,9237075968.0,0.3291148445512953,4.13%,0.03740149762810209,0.18430542489808718,0.04667719895771354,-0.06259968102073366,1.0,79.11%,
BTU,"Peabody Energy, Inc.",Energy,28.15,30.0,23.8,4.81B,4739441152.0,0.7348448901275147,1.71%,-0.009109381457501033,0.10081574517674478,-0.024606547189142885,-0.5677326226959805,1.0,94.8%,
CALY,Callaway Golf Company,Consumer Discretionary,27.75,50.0,1.2,2.49B,3256172800.0,0.8324640202363058,-41.03%,-0.05617622838320066,0.0944614339109752,-0.045848011419441864,-0.11141552511415526,1.0,71.95%,
BTSG,"BrightSpring Health Services, Inc.",Health Care,27.42,4.6,9.6,8.13B,11320844288.0,0.23060888770034113,-4.12%,0.029729729308308923,0.0355932552598012,0.08220713651719332,0.5332454706216009,0.0,91.36%,
FSS,Federal Signal Corporation,Industrials,26.47,13.8,22.9,6.48B,7013661184.0,0.21316674163883903,1.56%,0.10306779235977598,0.19220362302224261,0.35542714706548834,0.22651448639157157,1.0,60.22%,
LBRT,"Liberty Energy, Inc.",Energy,25.78,24.1,15.2,4.71B,5296708096.0,0.44175509153433223,-0.22%,0.04155686485559838,0.18367640877098915,0.07945379102134029,-0.21804587184236562,1.0,85.33%,
NSP,Insperity,Industrials,25.76,95.0,1.6,1.0B,793425920.0,0.04602642284882905,-30.74%,-0.0031774852473899226,0.009541984732824428,-0.15171351559491722,-0.6717171717171717,1.0,10.99%,
NATL,NCR Atleos,Financials,25.68,20.8,87.4,3.17B,5672246784.0,0.12705056458622702,13.66%,0.02858151023288638,0.1690399632521819,0.024028906955736225,0.020804438280166437,1.0,78.7%,金融・不動産セクター特化評価
MDU,"MDU Resources Group, Inc.",Utilities,25.54,14.3,4.4,4.21B,6910232064.0,0.6582857968232718,-8.67%,0.024978989022338152,0.28022160286624576,0.08288152925675873,0.03618116812302426,1.0,86.36%,
NVRI,Enviri Corporation,Industrials,25.32,50.9,48.6,1.53B,3172065024.0,0.16630566982896988,5.41%,-0.061875731678007403,0.07056907869188764,0.02814943646088401,-0.1609927986541921,1.0,95.6%,
PENN,Penn Entertainment,Consumer Discretionary,25.23,3.7,2.6,1.84B,12325531648.0,0.9973178870131105,-15.97%,-0.059088201282545466,0.004597040655078293,-0.0650779402032539,-0.9431414356787491,1.0,23.66%,
OSIS,"OSI Systems, Inc.",Information Technology,25.14,25.0,26.2,4.62B,5196469248.0,0.2057027507968052,1.97%,0.06676476637886686,0.15241021593937773,0.1576692864905517,0.12900073507156137,1.0,76.21%,
OUT,Outfront Media,Real Estate,25.14,9.4,36.9,4.52B,8570286592.0,0.15731825829469728,3.52%,0.027675276752767528,0.2473658350166512,0.01848443012732014,-0.21445908460471566,1.0,77.82%,金融・不動産セクター特化評価
MAC,Macerich,Real Estate,25.11,7.5,69.4,4.94B,9638652928.0,0.49589399847829596,8.54%,-0.023557942496342018,0.44220958339538236,-0.023153157117645897,0.3716644692364873,0.0,69.23%,金融・不動産セクター特化評価
PSMT,PriceSmart,Consumer Staples,24.77,32.2,26.4,4.55B,4445494784.0,0.27438712866726345,1.98%,0.06517266103667574,0.05809649695052878,0.1218488807501283,0.030899302013151646,1.0,86.33%,
ACHC,Acadia Healthcare,Health Care,24.69,29.4,2.1,2.11B,4825814016.0,0.922553269972305,-17.52%,-0.19950834453802188,-0.22272244155870813,-0.0720955393857391,-2.2138483355872087,1.0,58.54%,
NPO,"EnPro Industries, Inc.",Industrials,24.43,19.5,27.3,5.26B,5821848064.0,0.29361518264935776,2.12%,0.015208411565903118,0.1700341117816846,0.06883403572145294,-0.17487266553480477,1.0,74.56%,
CE,Celanese,Materials,23.72,1.8,47.4,7.1B,19041957888.0,0.570520991393997,5.19%,-0.05369900898824614,0.02797569153394803,-0.05004816533847097,-0.44375,1.0,98.3%,
CVI,"CVR Energy, Inc.",Energy,23.31,28.1,7.5,3.5B,4987480576.0,0.20848321277177528,-6.28%,0.007285483000539665,0.08251884948338453,-0.13065916021581045,0.5,0.0,74.26%,
CWEN,"Clearway Energy, Inc. (Class C)",Utilities,23.23,2.4,30.6,8.03B,17911556096.0,0.23971756187803012,2.59%,0.010147102972080456,0.7564730580825753,0.16232814571847304,-0.0018467220683287165,1.0,84.89%,
PI,"Impinj, Inc.",Information Technology,23.13,51.8,21.5,2.99B,3114241024.0,0.0700852370683464,1.3%,-0.01989596211201315,0.01987675690645988,0.11471742864153103,-0.8758669595447706,1.0,20.35%,
HCC,"Warrior Met Coal, Inc.",Materials,23.02,25.9,11.4,5.24B,5130577920.0,0.4090053485607189,-2.23%,0.02047489779254896,0.1929333617293478,0.0741971108802724,-0.4280603459004931,1.0,90.82%,
CWEN-A,"Clearway Energy, Inc. (Class A)",Utilities,22.69,2.6,30.8,8.02B,17889794048.0,0.23995450087516246,2.59%,0.010147102972080456,0.7564730580825753,0.16232814571847304,-0.0018467220683287165,1.0,93.73%,
ANDE,"The Andersons, Inc.",Consumer Staples,22.22,48.5,6.5,2.49B,3371429632.0,0.4994353813439635,-7.11%,0.025778974109251375,0.029244536797769956,-0.09911450571346905,-0.10648838119343586,1.0,98.46%,
GOLF,Acushnet Company,Consumer Discretionary,21.76,15.6,21.0,5.41B,6423281664.0,0.1449376542458078,1.09%,0.08048195692233616,0.1384378187616513,0.07453103055399352,-0.01676816574420012,1.0,74.44%,
CNR,"Core Natural Resources, Inc.",Energy,21.69,20.0,14.5,5.77B,5792727552.0,0.6372089788753944,-0.66%,-0.024994237407082776,0.10264372024899304,1.128828428677745,-0.2583033320899083,1.0,99.4%,
FUN,Six Flags,Consumer Discretionary,17.74,13.6,6.3,1.69B,7262087168.0,0.32509952016714216,-7.11%,-0.1986698126295485,-0.2796852164427252,-0.14580928394408377,-2.4770270891781263,1.0,15.39%,
CENX,Century Aluminum Company,Materials,17.27,21.9,20.1,4.91B,5477061632.0,0.16393770140731548,0.96%,0.018419777023751818,0.056252225167134774,0.0704245283018868,-0.6765241128298453,1.0,79.44%,
FORM,"FormFactor, Inc.",Information Technology,16.82,12.5,14.7,7.63B,7387690496.0,0.1356926015908929,-0.42%,0.04439945048931607,0.1369451702117089,0.068178308607024,-0.04641054527068383,1.0,89.21%,
GKOS,Glaukos Corp.,Health Care,13.55,19.7,16.1,5.99B,5817467904.0,0.1094947228855145,0.02%,-0.21006573123056071,-0.28783979252801306,-0.08337368531201654,-0.5272221583245329,1.0,52.6%,
PTGX,"Protagonist Therapeutics, Inc.",Health Care,11.35,20.2,23.6,6.32B,5758107648.0,0.09733848234898282,1.67%,-0.19477901428939162,-3.4085318150208623,-0.10277216422169257,-1.618313629178181,1.0,89.83%,
CC,Chemours,Materials,10.3,14.0,18.5,3.24B,6966842880.0,0.07710330107334507,0.66%,-0.05228935247900298,0.05716253443526171,-0.016913037688107604,-0.4977307110438729,1.0,97.92%,
LUMN,Lumen Technologies,Communication Services,9.52,0.9,0.2,6.84B,24649545728.0,-0.16327918499338356,-86.27%,-0.050637703104070814,0.106192549588776,0.025256747074277525,-0.678623718887262,1.0,40.94%,要確認: 大幅なFCF赤字
MSGS,Madison Square Garden Sports Corp.,Communication Services,9.29,9.2,17.1,7.49B,8595760128.0,-0.03757945230285309,0.22%,-0.015233126993416042,0.007311252670271935,0.09409697153366432,-0.9443047624632571,1.0,80.08%,
