Ticker,Company_Name,Sector,Total_Score,Score_Size,Score_FCFP,Market_Cap_Billion,Enterprise_Value,BM_Ratio,FCF_Yield_Pct,ROA,EBITDA_Margin,Asset_Growth,EBITDA_Growth,Inv_Dummy,Price_Range_Pct,Momentum_6M_Pct,Score_Momentum,Data_Quality_Flag
GTM,ZoomInfo,Communication Services,80.06,71.9,96.2,1.08B,2445518336.0,1.3969207692242964,33.01%,0.01928721174004193,0.26066426570628254,-0.004344733749768075,1.0838131797824697,0.0,11.98%,-40.45%,96.6,要確認: FCF異常値(>30%)
AGO,Assured Guaranty Ltd.,Financials,77.31,52.7,14.6,3.01B,3495660288.0,1.880610415788185,0.49%,0.0413107752956636,,0.02310730190740274,,,4.89%,-20.06%,82.3,金融・不動産セクター特化評価
IIPR,"Innovative Industrial Properties, Inc.",Real Estate,76.69,82.0,60.5,1.39B,1926198528.0,1.3267269214571091,7.17%,0.04987519286266828,0.7935289804666203,-0.0030230689300926347,-0.15148018446519967,1.0,28.56%,4.58%,47.1,金融・不動産セクター特化評価
COLL,"Collegium Pharmaceutical, Inc.",Health Care,76.58,83.8,99.0,0.68B,1805289600.0,0.4419484471659513,47.47%,0.037945865427677125,0.5137355281481282,-0.004061695452788576,0.1735518083008001,0.0,2.01%,-44.94%,98.2,要確認: FCF異常値(>30%)
INVA,"Innoviva, Inc.",Health Care,76.31,92.5,62.1,1.48B,1233215488.0,0.7919077003233895,7.45%,0.16583341742270657,0.8991291621285203,0.2567944599019261,3.325629539526778,0.0,46.12%,-8.07%,63.3,
LCII,LCI Industries,Consumer Discretionary,74.88,61.4,83.4,2.01B,2942904832.0,0.675943119251881,13.14%,0.05927291264101522,0.09995349364158372,0.09715832757288308,0.1979472567092141,0.0,1.46%,-36.95%,93.9,
HE,"Hawaiian Electric Industries, Inc.",Utilities,73.63,43.7,93.0,1.54B,4099202304.0,1.042875710209503,21.08%,0.014152494951461293,0.18701277918012138,-0.0009558394771892833,1.4194423555482898,0.0,2.53%,-44.65%,97.9,
LEG,Leggett & Platt,Consumer Discretionary,72.56,73.4,91.4,1.26B,2358418688.0,0.8133731876698909,19.21%,0.06656486822757607,0.11960247589455254,-0.034192702643653046,2.6881308736512355,0.0,18.45%,,50.0,
DLX,Deluxe Corporation,Industrials,72.4,71.0,88.5,1.04B,2488510720.0,0.6562432350234414,16.57%,0.028670205335940772,0.1776673542096381,0.011515365595196043,0.03750342184505886,0.0,33.89%,-17.08%,78.0,
AMSF,"Amerisafe, Inc.",Financials,70.47,99.1,66.9,0.44B,348227648.0,0.5702299729471322,8.22%,0.04170116333375791,,-0.02353360839737051,,,1.9%,-28.23%,89.3,金融・不動産セクター特化評価
CENTA,Central Garden & Pet Company (Class A),Consumer Staples,69.91,69.8,87.9,2.15B,2558788352.0,0.7378883385392183,15.96%,0.044914240039628836,0.11483977317178555,0.02031947079997715,0.23587232037529363,0.0,56.04%,2.48%,51.1,
KMPR,Kemper Corporation,Financials,69.72,70.7,85.7,1.51B,2527957248.0,1.7727592724764138,14.58%,0.011489092177315257,,-0.012485748669875856,,,10.53%,-17.66%,78.9,金融・不動産セクター特化評価
GIII,"G-III Apparel Group, Ltd.",Consumer Discretionary,68.75,94.9,82.2,1.17B,985179008.0,1.5000237164770767,12.9%,0.0257976421201002,0.04741035883520256,0.05137896791039427,-0.5565547454490819,1.0,21.35%,-9.19%,65.1,
FLO,Flowers Foods,Consumer Staples,68.7,57.2,94.3,1.18B,3136176896.0,1.1035651991501343,25.27%,0.020035321441128184,0.06832710641476927,0.23038559342345286,-0.3162516824328312,1.0,2.16%,-35.66%,93.6,
FBRT,"Franklin BSP Realty Trust, Inc.",Real Estate,68.68,30.2,99.7,0.52B,4990052864.0,2.7684742249908445,56.0%,0.013582236163275413,0.18885267236062347,0.009140365181446179,-0.18721920126450703,1.0,1.64%,-27.98%,89.0,金融・不動産セクター特化評価
CALM,"Cal-Maine Foods, Inc.",Consumer Staples,68.39,73.7,75.2,3.11B,2346096896.0,0.8453968838857592,10.55%,0.10190663444427639,0.16042549333157488,0.007440465094716722,-0.7135159038232839,1.0,9.88%,-23.88%,85.6,
INVX,"Innovex International, Inc.",Energy,67.61,85.3,71.3,1.91B,1754641408.0,0.5546999371007332,9.13%,0.06567652784381069,0.20889424084411873,0.0591440546546381,0.10599893919877033,0.0,61.68%,6.18%,45.3,
CXM,"Sprinklr, Inc.",Information Technology,67.48,96.4,67.5,1.21B,795739968.0,0.4908866181168476,8.33%,0.019007336558066357,0.08876341577228185,0.01761697147185566,0.6733670552012316,0.0,13.62%,-12.46%,72.2,
ANIP,"ANI Pharmaceuticals, Inc.",Health Care,67.24,84.4,65.0,1.66B,1795846400.0,0.32613027744270207,7.97%,0.05438645576817736,0.2346343418243401,0.12137934041226374,2.2836615389490027,0.0,9.48%,-5.15%,59.0,
HAYW,"Hayward Holdings, Inc.",Industrials,67.1,56.3,54.8,2.63B,3156375808.0,0.6056413512154605,6.24%,0.04810243403330515,0.2687792684611306,0.05362091657125737,0.125170205066795,0.0,6.65%,-20.41%,82.6,
ADT,ADT Inc.,Consumer Discretionary,66.94,3.6,94.6,4.57B,12314694656.0,0.8275545622322328,26.23%,0.03767427920364944,0.518720190492272,-0.014481753330969611,0.022844041882473624,0.0,7.7%,-6.5%,60.9,
LRN,"Stride, Inc.",Consumer Discretionary,66.93,64.4,58.3,3.28B,2834985728.0,0.49786528382361556,6.86%,0.1388564070896454,0.2301363617770834,0.06172429411336471,0.13987238194149396,0.0,19.35%,-8.96%,64.8,
CRI,"Carter's, Inc.",Consumer Discretionary,66.89,86.8,93.6,1.16B,1690895360.0,0.7976570841766732,21.28%,0.03578135780188425,0.07014979854583142,0.05437481274404922,-0.36474352164866,1.0,25.68%,-10.1%,68.8,
ENOV,Enovis,Health Care,66.29,72.8,89.2,1.02B,2383369984.0,1.4536143426901427,18.14%,-0.3088712472328611,-0.36930556228978995,-0.1873451532038916,-0.7259223995276782,1.0,2.77%,-29.74%,91.1,
CENT,Central Garden & Pet Company,Consumer Staples,65.66,62.0,84.4,2.49B,2904925440.0,0.635388329585677,13.74%,0.044914240039628836,0.11483977317178555,0.02031947079997715,0.23587232037529363,0.0,60.66%,4.54%,47.4,
GPOR,Gulfport Energy Corporation,Energy,65.53,49.1,35.7,2.77B,3651745024.0,0.6612758373616976,3.68%,0.14121285739749267,0.6773462120530975,0.05717387427910208,13.000156167036263,0.0,6.81%,-26.76%,87.5,
APOG,"Apogee Enterprises, Inc.",Industrials,65.47,94.6,85.0,0.74B,998517312.0,0.6886130959761919,13.8%,0.0482302678766333,0.10068105469153213,-0.04503139281304961,-0.13414268309854843,1.0,24.17%,-5.93%,60.6,
AMPH,"Amphstar Pharmaceuticals, Inc.",Health Care,65.22,89.2,93.3,1.08B,1479938944.0,0.7292002422053574,21.27%,0.060206260483803155,0.2949157298298205,0.0328557753871706,-0.23441466651280868,1.0,68.22%,28.24%,21.7,
EFOR,Everforth Inc.,Information Technology,64.8,67.4,86.6,1.4B,2747950080.0,1.2846715474842405,15.2%,0.030865036847687162,0.086373228821224,0.07241178186060075,-0.14200149737958573,1.0,45.61%,-18.41%,79.5,
ADNT,Adient,Consumer Discretionary,64.32,53.3,94.9,1.33B,3415547904.0,1.3232946373807026,26.56%,-0.0313826222917132,0.030134158926728587,-0.04245535236873062,-0.3323170731707317,1.0,7.4%,-23.41%,85.3,
HCI,"HCI Group, Inc.",Financials,64.25,88.0,89.5,2.29B,1586142208.0,0.4542495759324432,18.47%,0.1182338919890167,,0.133940121414412,,,60.08%,5.22%,46.5,金融・不動産セクター特化評価
LGIH,LGI Homes,Consumer Discretionary,64.21,68.6,89.8,1.12B,2643601920.0,1.8743610525990513,18.63%,0.0184740334310949,0.04930976415182843,0.04488664995447693,-0.6093080732529942,1.0,44.62%,-1.84%,56.3,
ABR,Arbor Realty Trust,Financials,64.07,4.8,50.0,0.72B,12253886464.0,4.092145679889053,,0.010265401569089493,,0.07441430686174712,,,0.11%,-53.15%,98.8,金融・不動産セクター特化評価
DXC,DXC Technology,Information Technology,63.63,41.9,99.4,1.77B,4261543424.0,1.6582620689993635,49.45%,0.0013964313421256788,0.13571654539702627,-0.023854600530102233,-0.22282608695652173,1.0,41.13%,-9.98%,68.2,要確認: FCF異常値(>30%)
FG,"F&G Annuities & Life, Inc.",Financials,63.36,68.9,100.0,2.87B,2580099840.0,1.6738094428964565,79.04%,0.002692268617291476,,0.1589407872272786,,,9.15%,-0.46%,53.8,金融・不動産セクター特化評価
ACT,"Enact Holdings, Inc.",Financials,63.34,18.6,68.5,6.22B,6470173696.0,0.8606142039974851,8.38%,0.09780914274473827,,0.05703185340988182,,,66.71%,9.18%,40.7,金融・不動産セクター特化評価
FCPT,"Four Corners Property Trust, Inc.",Real Estate,63.28,50.3,65.6,2.37B,3586418432.0,0.6882289651694895,8.02%,0.03847125680395901,0.7652618552214652,0.10090364738227217,0.09987881630897932,1.0,3.63%,-12.2%,71.3,金融・不動産セクター特化評価
CRC,California Resources Corporation,Energy,62.35,21.0,56.4,4.66B,5947827200.0,0.788949147291049,6.43%,0.04903417533432392,0.3288275051425213,0.037561317449194116,0.12916246215943492,0.0,31.96%,-11.47%,70.9,
GT,Goodyear Tire and Rubber Company,Consumer Discretionary,62.2,9.6,96.5,1.39B,8907429888.0,2.3201739325816275,35.68%,-0.0945188927943761,0.07423413566739606,-0.129678313656135,-0.2022339800117578,1.0,0.17%,-38.81%,95.7,要確認: FCF異常値(>30%)
CRGY,Crescent Energy Company,Energy,62.15,8.1,83.8,4.42B,9338542080.0,1.1658642488796218,13.6%,0.010681008521356271,0.4656719319779808,0.3583324718587078,0.6720401850373324,0.0,73.3%,22.67%,24.8,
KOP,"Koppers Holdings, Inc.",Materials,61.97,83.2,90.4,0.87B,1832788608.0,0.6592482933968221,18.7%,0.029679881280474878,0.11754376629596126,-0.0017987514548725003,0.03708920187793427,0.0,75.14%,26.16%,23.2,
KSS,Kohl's Corp.,Consumer Discretionary,61.7,12.6,98.7,2.13B,7732611072.0,1.8981427490976994,41.24%,0.020356234096692113,0.08527081857409674,-0.014529095066007818,0.12585034013605442,0.0,53.68%,25.33%,23.5,要確認: FCF異常値(>30%)
ITRI,"Itron, Inc.",Information Technology,61.68,36.8,64.3,3.79B,4666024960.0,0.45316779206430774,7.79%,0.08091338554742418,0.17498988253603212,0.0918775345746874,0.1629705744454458,0.0,13.61%,-7.91%,63.0,
LNN,Lindsay Corporation,Materials,61.66,93.1,34.4,1.16B,1145884032.0,0.45824259238487136,3.56%,0.0880694927429368,0.17344404229650132,0.10602552904902714,0.13362452166518496,0.0,33.67%,-13.46%,73.4,
ALHC,"Alignment Healthcare, Inc.",Health Care,61.51,91.9,78.7,1.65B,1275824128.0,0.10884831542537293,11.45%,-0.000679310856025506,0.011477899541598174,0.362787908391012,1.5852584548236721,0.0,3.21%,-56.96%,99.1,
IVT,InvenTrust Properties,Real Estate,61.41,53.9,45.9,2.37B,3383029248.0,0.7568987158014756,4.94%,0.03995521842671374,0.9173310068890828,0.05792864052808285,0.6662234526975338,0.0,34.49%,0.7%,53.2,金融・不動産セクター特化評価
EPAC,Enerpac Tool Group,Industrials,61.32,82.3,49.4,1.84B,1891658752.0,0.23608837644098538,5.6%,0.11203369623381533,0.23717658806384836,0.06501631229030731,0.10577548028235009,0.0,26.01%,-11.03%,70.0,
CASH,"Pathward Financial, Inc.",Financials,61.0,87.4,86.9,1.54B,1611003904.0,0.558478400969149,15.4%,0.025915098327687573,,-0.04775254755797816,,,22.86%,-19.01%,80.4,金融・不動産セクター特化評価
AMTM,Amentum,Industrials,60.94,12.3,76.8,4.44B,7895346176.0,1.0157042001268415,10.92%,0.005759162303664921,0.06857500173695547,-0.04292634040420912,0.7438162544169611,0.0,2.06%,-40.83%,97.2,
JBGS,JBG Smith,Real Estate,60.88,50.0,95.5,0.82B,3625297152.0,1.4193928006833547,30.59%,-0.031690279661938145,0.3069988247044713,-0.125952387591773,-0.009781279717429698,0.0,5.23%,-26.64%,87.2,金融・不動産セクター特化評価
LMAT,LeMaitre Vascular,Health Care,60.79,87.1,28.0,1.81B,1619770496.0,0.2179230800528968,2.73%,0.0937712160340431,0.3637230470909688,0.115750330272536,0.36135436660268716,0.0,1.86%,-26.22%,86.9,
FHB,"First Hawaiian, Inc.",Financials,60.69,79.0,73.9,3.07B,2054644864.0,0.9009959358980328,9.87%,0.011532585839631326,,0.005332592250203183,,,32.96%,2.97%,50.8,金融・不動産セクター特化評価
LZB,"La-Z-Boy, Inc.",Consumer Discretionary,60.62,88.9,50.0,1.2B,1480518016.0,,,,,,,,7.14%,-14.1%,74.3,
APAM,"Artisan Partners Asset Management, Inc.",Financials,60.53,69.5,79.6,2.48B,2571964672.0,0.17720839560979623,11.76%,0.1840623042531123,0.4237194657254021,-0.02561473131219282,0.10464812297396214,0.0,7.32%,-9.24%,65.7,金融・不動産セクター特化評価
BXMT,"Blackstone Mortgage Trust, Inc.",Financials,60.5,1.5,50.0,1.84B,17204570112.0,1.9045574009588129,,0.005477643143165012,,0.010150058415949334,,,0.2%,-38.3%,94.8,金融・不動産セクター特化評価
LNC,Lincoln Financial,Financials,60.46,99.7,95.2,7.72B,-29606672384.0,1.4135499420731226,26.82%,0.0028211618297044132,,0.06747929411945316,,,52.42%,21.18%,27.8,金融・不動産セクター特化評価
MATW,Matthews International Corporation,Consumer Discretionary,60.19,92.8,50.0,0.6B,1192344064.0,,,,,,,,6.05%,,50.0,
GTY,Getty Realty Corp.,Real Estate,60.12,64.7,54.1,1.75B,2821421056.0,0.6138721350461738,6.22%,0.03643745559886775,0.8525935046250569,0.10117546917433425,0.10708784998565213,0.0,24.56%,-11.04%,70.3,金融・不動産セクター特化評価
EPRT,"Essential Properties Realty Trust, Inc.",Real Estate,60.1,11.1,47.5,5.62B,8441996800.0,0.7479147508624879,5.44%,0.03686611570440606,0.9195340856243285,0.1835487788431923,0.2743134693595344,0.0,5.66%,-22.59%,84.7,金融・不動産セクター特化評価
FUL,H.B. Fuller Company,Materials,59.98,34.1,48.7,2.7B,4792650752.0,0.7413225599054298,5.59%,0.029321941086374568,0.15174046209842326,0.05056753730405388,0.07459168965355548,0.0,15.96%,-21.58%,83.5,
INSP,"Inspire Medical Systems, Inc.",Health Care,59.48,86.5,44.3,2.02B,1731267968.0,0.3861663106082379,4.68%,0.16027694840943132,0.08749195432799586,0.12238505757790552,0.22708189158016148,0.0,28.73%,6.34%,44.0,
ARR,Armour Residential REIT,Real Estate,59.45,0.6,50.0,1.92B,19803570176.0,1.1753631632132433,,0.015362273620494851,,0.5504304598635675,,,2.72%,-15.81%,76.1,金融・不動産セクター特化評価
CNXC,Concentrix,Industrials,59.35,24.0,97.1,1.52B,5648895488.0,1.8076132970751666,37.71%,-0.11884711264272026,-0.023554385706729783,-0.1026025402457987,-1.1744154061918073,1.0,19.14%,-21.18%,83.2,要確認: FCF異常値(>30%)
EPC,Edgewell Personal Care,Consumer Staples,59.17,77.5,91.7,1.24B,2125118080.0,1.2494589941508039,19.46%,0.0067619732183265445,0.0834720035979312,0.006808008791444424,-0.3496846531184303,1.0,79.04%,28.55%,21.1,
BFAM,Bright Horizons Family Solutions Inc.,Consumer Discretionary,58.93,29.6,63.1,3.13B,5015315968.0,0.4285313183811697,7.68%,0.0496492829730952,0.13910077253019917,0.010202790989525803,0.18439238746491668,0.0,12.69%,-14.34%,74.6,
CARG,CarGurus,Communication Services,58.7,67.7,70.7,2.67B,2736991744.0,0.13994016016073133,9.02%,0.23553966855870323,0.30131866193300844,-0.19724911950478816,0.4067969361281555,0.0,24.48%,-7.49%,62.4,
FMC,FMC Corporation,Materials,58.49,29.9,80.9,1.31B,5007314432.0,1.577915199359146,12.62%,-0.23111941531092575,-0.42492934186998904,-0.1687161576549132,-3.216972615106831,1.0,0.46%,-37.75%,94.2,
CSR,Centerspace Trust,Real Estate,58.4,79.9,77.1,0.96B,2014033280.0,0.7517276041787618,11.01%,0.009130568637091177,0.6668518098968801,0.006510923563534021,0.3958817770162771,0.0,14.2%,-8.95%,64.5,金融・不動産セクター特化評価
GBX,"The Greenbrier Companies, Inc.",Industrials,58.23,59.3,2.2,1.26B,3003132416.0,1.220597592092364,-13.12%,0.04680548548364904,0.149743842972656,0.0249383006228699,0.12003693444136658,0.0,11.21%,-27.38%,88.7,
ADMA,"ADMA Biologics, Inc.",Health Care,58.16,75.4,26.8,2.18B,2244950016.0,0.2192426630487824,2.52%,0.23537346093342004,0.3878331467953028,0.27740966444161597,0.3397206291599239,0.0,18.95%,-40.66%,96.9,
LKQ,LKQ Corporation,Consumer Discretionary,58.14,6.3,80.6,5.77B,10804447232.0,1.1332339583249382,12.55%,0.040100416198718375,0.10563328693868582,0.01216984286191909,-0.08152866242038216,1.0,10.21%,-26.86%,87.8,
ADUS,Addus HomeCare Corp.,Health Care,58.08,79.3,49.0,2.08B,2044749440.0,0.5225768241758777,5.6%,0.06672891266172595,0.11069643522456468,0.01746666156980506,0.3055507192306098,0.0,63.91%,7.65%,42.8,
LZ,"LegalZoom.com, Inc.",Industrials,57.81,96.1,82.8,0.96B,806991936.0,0.1792149480660559,13.01%,0.030159015643510933,0.10732458339009818,0.3681338814548936,0.0068744726261974485,1.0,5.29%,-19.42%,81.7,
ASTE,"Astec Industries, Inc.",Industrials,57.75,91.6,11.8,0.97B,1281865472.0,0.7049160783190489,-0.12%,0.028379169104739616,0.07650311968235961,0.3100804906094289,1.0992217898832686,0.0,9.96%,-31.63%,92.4,
BBT,Beacon Financial Corp.,Financials,57.74,77.2,70.1,2.38B,2154020864.0,1.050819094139558,8.93%,0.0038875776839406365,,0.9504188293541899,,,55.19%,-2.93%,57.2,金融・不動産セクター特化評価
CPB,The Campbell's Company,Consumer Staples,57.53,2.7,76.4,5.85B,13213364224.0,0.6668529634866399,10.84%,,,-0.02225139481457171,,,4.0%,-21.06%,82.9,
ABG,Asbury Automotive Group,Consumer Discretionary,57.41,10.2,78.3,3.16B,8637583360.0,1.232666354671591,11.42%,0.04234735156908988,0.05685315850880605,0.12394311695849859,0.1131295550962689,1.0,7.65%,-16.82%,77.1,
DAN,Dana Incorporated,Consumer Discretionary,57.38,42.2,92.7,3.0B,4234237696.0,0.2800711724331952,21.05%,0.010886270491803279,0.06746666666666666,0.043013625434143735,1.7058823529411764,0.0,46.47%,-16.54%,76.8,
EZPW,"EZCORP, Inc.",Financials,57.08,73.1,11.5,1.86B,2359543040.0,0.5526463233568077,-0.59%,0.05617696515339976,0.15878770756819538,0.30669746329618136,0.24699559970911242,1.0,66.41%,13.53%,35.2,金融・不動産セクター特化評価
KFY,Korn/Ferry International,Industrials,56.99,47.3,55.4,4.02B,3712241664.0,0.4901419500042618,6.29%,0.06825320755682478,0.17262809577624488,0.05271696228967809,0.13854413078314579,0.0,45.41%,17.89%,30.6,
HMN,Horace Mann Educators Corporation,Financials,56.89,76.0,79.9,1.83B,2197877760.0,0.8088582123215547,12.15%,0.010617950296726186,,0.05375557365507531,,,27.82%,6.66%,43.4,金融・不動産セクター特化評価
HLX,"Helix Energy Solutions Group, Inc.",Energy,56.86,98.2,63.7,1.56B,562874112.0,1.0113029306006198,7.71%,0.011784453863750351,0.16259793073650727,0.007248140219015202,-0.17054355425470144,1.0,96.77%,,50.0,
EPAM,EPAM Systems,Information Technology,56.74,31.1,79.3,5.59B,4949782016.0,0.6582514971567747,11.64%,0.07704355815505731,0.12572420000820955,0.031925873486703324,0.02143256988363645,1.0,23.57%,-23.07%,85.0,
BANC,"Banc Of California, Inc.",Financials,56.64,48.8,68.2,2.81B,3660046080.0,1.2600122039057053,8.35%,0.006580167588180763,,0.037402232558317025,,,36.52%,0.4%,53.5,金融・不動産セクター特化評価
CUBI,"Customers Bancorp, Inc.",Financials,56.52,97.3,83.1,2.55B,745054336.0,0.8297240047389344,13.09%,0.009001011734156045,,0.11599421935597701,,,64.42%,8.36%,42.2,金融・不動産セクター特化評価
DBD,Diebold Nixdorf,Information Technology,56.48,59.0,85.4,2.16B,3013673984.0,0.5080900162816451,14.41%,0.02454337899543379,0.0888929763249862,0.08773811203612247,0.01015228426395939,1.0,24.7%,-19.17%,81.0,
EVTC,"EVERTEC, Inc.",Financials,56.35,65.9,71.0,1.68B,2769197824.0,0.3704618150527529,9.04%,0.06311694934596238,0.3699638770661224,0.20762420119174574,0.06993684145187071,1.0,43.02%,-5.2%,59.3,金融・不動産セクター特化評価
HUBG,"Hub Group, Inc.",Industrials,56.29,74.9,32.5,1.82B,2252739072.0,0.9035763955120762,3.25%,0.03627285858072064,0.08604623466003107,-0.023059576362367495,-0.16585111818574855,1.0,1.67%,-30.47%,91.7,
BANF,Bancfirst Corp,Financials,56.25,99.4,57.0,3.63B,-682529664.0,0.5107758774958915,6.53%,0.01621482141558673,,0.09477270483773653,,,24.03%,-3.34%,57.8,金融・不動産セクター特化評価
EYE,National Vision Holdings,Consumer Discretionary,56.2,81.4,36.9,1.3B,1957317760.0,0.6705548167436681,3.75%,0.014921776618987557,0.07986060796341915,-0.011999874487678126,0.7718068361947713,0.0,10.81%,-38.42%,95.1,
GVA,"Granite Construction, Inc.",Industrials,55.97,20.4,88.9,5.33B,5982169088.0,0.22130638220091065,18.0%,0.04788689341213127,0.11266733704323251,0.3320728900023301,0.41730852887740216,0.0,34.96%,-8.83%,64.2,
FIBK,"First Interstate BancSystem, Inc.",Financials,55.74,58.4,66.2,3.43B,3067265792.0,1.0046733896872233,8.1%,0.01133983468840792,,-0.08569055578054321,,,60.0%,6.31%,44.6,金融・不動産セクター特化評価
AGX,"Argan, Inc.",Industrials,55.66,40.4,69.4,5.39B,4367543296.0,0.0858413431072486,8.69%,0.11613228429288391,0.1491351949913509,0.41869851128939867,0.5009749081029248,0.0,23.31%,-12.41%,71.9,
ADAM,"Adamas Trust, Inc.",Real Estate,55.3,3.3,50.0,0.7B,12347594752.0,2.032765098227211,,0.011792847876076037,,0.37121192559802335,,,34.78%,4.2%,47.7,金融・不動産セクター特化評価
DEA,"Easterly Government Properties, Inc.",Real Estate,55.19,63.5,77.7,1.15B,2857458432.0,1.1538245487100276,11.12%,0.003847303218858088,0.6007396630159566,0.048617917507867495,0.12581407797305735,0.0,52.59%,6.31%,44.3,金融・不動産セクター特化評価
MBC,"MasterBrand, Inc.",Industrials,55.12,62.6,50.0,1.43B,2876703232.0,,,,,,,,9.76%,,50.0,
EIG,"Employers Holdings, Inc.",Financials,55.02,95.5,22.6,0.88B,875999680.0,1.0830692957640238,2.08%,0.0031426409823662924,,-0.029565413831078982,,,79.48%,20.18%,28.7,金融・不動産セクター特化評価
EGBN,Eagle Bancorp Inc,Financials,54.92,98.8,24.8,0.87B,463776160.0,1.307637379143963,2.4%,-0.013151312783033728,,-0.05681338294558933,,,93.62%,11.86%,37.3,金融・不動産セクター特化評価
AORT,Artivion,Health Care,54.87,89.8,18.8,1.09B,1418402304.0,0.412072136018857,1.2%,0.011039832910637029,0.14460834296331543,0.12127091462309642,0.2521582169204207,0.0,10.83%,-42.23%,97.6,
BANR,Banner Corporation,Financials,54.81,72.2,75.8,2.31B,2428057600.0,0.843686728816343,10.75%,0.011946690107327114,,0.009533990570515363,,,60.88%,13.8%,34.9,金融・不動産セクター特化評価
HOPE,"Hope Bancorp, Inc.",Financials,54.72,85.6,69.1,1.75B,1746799360.0,1.3065848854952997,8.67%,0.003323399684409776,,0.0866434447550394,,,81.0%,22.56%,25.1,金融・不動産セクター特化評価
CNMD,CONMED Corporation,Health Care,54.62,76.6,72.6,1.39B,2184262912.0,0.7446593061120026,9.47%,0.020232191865932222,0.12837849633817405,0.008456162761404134,-0.35159433175473853,1.0,66.97%,6.7%,43.1,
BLKB,Blackbaud,Information Technology,54.55,60.2,78.0,1.9B,2989995008.0,0.04487176738415012,11.29%,0.04809087950635007,0.2534357233696543,-0.042194711538461535,3.1157269371055687,0.0,35.85%,-17.06%,77.7,
FBK,FB Financial Corp.,Financials,54.36,81.7,48.1,2.67B,1926430080.0,0.7296957436649675,5.51%,0.007522687323638129,,0.23886105259349774,,,31.16%,-0.52%,54.1,金融・不動産セクター特化評価
HFWA,Heritage Financial Corporation,Financials,54.3,93.7,61.8,1.15B,1135735808.0,0.8003586424947999,7.44%,0.009692637803469038,,-0.019550037305042105,,,68.68%,9.2%,40.4,金融・不動産セクター特化評価
CALX,Calix,Information Technology,54.12,80.2,29.0,2.19B,2011454464.0,0.39201943961702607,2.8%,0.016895255837856938,0.03869961300386996,0.12696602776420338,2.6479305058763414,0.0,6.33%,-33.8%,93.0,
DFIN,"Donnelley Financial Solutions, Inc.",Financials,54.09,91.0,79.0,1.14B,1331095424.0,0.33126712105892764,11.6%,0.04047976011994003,0.160625814863103,-0.04895437262357415,-0.41249403910348115,1.0,51.86%,-10.06%,68.5,金融・不動産セクター特化評価
CERT,"Certara, Inc.",Health Care,53.93,88.3,41.1,1.43B,1544840960.0,0.744377772561101,4.38%,-0.0010246809997802879,0.24476289161919407,-0.011759223517939133,0.4165733946855698,0.0,53.14%,29.28%,19.9,
HAFC,Hanmi Financial Corporation,Financials,53.86,96.7,93.9,0.94B,767411328.0,0.8481286893607572,21.69%,0.009669235124094807,,0.024910376175854804,,,82.82%,22.39%,25.4,金融・不動産セクター特化評価
ALG,Alamo Group,Industrials,53.69,79.6,43.9,1.96B,2043510016.0,0.5861785383124026,4.66%,0.06460846898076454,0.13079630732393224,0.10779787889088926,-0.060467616232195646,1.0,20.57%,-12.51%,72.5,
ALGT,Allegiant Travel Company,Industrials,53.68,45.2,71.7,2.12B,3907077120.0,0.49615182888755494,9.17%,-0.01061837539355362,0.12542953810339147,-0.049765082498222854,4.372122446967581,0.0,30.82%,-19.1%,80.7,
CLSK,"CleanSpark, Inc.",Information Technology,53.68,32.6,20.4,3.27B,4856144384.0,0.6648004495972117,1.49%,0.11448060406498115,0.9959951142743053,0.6220984560764921,51.16629075251179,0.0,30.37%,28.82%,20.8,
AKR,Acadia Realty Trust,Real Estate,53.62,38.3,58.9,2.72B,4545028608.0,0.8194198901842663,6.91%,0.0034929644551173916,0.5189662014280949,0.10659514097149,-0.111121767340233,1.0,3.93%,-8.54%,63.9,金融・不動産セクター特化評価
HSTM,"HealthStream, Inc.",Health Care,53.57,95.8,47.1,0.94B,847873408.0,0.37543589305212655,5.34%,0.03524772567422661,0.20954141233424542,0.018810962358496847,0.01893491124260355,0.0,97.5%,42.64%,13.8,
BFH,"Bread Financial Holdings, Inc.",Financials,53.57,54.2,50.0,3.77B,3369009152.0,0.8831940015820721,,0.022856638573886954,,-0.009960246385042157,,,72.85%,35.46%,16.5,金融・不動産セクター特化評価
AAT,American Assets Trust,Real Estate,53.43,64.1,51.9,1.67B,2849438720.0,0.6884166933255702,5.87%,0.024431104763808692,0.6363352926612319,-0.1075617903900115,0.014176519591365476,0.0,46.42%,15.68%,33.0,金融・不動産セクター特化評価
IBP,"Installed Building Products, Inc.",Consumer Discretionary,53.42,21.6,49.7,5.13B,5900859904.0,0.13838798118953363,5.64%,0.1283365570599613,0.1796149185404605,0.003932229719889315,0.030513711857860178,0.0,3.92%,-40.05%,96.0,
IART,Integra Lifesciences Holdings,Health Care,53.3,66.5,72.9,0.99B,2762189312.0,1.0581121479078217,9.57%,-0.14338530166982186,-0.19900076135380326,-0.10784673593855884,-2.6835758039816233,1.0,33.76%,20.08%,29.1,
ABM,"ABM Industries, Inc.",Industrials,53.16,37.1,73.2,2.87B,4641956352.0,0.6220829549181165,9.8%,0.03081886326975994,0.048239746624132454,0.033802872165110256,0.29735547355473557,0.0,83.81%,12.94%,36.1,
BL,"BlackLine Systems, Inc.",Information Technology,52.98,84.7,69.7,1.59B,1780486656.0,0.20858846546094467,8.7%,0.013934490050974158,0.14978291813422384,-0.035899017882386974,-0.4292087638260945,1.0,7.77%,-25.07%,86.5,
COTY,Coty,Consumer Staples,52.82,22.5,87.3,2.34B,5851826176.0,1.3370038306685814,15.48%,-0.059291792478726325,0.009678641545827163,-0.14337781435541708,-0.814030443414957,1.0,31.7%,8.57%,41.9,
ARLO,Arlo Technologies,Information Technology,52.7,92.2,42.7,1.38B,1241896064.0,0.0929551235718761,4.54%,0.04806342336772415,0.018896763064971085,0.04071045576407507,1.315600151457781,0.0,19.46%,-15.31%,75.5,
BRC,Brady Corporation,Industrials,52.52,45.5,40.1,3.98B,3872559360.0,0.34142922030883804,4.19%,0.11089830227506264,0.18896883359964853,0.06786553057714186,0.11151467521939373,0.0,49.48%,-5.82%,60.2,
GNW,"Genworth Financial, Inc.",Financials,52.5,32.9,90.1,3.61B,4851477504.0,2.4248454217854274,18.67%,0.0025317030528024705,,0.014535653816472973,,,60.0%,13.02%,35.8,金融・不動産セクター特化評価
ENR,Energizer,Consumer Staples,52.34,34.4,81.8,1.51B,4771773440.0,0.11222308178453591,12.85%,0.0524502381109136,0.19138415687337013,0.049350589535740605,0.7124242424242424,0.0,66.25%,14.62%,34.3,
DCOM,"Dime Community Bancshares, Inc.",Financials,52.2,97.9,74.5,1.76B,597838016.0,0.8380455599256844,10.36%,0.00721448716893269,,0.06886053326708125,,,87.21%,23.22%,23.9,金融・不動産セクター特化評価
DCH,Dauch Corporation,Consumer Discretionary,52.14,23.7,97.8,1.33B,5651185664.0,0.48099118044951705,40.65%,-0.0029534346796198014,0.11343738756489112,0.31824739619360065,-0.07849686847599165,1.0,15.7%,-7.28%,62.1,要確認: FCF異常値(>30%)
LKFN,Lakeland Financial,Financials,52.12,90.7,59.9,1.47B,1352204672.0,0.519223365853042,7.07%,0.01478693486229371,,0.04666525115245118,,,42.55%,3.05%,50.5,金融・不動産セクター特化評価
KMT,Kennametal,Industrials,52.12,56.0,5.4,2.49B,3196248064.0,0.6303796888975742,-6.9%,0.10811992855771466,0.26861524047629354,0.2441019371323778,1.157396994172375,0.0,52.16%,-18.69%,79.8,
BKU,"BankUnited, Inc.",Financials,52.11,30.8,50.0,3.09B,4951862784.0,0.9882766122183397,,0.0076585960208109425,,-0.005740096502607618,,,48.68%,-7.09%,61.5,金融・不動産セクター特化評価
AMN,"Amn Healthcare Services, Inc.",Health Care,52.01,83.5,95.9,1.42B,1832653568.0,0.4526081602860485,31.42%,-0.045700625612731346,0.037037403279850896,-0.13313590484355228,0.42221472168312096,0.0,97.35%,74.51%,5.2,要確認: FCF異常値(>30%)
EFC,"Ellington Financial, Inc.",Financials,51.93,0.9,50.0,1.52B,19318312960.0,1.2051314721323172,,0.00758898790931183,,0.1860560636410013,,,10.92%,1.17%,52.9,金融・不動産セクター特化評価
HTH,Hilltop Holdings Inc.,Financials,51.84,49.4,8.6,2.2B,3632811776.0,0.9844453457697337,-2.52%,0.010450682404802425,,-0.026010059300611645,,,79.65%,2.34%,51.4,金融・不動産セクター特化評価
HRMY,"Harmony Biosciences Holdings, Inc.",Health Care,51.79,84.1,64.6,2.31B,1800890624.0,0.3769640817269364,7.92%,0.12479013172846526,0.2936808324687692,0.27264911929543634,0.0926944630096139,1.0,78.58%,40.22%,14.4,
INDB,Independent Bank Corp.,Financials,51.77,52.4,55.7,3.79B,3518296064.0,0.9402373911878301,6.3%,0.00823356706502528,,0.28592213152303153,,,69.22%,3.19%,50.2,金融・不動産セクター特化評価
CRK,"Comstock Resources, Inc.",Energy,51.72,13.8,1.3,3.75B,7461841408.0,0.7053513092908161,-23.15%,0.05996850035007539,0.7118496580757342,0.09792471032640213,1.1509239425938085,0.0,4.13%,-38.11%,94.5,
CCS,"Century Communities, Inc.",Consumer Discretionary,51.64,55.1,43.0,1.7B,3305080832.0,1.5225232864879041,4.59%,0.033094276883200165,0.05722086659530198,-0.016012674761145793,-0.4897506193371793,1.0,43.85%,-7.53%,62.7,
AVA,Avista Corporation,Utilities,51.61,19.8,4.1,2.96B,6309312512.0,0.9160344025217447,-7.95%,0.023088886230410336,0.3329938900203666,0.05263820677496537,0.08637873754152824,0.0,9.4%,-9.67%,67.3,
CWK,Cushman & Wakefield plc,Real Estate,51.6,27.8,76.1,2.8B,5327487488.0,0.698873690542387,10.81%,0.01148946148034286,0.05065025952061585,0.016875960366661367,-0.15185546875,1.0,6.0%,-10.91%,69.4,金融・不動産セクター特化評価
JJSF,J&J Snack Foods Corp.,Consumer Staples,51.6,87.7,38.9,1.46B,1590642816.0,0.6612883716973691,3.94%,0.04748096454508538,0.10185108572143203,0.0120137630841967,-0.15738815095049485,1.0,31.52%,-6.68%,61.2,
BKE,"The Buckle, Inc.",Consumer Discretionary,51.52,74.0,52.5,2.21B,2305614336.0,0.19215629274252674,5.96%,0.21158927002387823,0.22103117884785045,0.08553253326587623,0.08513109166770692,1.0,17.99%,-17.19%,78.3,
GSHD,"Goosehead Insurance, Inc.",Financials,51.3,90.4,23.9,1.63B,1356318592.0,-0.058719475120098986,2.27%,0.06708463496471133,,0.04328145393093979,,,25.62%,-12.92%,73.1,金融・不動産セクター特化評価
BOOT,"Boot Barn Holdings, Inc.",Consumer Discretionary,51.3,41.0,14.0,3.69B,4357903872.0,0.3572512254285749,0.34%,0.09219309612971031,0.1689413579110317,0.21409787113216364,0.2521374829001368,0.0,2.93%,-34.75%,93.3,
CFFN,Capitol Federal Savings Bank,Financials,51.2,70.4,44.9,1.06B,2553950976.0,0.9897659674436805,4.71%,0.0069564454419866195,,0.026354253869386734,,,79.33%,21.31%,27.5,金融・不動産セクター特化評価
FRPT,Freshpet,Consumer Staples,51.16,58.7,15.9,2.9B,3038827520.0,0.4173576154445835,0.67%,0.07826468478856999,0.15844974886911703,0.12883347154509747,0.3089505247376312,0.0,34.92%,-28.36%,89.6,
FCF,"First Commonwealth Financial, Corp.",Financials,51.12,76.3,67.2,2.08B,2193266432.0,0.7481198683498163,8.25%,0.012339103604656098,,0.06543842797232544,,,75.75%,17.01%,31.5,金融・不動産セクター特化評価
LAZ,Lazard,Financials,51.05,33.5,84.1,3.55B,4808625152.0,0.24605513506909588,13.73%,0.04793437574255161,0.14276039128658624,0.03060934799028701,-0.12022630280725109,1.0,3.86%,-24.97%,86.2,金融・不動産セクター特化評価
HCSG,"Healthcare Services Group, Inc.",Industrials,50.94,91.3,45.5,1.43B,1285361024.0,0.3562038315264356,4.91%,0.07435791869844999,0.046932978004793235,-0.010611979491063465,0.16575631388242928,0.0,54.05%,-2.02%,56.9,
JBSS,"John B. Sanfilippo & Son, Inc.",Consumer Staples,50.89,95.2,34.7,0.8B,909437312.0,0.4742016187445145,3.63%,0.09404158334358265,0.1009668504762804,0.1020376403732913,0.05153872047906738,1.0,28.63%,-10.98%,69.7,
MC,Moelis & Company,Financials,50.88,40.7,50.0,4.17B,4363005952.0,,,,,,,,19.37%,,50.0,金融・不動産セクター特化評価
DFH,"Dream Finders Homes, Inc.",Consumer Discretionary,50.7,66.2,1.6,0.97B,2768863744.0,1.6163071031232774,-22.37%,0.058269062992624514,0.06910097232195071,0.11981820863767334,-0.3362626570113788,1.0,3.49%,-38.75%,95.4,
FOXF,Fox Factory,Consumer Discretionary,50.67,90.1,54.5,0.78B,1402543232.0,0.8549594157328617,6.23%,-0.3257540456133068,-0.2932637098494467,-0.25194291360075316,-4.076711878221949,1.0,43.06%,3.32%,49.8,
HZO,"MarineMax, Inc.",Consumer Discretionary,50.6,78.4,87.6,1.16B,2102690176.0,0.8105492642085301,15.86%,-0.012803802402650865,0.036087746526202016,-0.05168003292044584,-0.5174827604175714,1.0,99.33%,76.08%,4.0,
FFBC,First Financial Bancorp,Financials,50.29,51.2,72.3,3.35B,3566445056.0,0.8262197611281791,9.46%,0.01209713735552758,,0.13780732537900248,,,66.79%,15.59%,33.3,金融・不動産セクター特化評価
AGNT,"eXp World Holdings, Inc.",Real Estate,50.2,98.5,88.2,0.6B,498818464.0,0.40477850951582545,16.48%,-0.051333393599710724,-0.002494388986803249,0.1324675856491316,-1.393846153846154,1.0,2.83%,-46.48%,98.5,金融・不動産セクター特化評価
CE,Celanese,Materials,50.19,2.1,92.0,4.85B,16303805440.0,0.8348789625512351,19.59%,-0.05369900898824614,0.02797569153394803,-0.05004816533847097,-0.44375,1.0,25.47%,-13.8%,74.0,
LTC,"LTC Properties, Inc.",Real Estate,50.14,57.5,77.4,2.32B,3130071296.0,0.4637671255570465,11.05%,0.05721075041463391,0.7503747327413698,0.15447707964988225,0.14953200219137205,1.0,93.98%,12.67%,37.0,金融・不動産セクター特化評価
FUN,Six Flags,Consumer Discretionary,49.93,18.9,98.1,1.19B,6449071104.0,0.46319929590087416,40.73%,-0.1986698126295485,-0.2796852164427252,-0.14580928394408377,-2.4770270891781263,1.0,6.8%,-30.58%,92.0,要確認: FCF異常値(>30%)
ASTH,"Astrana Health, Inc.",Health Care,49.92,76.9,82.5,1.78B,2183104768.0,,12.99%,0.01013539247320794,0.04251817149516511,0.63751629278748,-0.04624159275813934,1.0,53.1%,46.39%,11.9,
BNL,"Broadstone Net Lease, Inc.",Real Estate,49.9,19.5,51.3,3.95B,6341282304.0,0.7344292213173381,5.84%,0.016877819419663275,0.790779454703196,0.09601417984796844,-0.10313420908046551,1.0,23.63%,1.85%,52.0,金融・不動産セクター特化評価
BOH,Bank of Hawaii,Financials,49.89,55.4,57.6,2.73B,3261638400.0,0.6773247226112733,6.74%,0.00851666528515206,,0.024373849471681718,,,36.81%,-9.34%,66.4,金融・不動産セクター特化評価
AAP,"Advance Auto Parts, Inc.",Consumer Discretionary,49.8,33.2,8.9,2.34B,4844272128.0,0.940815059023809,-2.34%,0.0037206155927617113,0.03720497616556214,0.09520281533617336,1.8101265822784811,0.0,2.89%,-24.81%,85.9,
AROC,"Archrock, Inc.",Energy,49.77,12.9,42.4,5.32B,7673216000.0,0.2804582462912063,4.54%,0.07410151141424007,0.5708173750082225,0.1373093231142159,0.5377190634967706,0.0,38.5%,-16.38%,76.5,
CPF,Central Pacific Financial Corp.,Financials,49.7,97.6,73.6,0.94B,649823488.0,0.631937156328631,9.84%,0.010457211474157744,,-0.008411963657854503,,,66.42%,15.91%,32.1,金融・不動産セクター特化評価
LQDT,"Liquidity Services, Inc.",Industrials,49.63,93.4,53.2,1.35B,1137209856.0,0.15005325435343295,6.05%,0.07489449508265773,0.09540163090110748,0.08133172666682041,0.28012048192771083,0.0,92.41%,33.92%,16.8,
GNL,"Global Net Lease, Inc.",Real Estate,49.56,44.6,91.1,1.91B,4026192384.0,0.8716841858752731,19.18%,-0.051862542420954345,0.6288689767124449,-0.37502149296612136,-0.43353538880674514,1.0,30.14%,-9.23%,65.4,金融・不動産セクター特化評価
MBGL,"Mobility Global, Inc.",Industrials,49.27,15.6,50.0,5.08B,6895875072.0,,,,,,,,2.87%,,50.0,
ASO,Academy Sports + Outdoors,Consumer Discretionary,49.27,36.5,50.0,3.0B,4671411200.0,0.723614003968558,5.65%,0.07139765580526644,0.106574075389524,0.07673451115627684,-0.06929200424716664,1.0,35.17%,-17.76%,79.2,
AEO,American Eagle Outfitters,Consumer Discretionary,49.25,35.9,60.2,2.97B,4740176896.0,0.5705224858682254,7.1%,0.047879880688733265,0.09914937817680733,0.04670203809934021,-0.17340833707801,1.0,25.35%,-19.22%,81.3,
ADEA,"Adeia, Inc.",Information Technology,49.14,58.1,58.6,2.84B,3096792064.0,0.16928736136882713,6.87%,0.10687451109060592,0.5409800940940851,-0.053424484111912904,0.16153604028958138,0.0,62.16%,30.25%,19.3,
CNS,"Cohen & Steers, Inc.",Financials,49.09,47.6,39.8,3.75B,3711545856.0,0.14970356045428374,4.18%,0.17476679434329423,0.36576691891891894,0.07918598267283466,0.03967255027287477,1.0,51.86%,10.53%,38.5,金融・不動産セクター特化評価
DMC,Del Monte Corporation,Consumer Staples,49.06,81.1,5.1,1.4B,1972528256.0,1.4413491758039139,-7.14%,0.029650212487741093,0.04964949216852139,-0.012014727730766747,-0.19805680119581465,1.0,18.7%,-28.48%,90.2,
CTS,CTS Corporation,Information Technology,48.76,85.9,39.2,1.76B,1740913664.0,0.3136820165718901,4.1%,0.08545866800294645,0.2265174998799227,-0.0014580097122259862,0.18198555991478615,0.0,76.28%,20.54%,28.4,
APLE,"Apple Hospitality REIT, Inc.",Real Estate,48.66,26.0,72.0,3.9B,5492231168.0,0.807803178666171,9.26%,0.03577267084140968,0.31891494251571456,-0.013630400489343893,-0.06812906269007493,1.0,88.02%,40.75%,14.1,金融・不動産セクター特化評価
ALRM,"Alarm.Com, Inc.",Financials,48.61,65.0,36.3,2.68B,2816265728.0,0.3159772123119021,3.73%,0.06204931126266094,0.2275543494922304,0.048269362106320844,0.1780969203594194,0.0,79.2%,10.87%,38.2,金融・不動産セクター特化評価
FIZZ,National Beverage Corp.,Consumer Staples,48.61,65.3,43.6,2.84B,2785138944.0,0.22397554117218052,4.63%,0.2156386390135819,0.21412440959822185,0.26571203519305653,-0.01356044642160306,1.0,14.61%,-10.38%,69.1,
ENPH,Enphase Energy,Information Technology,48.57,44.0,21.0,4.41B,4098538496.0,0.24641858856827356,1.78%,0.04904364703093517,0.19686554852900742,0.08004367204607475,0.37788484839845476,0.0,16.03%,-22.52%,84.4,
AHCO,AdaptHealth Corp.,Health Care,48.54,65.6,2.5,0.76B,2776681216.0,1.9931167946003343,-10.59%,-0.016400495114531722,0.14562305827344627,-0.037970138715701346,-0.24759522372659512,1.0,4.74%,-40.43%,96.3,
DEI,Douglas Emmett,Real Estate,48.52,9.9,92.4,1.97B,8674628608.0,0.9645225348666107,20.05%,0.0017513655257148843,0.6515823988876295,-0.012284419962355244,0.05329282312366563,0.0,12.04%,3.72%,48.6,金融・不動産セクター特化評価
ACIW,ACI Worldwide,Information Technology,48.28,23.4,46.5,5.06B,5759101440.0,0.30004076647418354,5.15%,0.07299993204305315,0.26773941317731403,0.026316128718772033,0.062259327062685436,0.0,52.54%,21.11%,28.1,
DV,DoubleVerify Holdings Inc.,Communication Services,48.1,80.8,63.4,2.11B,1992428544.0,0.5369649567282562,7.7%,0.03740541562475537,0.18845743166762663,0.06101817099066768,0.04364911969094825,1.0,97.34%,32.78%,18.0,
KTB,Kontoor Brands,Consumer Discretionary,48.09,35.6,80.3,3.54B,4750944768.0,0.15971874295827942,12.46%,0.08806848101501082,0.12790313330305006,0.5647446076705852,0.04761719176267012,1.0,26.0%,-15.38%,75.8,
ABCB,Ameris Bancorp,Financials,47.94,24.6,58.0,5.47B,5632342016.0,0.7458130707780203,6.76%,0.014978769168159229,,0.04774299797616713,,,51.76%,3.4%,49.2,金融・不動産セクター特化評価
CBU,"Community Bank System, Inc.",Financials,47.71,47.0,61.1,3.19B,3717468160.0,0.6282089345564645,7.31%,0.012162711659096626,,0.055977635602589615,,,40.96%,1.6%,52.3,金融・不動産セクター特化評価
LYFT,"Lyft, Inc.",Industrials,47.58,26.9,50.0,5.85B,5349962240.0,,,,,,,,22.94%,17.03%,31.2,
EMN,Eastman Chemical Company,Materials,47.56,4.2,61.5,7.42B,12268367872.0,0.803762634970637,7.34%,0.03189985867151222,0.14853747714808044,-0.02326957207651351,-0.2789794786466999,1.0,32.02%,-9.34%,66.1,
FIVN,"Five9, Inc.",Information Technology,47.23,66.8,74.2,2.57B,2756702464.0,0.306063031548865,10.15%,0.02201925064382957,0.10511118382578184,-0.12731192357306453,1.1975546741384957,0.0,78.88%,94.56%,2.1,
HP,"Helmerich & Payne, Inc.",Energy,47.13,25.1,81.5,3.85B,5580692480.0,0.7070680919949534,12.79%,-0.024411183377579023,0.17586164276525468,0.1597814420109106,-0.2740372271082817,1.0,63.65%,14.91%,33.9,
CATY,Cathay General Bancorp,Financials,46.86,62.3,70.4,4.06B,2887853824.0,0.7207397406211661,8.96%,0.013005758458412911,,0.05096119091823478,,,78.64%,22.9%,24.5,金融・不動産セクター特化評価
LIF,Life360,Information Technology,46.68,54.5,22.9,3.51B,3354983168.0,0.15609699600152588,2.13%,0.15716774618417653,0.06671556199321323,1.1733049504053625,14.309892170651665,0.0,8.06%,-1.98%,56.6,
CURB,Curbline Properties Corp.,Real Estate,46.62,47.9,45.2,3.22B,3697553920.0,0.5922100422793612,4.72%,0.016126472291166455,0.6820217285516669,0.21479141684267064,1.349582776092976,0.0,60.81%,1.53%,52.6,金融・不動産セクター特化評価
CNR,"Core Natural Resources, Inc.",Energy,46.61,40.1,53.8,4.42B,4389269504.0,0.8330011263814021,6.21%,-0.024994237407082776,0.10264372024899304,1.128828428677745,-0.2583033320899083,1.0,35.48%,-3.12%,57.5,
CVCO,"Cavco Industries, Inc.",Consumer Discretionary,46.49,41.6,35.4,4.5B,4278937856.0,0.24518970489417305,3.64%,0.12778889157885348,0.11952925032468184,0.06006774985870635,0.16217738232414683,0.0,52.58%,3.86%,48.3,
BFS,"Saul Centers, Inc.",Real Estate,46.4,68.0,65.9,1.05B,2700510720.0,0.2938821253249793,8.07%,0.017344699488319574,0.6063593048650476,0.017058846766653937,0.035602538492814084,0.0,10.8%,-9.62%,67.0,金融・不動産セクター特化評価
JBTM,JBT Marel Corporation,Industrials,46.35,15.0,53.5,5.63B,7197124096.0,0.7923217728918435,6.05%,-0.006165529197748666,0.08377652572271076,1.399291112543207,0.5582761998041136,1.0,6.31%,-28.89%,90.5,
JOE,St. Joe Company,Real Estate,46.22,43.4,31.5,3.72B,4164784896.0,0.20587500910450654,3.19%,0.07614924928840787,0.4541019316273288,-0.01309524273775587,0.3070318589926928,0.0,69.97%,-9.54%,66.7,金融・不動産セクター特化評価
AX,"Axos Financial, Inc.",Financials,46.18,28.1,50.3,5.05B,5296195584.0,0.6275902140423739,5.77%,0.016366535745817458,,0.208964802515652,,,45.51%,-1.16%,55.7,金融・不動産セクター特化評価
ACAD,Acadia Pharmaceuticals,Health Care,46.12,70.1,21.7,3.42B,2554875136.0,0.3592898083377403,2.01%,0.2499688338090839,0.1087918395154479,0.3169329390884997,0.1638246041412911,1.0,3.17%,-11.33%,70.6,
FULT,Fulton Financial Corporation,Financials,46.06,29.0,57.3,4.35B,5093337088.0,0.8015243148523531,6.53%,0.012192668377005082,,0.0014526776006717425,,,71.96%,12.85%,36.4,金融・不動産セクター特化評価
GPI,"Group 1 Automotive, Inc.",Consumer Discretionary,46.03,10.8,42.0,2.98B,8553717248.0,0.9363306643395048,4.53%,0.031421504212723196,0.037897516325970035,0.053480181592394295,-0.16252202858821227,1.0,6.95%,-22.23%,84.1,
AUB,"Atlantic Union Bankshares, Corp.",Financials,46.0,17.4,97.5,5.54B,6564674048.0,0.9030178499197009,40.13%,0.007282413437814763,,0.5287882937311826,,,62.35%,5.33%,46.2,金融・不動産セクター特化評価
CRSR,Corsair Gaming,Information Technology,45.98,88.6,46.8,1.49B,1499887232.0,0.4247043031558015,5.18%,-0.012888184886710948,0.03490098337498642,0.014528709068973135,13.913232733604179,0.0,88.68%,138.99%,0.6,
FBNC,First Bancorp (Southern Pines NC),Financials,45.89,77.8,64.0,2.58B,2117508224.0,0.641053766383019,7.71%,0.00876579005345531,,0.04285957482959317,,,78.63%,8.72%,41.3,金融・不動産セクター特化評価
DGII,Digi International Inc.,Information Technology,45.78,60.8,41.4,2.87B,2959673600.0,0.22168695192236143,4.46%,0.044224979027709437,0.21031283921519406,0.13197681194982055,0.25860342189456115,0.0,78.58%,51.58%,11.0,
AWI,"Armstrong World Industries, Inc.",Industrials,45.72,14.1,31.8,6.89B,7395312128.0,0.13065151666163993,3.2%,0.16038863199459655,0.34162142152023695,0.04449991859770988,0.1297694348092226,0.0,23.01%,-3.41%,58.1,
FTDR,"Frontdoor, Inc.",Consumer Discretionary,45.41,22.2,55.1,5.32B,5878319616.0,0.04547744285158703,6.27%,0.11904761904761904,0.24175824175824176,0.016611295681063124,0.30412371134020616,0.0,63.99%,11.76%,37.6,
CAG,Conagra Brands,Consumer Staples,45.41,2.4,60.8,6.38B,13791947776.0,0.9967674381697645,7.23%,-0.11092715231788079,-0.09203481775634662,-0.17481214680494317,-1.5282356532356531,1.0,10.65%,-26.93%,88.1,
CPK,Chesapeake Utilities Corp.,Utilities,45.26,35.3,5.7,3.22B,4764980224.0,0.4969003811181471,-6.86%,0.03512065685391008,0.40118279569892473,0.11680178920883422,0.1969842797561758,0.0,38.72%,-5.55%,59.9,
MARA,"MARA Holdings, Inc.",Information Technology,45.19,18.3,50.0,4.34B,6481672192.0,,,,,,,,27.22%,29.68%,19.6,
DRH,DiamondRock Hospitality Company,Real Estate,45.17,48.5,29.9,2.58B,3667728384.0,0.5608172812819846,2.95%,0.03376933989102111,0.24511040249319271,-0.05313261781618163,0.21026933652964816,0.0,80.67%,30.56%,19.0,金融・不動産セクター特化評価
LPG,Dorian LPG Ltd.,Energy,45.04,67.1,6.1,2.45B,2751693824.0,0.46535289589758355,-4.89%,0.10347100848392092,0.6066832890269258,0.052304781326763534,0.5137858729380462,0.0,92.38%,65.11%,6.4,
EBC,"Eastern Bankshares, Inc.",Financials,45.01,31.4,68.8,4.91B,4947875328.0,0.8849240781965368,8.42%,0.0028842127481163806,,0.19676812004751568,,,67.74%,12.7%,36.7,金融・不動産セクター特化評価
GRBK,"Green Brick Partners, Inc.",Consumer Discretionary,44.89,56.9,12.7,2.87B,3148357888.0,0.6483786327133787,0.24%,0.12357151564621127,0.20321334278434153,0.12656611528741854,-0.13963315166634152,1.0,27.35%,-7.17%,61.8,
AIR,AAR Corp.,Industrials,44.79,31.7,16.6,4.12B,4942338560.0,0.41351270236464144,0.81%,0.05593134479573289,0.11792623941958888,0.17974407649581664,1.3014749262536873,0.0,33.9%,-12.26%,71.6,
AGYS,"Agilysys, Inc.",Information Technology,44.66,68.3,22.0,2.8B,2687408384.0,0.11672330136259305,2.05%,0.08055813992125069,0.18524515207696549,0.108566429541635,0.6821943520177459,0.0,45.09%,26.53%,22.6,
CVSA,Covista Inc.,Consumer Discretionary,44.54,34.7,62.7,4.27B,4770370048.0,0.3385905476428467,7.58%,0.08350162046902654,0.23913801088488987,0.09459400541791166,0.09357609229833143,1.0,55.58%,22.18%,26.3,
MAN,ManpowerGroup,Industrials,44.18,46.4,50.0,2.52B,3758241792.0,,,,,,,,74.9%,97.58%,1.8,
BTU,"Peabody Energy, Inc.",Energy,44.17,60.5,9.2,3.02B,2972239104.0,1.169313382356128,-1.78%,-0.009109381457501033,0.10081574517674478,-0.024606547189142885,-0.5677326226959805,1.0,22.53%,-28.43%,89.9,
HIW,Highwoods Properties,Real Estate,44.16,15.3,66.6,3.33B,6928537088.0,0.7138857462848005,8.13%,0.0254408864239083,0.756764568695169,0.040548781751945276,0.10815479801924803,0.0,61.51%,36.25%,15.9,金融・不動産セクター特化評価
BCPC,Balchem Corporation,Materials,44.12,26.6,27.1,5.31B,5413144064.0,0.23681865547662087,2.54%,0.09182791184235808,0.2458046532794812,0.07038405556532398,0.10385184928600501,0.0,61.23%,-8.17%,63.6,
FA,First Advantage Corporation,Industrials,43.94,32.3,59.6,3.11B,4908134400.0,0.4227684876772438,6.92%,-0.009083411193379314,0.2413628398064265,-0.022710535311567255,3.569932172407158,0.0,56.77%,52.92%,9.5,
KAI,Kadant Inc.,Industrials,43.71,51.5,33.1,3.17B,3561538816.0,0.30863579438956157,3.33%,0.05955513971094127,0.19992910416555792,0.19703847673113828,-0.05527987965062757,1.0,21.94%,-21.78%,83.8,
AZTA,"Azenta, Inc.",Health Care,43.47,89.5,36.6,1.7B,1425745280.0,1.0173252015901306,3.73%,-0.027074911316956548,0.06657898592336747,-0.01937041278124427,-0.22301705840735792,1.0,87.55%,57.91%,8.0,
CALY,Callaway Golf Company,Consumer Discretionary,43.34,69.2,35.0,2.6B,2574777088.0,0.7964976028120907,3.63%,-0.05617622838320066,0.0944614339109752,-0.045848011419441864,-0.11141552511415526,1.0,50.97%,2.26%,51.7,
BCC,Boise Cascade,Industrials,43.16,62.9,20.7,2.62B,2860935424.0,0.7929967495907575,1.66%,0.040974193562317414,0.05677923428413506,-0.037822948593258764,-0.4598442132531624,1.0,37.04%,-4.19%,58.4,
HLIT,Harmonic Inc.,Information Technology,43.11,94.0,50.6,1.22B,1116533248.0,0.31458157083731536,5.83%,-0.06027978393364909,0.06585432829528214,-0.09795657534280972,-0.7366097182161083,1.0,29.32%,9.4%,39.4,
BMI,"Badger Meter, Inc.",Information Technology,43.02,49.7,33.8,3.7B,3631394560.0,0.19259219671480277,3.46%,0.14547796424936085,0.23782458766198702,0.19250550885397463,0.14666449261259934,1.0,17.06%,-13.55%,73.7,
CBRL,Cracker Barrel,Consumer Discretionary,42.88,75.1,34.1,1.25B,2245893376.0,0.3704264870456083,3.5%,0.021453047434552456,0.055455087200790884,0.00018043075761487194,0.1390801886792453,0.0,87.29%,84.01%,3.4,
AWR,American States Water Company,Utilities,42.67,43.1,11.1,3.28B,4178459648.0,0.31852002825994186,-0.78%,0.04804330755642903,0.40337014282609984,0.08594601491315326,0.08767911362062536,0.0,60.04%,9.82%,38.8,
DIOD,Diodes Incorporated,Information Technology,42.67,39.2,36.0,4.78B,4501047296.0,0.3927479153597682,3.7%,0.027017278705935215,0.155513257444134,0.025906001849740245,0.14014207131267561,0.0,73.54%,55.47%,8.9,
MBIN,Merchants Bancorp,Financials,42.53,19.2,50.0,2.29B,6352900096.0,,,,,,,,73.89%,,50.0,金融・不動産セクター特化評価
ECPG,"Encore Capital Group, Inc.",Financials,42.53,20.1,4.8,2.03B,6037500416.0,0.4801164440678887,-7.72%,0.0480980561069703,0.364875209322468,0.11484386694946624,2.7091281084591468,0.0,86.07%,33.48%,17.4,金融・不動産セクター特化評価
AMR,"Alpha Metallurgical Resources, Inc.",Materials,42.45,82.9,25.5,2.17B,1847882368.0,0.7105844365550644,2.41%,-0.02704827534194559,0.04485177374205264,-0.06482202871356472,-0.7542126446246964,1.0,31.54%,-1.1%,55.4,
LEU,Centrus Energy Corp.,Energy,42.43,78.7,6.7,2.85B,2087834496.0,0.2685971001090144,-4.47%,0.03180833231121469,0.24470693113438824,1.2369672580940188,0.26936416184971096,1.0,1.07%,-29.43%,90.8,
ADIG,ADI Global Distribution,Information Technology,42.39,71.3,0.6,1.35B,2470710528.0,1.2439881980328038,-42.55%,-0.06286127167630058,-0.009615384615384616,0.01391941391941392,-1.3194444444444444,1.0,5.19%,-15.1%,74.9,
BJRI,"BJ's Restaurants, Inc.",Consumer Discretionary,42.38,86.2,37.3,1.32B,1737721216.0,0.2779486927569588,3.75%,0.04806515305946595,0.09235837229813469,-0.02459887192333997,0.4939880222905635,0.0,72.54%,72.6%,5.5,
DORM,"Dorman Products, Inc.",Consumer Discretionary,42.13,44.3,38.5,3.65B,4048152576.0,0.4044695895321764,3.94%,0.08190437683859068,0.1688723613693536,0.028276513175179756,0.020055064236883965,1.0,37.54%,5.89%,45.6,
DAVE,"Dave, Inc.",Financials,41.81,39.8,37.6,4.42B,4435070976.0,0.07979028373491583,3.78%,0.4018419508512201,0.32877466247550446,0.6283796650485923,1.3966247500789224,0.0,63.51%,66.01%,6.1,金融・不動産セクター特化評価
AZZ,"AZZ, Inc.",Industrials,41.61,36.2,26.1,4.19B,4730636800.0,0.3191859039680661,2.5%,0.14333125214030074,0.3430263987200621,-0.006118716663501117,0.6938115330520394,0.0,67.05%,6.59%,43.7,
CHCO,City Holding Company,Financials,41.48,74.3,56.1,2.01B,2265552640.0,0.40364322689456994,6.4%,0.01941158146259055,,0.040647212096245215,,,82.76%,19.4%,29.4,金融・不動産セクター特化評価
KALU,Kaiser Aluminum Corporation,Materials,41.41,53.0,19.4,2.49B,3473018368.0,0.33237164829686666,1.33%,0.043863069245165316,0.09564186184405574,0.06427652599692933,0.30028214429665456,0.0,61.52%,15.7%,32.4,
HASI,"Hannon Armstrong Sustainable Infrastructure Capital, Inc.",Financials,41.41,6.6,50.0,4.66B,10396383232.0,0.552484613087306,,0.022538811536199774,-0.0659272612870847,0.1564522131649399,-1.979703907090646,1.0,53.35%,3.38%,49.5,金融・不動産セクター特化評価
HWKN,"Hawkins, Inc.",Materials,41.07,59.9,30.3,2.74B,2992925184.0,0.19466652061042472,2.97%,0.08268156424581005,0.16184335828498028,0.28081626080452127,0.09780737717744409,1.0,21.91%,-12.7%,72.8,
CVBF,CVB Financial Corp.,Financials,41.05,44.9,48.4,3.92B,3991082752.0,0.5853336833084835,5.54%,0.01338988400910137,,0.03150388470636292,,,79.3%,17.15%,30.9,金融・不動産セクター特化評価
CC,Chemours,Materials,41.01,25.7,86.3,2.06B,5514341376.0,0.12116270539191641,14.69%,-0.05228935247900298,0.05716253443526171,-0.016913037688107604,-0.4977307110438729,1.0,17.94%,-17.48%,78.6,
CNXN,"PC Connection, Inc.",Information Technology,40.85,80.5,15.0,2.33B,1998351616.0,0.390363150919499,0.51%,0.0619738327442308,0.04286247374463319,0.03968972273914576,0.05067665580149154,0.0,96.12%,52.27%,10.7,
LW,Lamb Weston,Consumer Staples,40.82,7.2,62.4,5.99B,9963072512.0,0.3044409903815051,7.56%,0.03929486050324521,0.14938826127066224,-0.0016908800692584476,-0.05010097124723531,1.0,20.31%,-5.54%,59.6,
JXN,"Jackson Financial, Inc.",Financials,40.73,7.5,84.7,8.91B,9687361536.0,1.1172649140095627,13.78%,7.657706205010976e-05,,0.04176687841630965,,,81.71%,21.32%,27.2,金融・不動産セクター特化評価
LQDA,Liquidia Corporation,Health Care,40.65,71.6,29.3,2.56B,2462249728.0,0.017455586571620562,2.9%,-0.21017643794178098,-0.2730166750884285,0.4238623091184605,0.6121425302621071,0.0,9.39%,-9.88%,67.9,
HTLD,"Heartland Express, Inc.",Industrials,40.63,94.3,3.8,0.92B,1004276096.0,0.820768755210278,-8.75%,-0.04401833810695886,0.12729161521095086,-0.10686243059469701,-0.36858954626608387,1.0,50.83%,8.64%,41.6,
CWST,"Casella Waste Systems, Inc.",Industrials,40.56,16.8,24.2,5.27B,6687375360.0,0.2978097683746984,2.31%,0.0023827499919777824,0.2065546228552172,0.022680017881976478,0.2029194118057361,0.0,25.72%,-9.68%,67.6,
LUMN,Lumen Technologies,Communication Services,40.42,1.2,96.8,5.92B,17549811712.0,-0.18854584778196568,35.72%,-0.050637703104070814,0.106192549588776,0.025256747074277525,-0.678623718887262,1.0,5.63%,-17.03%,77.4,要確認: FCF異常値(>30%)
CWEN,"Clearway Energy, Inc. (Class C)",Utilities,40.34,1.8,51.0,7.24B,16918273024.0,0.2658817245589684,5.83%,0.010147102972080456,0.7564730580825753,0.16232814571847304,-0.0018467220683287165,1.0,5.85%,-19.81%,82.0,
CZR,Caesars Entertainment,Consumer Discretionary,40.27,0.0,81.2,6.04B,31177308160.0,0.5799326646803276,12.62%,-0.015866493884130344,0.28669684833710607,-0.02918073028536361,-0.07939614201845122,1.0,90.55%,18.51%,30.3,
AOSL,"Alpha and Omega Semiconductor, Ltd.",Information Technology,39.99,97.0,8.0,0.92B,761894848.0,0.8706666672020803,-3.24%,-0.04386360923870459,0.03298587329712915,-0.06840161925470582,-0.3986143559171836,1.0,35.44%,47.58%,11.6,
IPAR,"Inter Parfums, Inc.",Consumer Staples,39.92,45.8,52.2,3.65B,3823142656.0,0.2413358522927558,5.9%,0.10622123478471507,0.2041519399613976,0.12328477864831523,-0.0022720258459356345,1.0,70.55%,22.2%,26.0,
ICUI,ICU Medical,Health Care,39.78,30.5,39.5,3.99B,4970142720.0,0.532871689259344,4.1%,0.00018071807289357286,0.13375255796943614,-0.03649512801232941,0.14765363923381314,0.0,58.34%,11.72%,37.9,
FBP,First BanCorp (Puerto Rico),Financials,39.48,46.7,75.5,4.13B,3739380480.0,0.47645189016995165,10.6%,0.018024771163711165,,-0.008294700424057094,,,73.51%,28.44%,21.4,金融・不動産セクター特化評価
CACC,Credit Acceptance,Financials,39.36,5.1,90.8,5.52B,11760556032.0,0.27613018249593824,19.08%,0.04910967712038185,0.2825735390532803,-0.025173356221624917,0.8319637291017286,0.0,47.05%,9.61%,39.1,金融・不動産セクター特化評価
MAC,Macerich,Real Estate,39.31,5.7,50.0,6.8B,11312716800.0,,,,,,,,65.92%,18.57%,30.0,金融・不動産セクター特化評価
LXP,Lexington Realty Trust,Real Estate,39.25,29.3,50.0,3.59B,5052278272.0,,,,,,,,96.25%,29.13%,20.2,金融・不動産セクター特化評価
ENVA,"Enova International, Inc.",Financials,39.19,8.7,98.4,4.3B,9214868480.0,0.3105281179702547,41.16%,0.04767600556054388,0.14232467850997557,0.22830822096905679,0.34088836940957723,0.0,42.49%,22.24%,25.7,金融・不動産セクター特化評価
JBLU,JetBlue,Industrials,39.08,9.0,0.3,1.57B,8931845120.0,1.353901021068212,-58.83%,-0.036330718165359085,0.05440300154491282,-0.016091681016566713,3.564814814814815,0.0,10.18%,-18.95%,80.1,要確認: 大幅なFCF赤字
ATEN,"A10 Networks, Inc.",Information Technology,38.91,82.6,30.9,2.01B,1874923264.0,0.10544678644714993,3.06%,0.0669039857862572,0.25340638841948393,0.45515520487968303,0.3323863122274298,1.0,50.57%,36.03%,16.2,
LBRT,"Liberty Energy, Inc.",Energy,38.61,42.8,3.2,3.15B,4208968192.0,0.6597079223221326,-9.59%,0.04155686485559838,0.18367640877098915,0.07945379102134029,-0.21804587184236562,1.0,33.93%,-29.88%,91.4,
AESI,"Atlas Energy Solutions, Inc.",Energy,38.57,72.5,4.5,1.51B,2386087424.0,0.8032495921760394,-7.87%,-0.022573760516381953,0.16326245537792955,0.12966098429930875,-0.2189430006551649,1.0,35.22%,21.49%,26.9,
ATMU,Atmus Filtration Technologies Inc.,Industrials,38.54,38.6,28.7,3.73B,4526315520.0,0.10150403742888356,2.79%,0.15355001110535277,0.18681630108258232,0.1347559438796942,0.09793471019320453,1.0,12.97%,-27.12%,88.4,
MATX,"Matson, Inc.",Industrials,38.25,13.5,50.0,6.91B,7508088320.0,,,,,,,,93.66%,37.66%,15.6,
ARCB,ArcBest Corp.,Industrials,37.87,55.7,46.2,2.96B,3255341056.0,0.43715090842029003,5.01%,0.024503172471380077,0.06627993211240056,0.009437670260617327,-0.2945689936594467,1.0,62.41%,27.06%,22.3,
KMX,"CarMax, Inc.",Consumer Discretionary,37.85,0.3,67.8,7.8B,25495756800.0,0.7554175019110927,8.35%,0.009378447728664658,0.06216841914675213,-0.03781547255921226,-0.12331104090770892,1.0,70.42%,31.26%,18.3,
LGND,"Ligand Pharmaceuticals, Inc.",Health Care,37.69,23.1,24.5,6.04B,5813387264.0,0.16842117739221532,2.31%,0.07974500156026033,0.7365146389045347,0.6571247454272469,3.8401725743981956,0.0,84.3%,48.34%,11.3,
FTRE,Fortrea,Health Care,37.68,63.8,86.0,1.9B,2851200000.0,0.296267087276551,14.66%,-0.3631476230806054,-0.29874421678783875,-0.24125502905677246,-11.653188180404355,1.0,89.17%,90.84%,2.4,
CXW,CoreCivic,Industrials,37.58,38.0,16.2,3.31B,4570640384.0,0.42505899221076127,0.74%,0.03577285650111169,0.1575220854728376,0.11079948060824908,0.21198097352369089,0.0,85.01%,82.28%,3.7,
FELE,Franklin Electric,Industrials,37.52,37.7,33.4,4.36B,4576377856.0,0.30324221173958543,3.43%,0.07564859840000823,0.1258256891495601,0.06798780186377502,-0.08861163883781552,1.0,34.67%,-0.94%,54.7,
GTES,Gates Corporation,Industrials,37.45,9.3,52.9,7.0B,8909029376.0,0.4763109026949594,5.97%,0.03515395586878094,0.19522537174721188,0.05379956677423633,-0.007969303423848878,1.0,71.56%,4.85%,46.8,
ECG,"Everus Construction Group, Inc.",Industrials,37.43,18.0,29.6,6.3B,6505214976.0,0.0999913658700744,2.93%,0.11671567178467905,0.08222909165550703,0.341700149713263,0.39993819698801203,0.0,48.39%,6.21%,45.0,
COCO,The Vita Coco Company,Consumer Staples,37.41,61.1,32.2,3.24B,2947936768.0,0.10237021819534783,3.23%,0.1546541532403211,0.1371051854767293,0.27257775656008454,0.1212230939448803,1.0,37.48%,3.42%,48.9,
LAUR,"Laureate Education, Inc.",Consumer Discretionary,37.31,21.9,56.7,5.32B,5892322304.0,0.22330145738740728,6.46%,0.12764520588301947,0.306921553765431,0.1848973717280861,-0.02870419266785175,1.0,85.55%,18.58%,29.7,
EXTR,"Extreme Networks, Inc.",Information Technology,37.3,59.6,27.7,3.06B,2999751936.0,0.028990899762127886,2.67%,0.035760102766040004,0.06579421981889898,0.02133421434629012,1.1424439990867348,0.0,47.6%,62.93%,6.7,
AAMI,Acadian Asset Management Inc.,Financials,36.95,50.9,59.2,3.34B,3576205312.0,0.018132283025965562,6.91%,0.11816838995568685,0.3219797764768494,-0.03725824800910125,0.10941320293398533,0.0,92.38%,75.87%,4.3,金融・不動産セクター特化評価
IOSP,"Innospec, Inc.",Materials,36.9,75.7,19.7,2.4B,2204610304.0,0.5527004317080095,1.36%,0.06363239467365205,0.11242969628796401,0.056320977690666976,-0.10997328584149599,1.0,91.22%,29.05%,20.5,
BOX,"Box, Inc.",Information Technology,36.89,27.5,65.3,4.73B,5340482560.0,0.0416516755742676,7.99%,0.07463035069790305,0.12090434256697584,-0.07283870658222989,0.2558453475445129,0.0,87.67%,44.19%,12.8,
EAT,"Brinker International, Inc.",Consumer Discretionary,36.69,6.9,40.4,8.46B,10082532352.0,0.05244671804934872,4.34%,0.17300177619893428,0.14466026104625135,0.05092212349734936,0.16729192719188551,0.0,65.74%,43.3%,13.1,
LFST,Lifestance Health,Health Care,36.08,35.0,37.9,4.5B,4767924736.0,0.3382119966067598,3.83%,0.0043844345540449735,0.0553105593332795,0.04042632339736902,0.9757724719101124,0.0,80.32%,62.72%,7.0,
KWR,Quaker Chemical Corporation,Materials,36.0,51.8,44.6,2.77B,3537832960.0,0.4964625359893786,4.7%,-0.0008892269158408198,0.07652620888959957,0.07173963255880052,-0.48415120333786615,1.0,68.54%,14.17%,34.6,
GEO,"GEO Group, Inc.",Industrials,35.79,24.9,12.1,4.13B,5600947712.0,0.36481480657397364,-0.09%,0.06618028515811389,0.23866323598762554,0.0582426598533072,0.7669860847742785,0.0,91.33%,108.23%,1.2,
CWT,California Water Service Group,Utilities,35.7,39.5,3.5,2.84B,4478837248.0,0.5944157863263283,-9.1%,0.022607524203580746,0.3601235826984222,0.09475968783944816,-0.1510596021807228,1.0,37.27%,-0.69%,54.4,
INDV,Indivior,Health Care,34.52,38.9,22.3,4.21B,4501267456.0,-0.0234879877856238,2.05%,0.17485428809325562,0.2453591606133979,-0.08738601823708207,2.4157303370786516,0.0,64.94%,15.68%,32.7,
CCOI,"Cogent Communications Holdings, Inc.",Communication Services,34.27,63.2,1.0,0.43B,2857613824.0,-0.14735793373195,-30.48%,-0.058769901386677266,0.19121182742583775,-0.023106096179700494,0.15395272317949607,0.0,3.45%,-60.73%,99.4,
GFF,Griffon Corporation,Industrials,34.05,26.3,74.8,4.26B,5482986496.0,0.01737923203330425,10.45%,0.024766952715036608,0.11365294060222403,-0.12961744512968199,-0.37934075936199724,1.0,66.48%,14.97%,33.6,
ESE,ESCO Technologies Inc.,Industrials,33.83,14.7,32.8,7.12B,7200705536.0,0.21631463295717257,3.28%,0.1241389353083404,0.2240082966035779,0.31097671079396505,0.23705477552872375,1.0,48.24%,-0.95%,55.0,
ACA,"Arcosa, Inc.",Industrials,33.61,11.4,16.9,7.19B,8270947328.0,0.3671595645142729,0.84%,0.04180373906764021,0.19875841021016855,0.014179635845793917,0.4475877746905784,0.0,99.27%,32.91%,17.7,
IRDM,Iridium Communications,Communication Services,32.85,16.5,43.3,5.19B,6792802304.0,0.08915258504476695,4.61%,0.0451883023726901,0.5085383160157814,-0.05257852321810718,0.09708572064992761,0.0,80.21%,106.56%,1.5,
KN,Knowles Corporation,Information Technology,32.76,52.1,18.5,3.42B,3521283584.0,0.22679677773873685,1.15%,0.04205118447340881,0.19099797707349966,-0.060007154355213733,0.0780209324452902,0.0,87.12%,52.51%,10.4,
GO,Grocery Outlet,Consumer Staples,32.63,61.7,7.3,1.15B,2928034816.0,0.8543474404264407,-3.87%,-0.07276117652653635,-0.01862411781027773,-0.02606385174211148,-1.453994364322627,1.0,52.62%,31.0%,18.7,
LTH,"Life Time Group Holdings, Inc.",Consumer Discretionary,32.4,3.0,7.6,9.16B,13206814720.0,0.34130037978513195,-3.77%,0.04666249830949265,0.2596233041927983,0.11959588604714663,0.2301206648907562,0.0,72.96%,56.69%,8.6,
HTO,H2O America,Utilities,32.36,41.3,2.9,2.52B,4304238592.0,0.6121823730827333,-9.96%,0.019919736925403032,0.3847137735919759,0.10545822529162406,0.06434858333592511,1.0,70.18%,7.83%,42.5,
FSS,Federal Signal Corporation,Industrials,31.58,13.2,28.3,7.1B,7524580864.0,0.19460455903001203,2.74%,0.10306779235977598,0.19220362302224261,0.35542714706548834,0.22651448639157157,1.0,45.47%,-1.19%,56.0,
KGS,"Kodiak Gas Services, Inc.",Energy,31.38,11.7,13.7,5.49B,8177906176.0,0.2189131405228755,0.29%,0.01864768017356115,0.4495275590551181,-0.026404228248010257,0.10256991997359954,0.0,48.26%,-4.43%,58.7,
HNI,HNI Corporation,Industrials,31.31,32.0,31.2,3.38B,4915451904.0,0.5431489555556869,3.08%,0.011095189355168884,0.08224727016555125,1.605194389632553,-0.2570792236716513,1.0,74.98%,9.17%,41.0,
BHE,"Benchmark Electronics, Inc.",Information Technology,31.28,57.8,40.8,3.14B,3116025856.0,0.35036253548189894,4.35%,0.011995858503703454,0.048633601944712286,-0.029388918144491023,-0.17608832767375335,1.0,79.81%,56.87%,8.3,
AIN,Albany International Corp.,Industrials,31.28,78.1,13.4,1.73B,2108711936.0,0.4206858213094296,0.28%,-0.03336341405089518,0.043870840107438795,0.04246568196926541,-0.7673007587580046,1.0,55.03%,5.33%,45.9,
GOLF,Acushnet Company,Consumer Discretionary,31.15,21.3,17.5,4.89B,5906509824.0,0.16038335416895477,0.93%,0.08048195692233616,0.1384378187616513,0.07453103055399352,-0.01676816574420012,1.0,19.08%,-15.16%,75.2,
HCC,"Warrior Met Coal, Inc.",Materials,31.04,37.4,10.5,4.72B,4631200256.0,0.4538884264350324,-1.14%,0.02047489779254896,0.1929333617293478,0.0741971108802724,-0.4280603459004931,1.0,55.46%,9.24%,40.1,
KRMN,Karman Holdings,Industrials,30.9,27.2,10.2,4.52B,5348225024.0,0.08457819151843333,-1.26%,0.015728704750311566,0.2541378579003181,0.4265543438937413,0.2244885446258865,1.0,2.87%,-62.53%,99.7,
ANDE,"The Andersons, Inc.",Consumer Staples,29.89,56.6,6.4,2.31B,3152524032.0,0.539767159529113,-4.73%,0.025778974109251375,0.029244536797769956,-0.09911450571346905,-0.10648838119343586,1.0,65.88%,4.16%,48.0,
CENX,Century Aluminum Company,Materials,29.87,46.1,9.9,3.53B,3794141184.0,0.22846504378651675,-1.31%,0.018419777023751818,0.056252225167134774,0.0704245283018868,-0.6765241128298453,1.0,22.7%,-32.69%,92.7,
ACLS,"Axcelis Technologies, Inc.",Information Technology,29.82,42.5,17.2,4.56B,4230950656.0,0.22673589688289034,0.92%,0.08832255604910122,0.19215348823905187,0.009319526298190736,-0.35905702756961977,1.0,61.72%,72.07%,5.8,
ALKS,Alkermes plc,Health Care,29.46,12.0,23.2,7.0B,7920103424.0,0.2597465369393743,2.19%,0.09717116212228985,0.22419691320341026,0.20988175038809243,-0.3313435489965869,1.0,51.45%,42.98%,13.5,
KNTK,"Kinetik Holdings, Inc.",Energy,29.43,3.9,10.8,8.89B,12288623616.0,-0.06361111647160547,-1.07%,0.0741201849988676,0.6715089472899683,0.04118512027330554,0.47867114626676416,0.0,82.84%,16.96%,31.8,
CRVL,CorVel Corporation,Health Care,28.93,50.6,25.2,3.81B,3584996608.0,0.10340524215777556,2.41%,0.17161182358558352,0.18246225719254647,0.1776818028631295,0.1631750465549348,1.0,88.55%,44.5%,12.5,
INSW,"International Seaways, Inc.",Energy,28.69,20.7,19.1,5.74B,5979590144.0,0.3521964957758505,1.21%,0.11588703168128209,0.610860640672025,0.012230707287256054,-0.16207832682426157,1.0,99.57%,75.6%,4.6,
BGC,"BGC Group, Inc.",Financials,28.33,15.9,51.6,5.6B,6887744512.0,0.1736268186367607,5.86%,0.03512293435001765,0.15319595447485573,0.22829330002196568,0.27982479488039996,0.0,75.97%,22.9%,24.2,金融・不動産セクター特化評価
CSW,"CSW Industrials, Inc.",Industrials,28.25,22.8,20.1,4.93B,5829442560.0,0.21298366667722113,1.47%,0.048364386338404376,0.21696846978751078,0.6798947112717675,0.05504323413812465,1.0,57.78%,9.27%,39.8,
CHEF,"Chefs' Warehouse, Inc.",Consumer Staples,27.65,25.4,23.6,4.75B,5560622080.0,0.12723687817259158,2.26%,0.03568084331069863,0.05379780924956206,0.0910942163059917,0.1558188059500572,0.0,96.8%,86.48%,2.8,
DNOW,NOW Inc,Industrials,26.96,53.6,1.9,2.85B,3389185536.0,0.7837327445986304,-18.82%,-0.0226809378185525,-0.01028368794326241,1.420727945712523,-1.1946308724832215,1.0,76.28%,27.82%,22.0,
CNK,"Cinemark Holdings, Inc.",Communication Services,26.59,17.1,47.8,4.18B,6604762624.0,0.0969697617612432,5.45%,0.031168948329912717,0.16674157303370787,-0.12494572725478587,-0.1572286224241441,1.0,82.71%,26.42%,22.9,
ICHR,"Ichor Holdings, Ltd.",Information Technology,26.52,74.6,14.3,2.36B,2254306048.0,0.28171109087814117,0.43%,-0.055978550800261755,-0.007852038512027622,-0.05291975201996055,-1.3389050828930589,1.0,49.1%,38.32%,15.0,
ITGR,Integer Holdings Corporation,Health Care,26.49,24.3,26.4,4.3B,5641450496.0,0.4062972285057095,2.5%,0.03014387301620811,0.15773692475927056,0.10806014741529403,-0.05957975111848728,1.0,99.46%,45.76%,12.2,
DXPE,"DXP Enterprises, Inc.",Industrials,26.23,48.2,25.8,3.01B,3682415360.0,0.1655934578447672,2.46%,0.052622459061629344,0.10841390323676517,0.24873100584367178,0.19910698613305247,1.0,88.69%,38.09%,15.3,
CON,"Concentra Group Holdings Parent, Inc.",Health Care,25.42,17.7,41.7,4.55B,6561117184.0,0.08651129491128483,4.5%,0.058219877777264666,0.1890222735607606,0.13375726450163497,0.11043406242787124,1.0,94.16%,52.9%,9.8,
CORT,Corcept Therapeutics Incorporated,Health Care,25.0,4.5,15.6,12.56B,12265500672.0,0.05155927294609155,0.62%,0.1191082064086459,,-0.0046421819920933,,,89.61%,229.45%,0.0,
ESI,Element Solutions,Materials,24.5,6.0,15.3,9.24B,11184496640.0,0.28935372714241225,0.55%,0.03740149762810209,0.18430542489808718,0.04667719895771354,-0.06259968102073366,1.0,57.1%,13.22%,35.5,
ACHC,Acadia Healthcare,Health Care,24.15,28.7,7.0,2.61B,5241459712.0,0.7460438180118067,-4.02%,-0.19950834453802188,-0.22272244155870813,-0.0720955393857391,-2.2138483355872087,1.0,68.16%,22.05%,26.6,
ACMR,"ACM Research, Inc.",Information Technology,23.72,28.4,8.3,5.81B,5262262784.0,0.2521568239237077,-3.21%,0.03275485388301937,0.17582760185463586,0.5477461320963658,-0.12162311964438138,1.0,55.63%,61.78%,7.3,
KLIC,"Kulicke and Soffa Industries, Inc.",Information Technology,23.6,33.8,18.2,5.27B,4794749952.0,0.15578591030075264,1.08%,0.0001928750332777346,0.058989635840209394,-0.10951795007426449,2.1506963705228,0.0,65.24%,53.31%,9.2,
CVI,"CVR Energy, Inc.",Energy,23.48,16.2,38.2,5.51B,6793092608.0,0.13243607748123296,3.89%,0.007285483000539665,0.08251884948338453,-0.13065916021581045,0.5,0.0,96.78%,120.51%,0.9,
AMRX,Amneal Pharmaceuticals,Health Care,23.18,8.4,9.6,7.07B,9227188224.0,-0.010012716073038113,-1.63%,0.019589862653196604,0.2000397514211133,0.050503435010402845,0.3731447815122802,0.0,92.47%,52.52%,10.1,
BLFS,"BioLife Solutions, Inc.",Health Care,21.84,85.0,13.1,1.82B,1757542016.0,0.2037920918392398,0.26%,-0.011320968552591381,-0.12383852661774794,0.016013036719592876,-3.8477533460803057,1.0,88.77%,84.93%,3.1,
ETSY,Etsy,Consumer Discretionary,21.06,10.5,27.4,6.68B,8632476672.0,-0.1644111484462283,2.54%,0.057646748399683936,0.12728242507979015,0.1693585277746298,-0.31096300607334953,1.0,65.43%,33.62%,17.1,
CAKE,"The Cheesecake Factory, Inc.",Consumer Discretionary,18.79,14.4,30.6,5.46B,7342099456.0,0.07998657041854712,3.06%,0.04550641511470191,0.07526348643826467,0.07229761716900741,-0.0008138596764377008,1.0,88.31%,74.72%,4.9,
COHU,"Cohu, Inc.",Information Technology,18.75,54.8,21.3,3.48B,3311506176.0,0.22583160090332297,1.91%,-0.05975388219620236,-0.021344236526285115,0.24370957009850763,0.18351490583565577,1.0,97.84%,148.66%,0.3,
FORM,"FormFactor, Inc.",Information Technology,15.85,5.4,17.8,11.63B,11335977984.0,0.08905196626832344,0.99%,0.04439945048931607,0.1369451702117089,0.068178308607024,-0.04641054527068383,1.0,90.97%,60.76%,7.6,
GKOS,Glaukos Corp.,Health Care,8.26,7.8,12.4,9.66B,9475412992.0,0.0679346538658449,0.16%,-0.21006573123056071,-0.28783979252801306,-0.08337368531201654,-0.5272221583245329,1.0,76.47%,39.07%,14.7,
