Ticker,Company_Name,Total_Score,Score_Size,Score_FCFP,Market_Cap,Enterprise_Value,BM_Ratio,FCF_Yield,ROA,EBITDA_Margin,Asset_Growth,EBITDA_Growth,Inv_Dummy,Price_Range,Data_Quality_Flag
7991.T,マミヤ・オーピー,87.38,63.5,99.3,14810684416.0,12238793728.0,1.6954149649474242,0.41864932273498523,0.11614274284591289,0.2079857664054166,0.05603303527296769,0.2074281245215291,0.0,0.3716608594657375,要確認: FCF異常値(>30%)
8135.T,ゼット,87.01,97.5,95.3,9395916800.0,-218490432.0,1.5487578604357162,0.21221984426256307,0.09133367929423974,0.07881176662026072,0.10900842953383662,2.7256410256410257,0.0,0.4806201550387597,
7877.T,永大化工,84.68,93.8,98.0,2457711872.0,1412116480.0,2.9311906257496405,0.29613927014468194,0.018802305178531153,0.06854743384879666,0.02845359343839718,0.08086601726053148,0.0,0.5879873551106428,
7908.T,きもと,83.12,97.7,87.4,12095455232.0,-293446336.0,1.557113778584568,0.1186396024354282,0.04291417165668663,0.16716840800425004,0.019779636267091463,1.6368715083798884,0.0,0.6632653061224489,
8119.T,三栄コーポレーション,82.47,74.9,99.5,8203284480.0,7327800320.0,1.631057783333146,0.4401983143220214,0.04110360875734305,0.04810268738258003,0.11684363945874181,0.45762379443954126,0.0,0.23306233062330622,要確認: FCF異常値(>30%)
7815.T,東京ボード工業,82.35,71.5,93.6,1036751616.0,8422710784.0,1.490311638925866,0.18489578124756934,0.02340211128836556,0.1610115611458298,0.0596609845432538,1.8656580743004558,0.0,0.15309446254071662,
7521.T,ムサシ,82.17,96.6,92.1,19079925760.0,317678016.0,1.780143194854863,0.16158343794310445,0.06890044367709944,0.13853601133962717,0.10614909728853457,2.2314410480349345,0.0,0.9292158223455933,
8166.T,タカキュー,81.97,96.8,98.5,2625863680.0,174995936.0,0.40974480442183503,0.3480241106804143,0.34589628689501245,0.21233326773834169,0.014454282228148102,8.343177890556246,0.0,0.02631578947368421,要確認: FCF異常値(>30%)
7997.T,くろがね工作所,81.84,94.7,65.9,1602469376.0,1004046976.0,3.025220370888386,0.060453573372999045,0.04716220630603141,0.1138461645193542,0.06057571930789397,0.8327406471067521,0.0,0.5517241379310345,
7805.T,プリントネット,81.17,84.5,97.8,3466871296.0,3706365696.0,1.2028767854207645,0.2938759224132444,0.05783044518755141,0.1278272147605481,0.044809981400683416,0.39674226926383827,0.0,0.6931818181818182,
8181.T,東天紅,80.06,84.2,63.5,2588723456.0,3757396480.0,2.5852622397685727,0.057405078033951264,0.03944560865941136,0.15852705057080801,0.03689484814213344,5.6730231352819755,0.0,0.4637404580152672,
7804.T,ビーアンドピー,77.23,88.8,86.7,5540921856.0,2448547584.0,0.6876626487475228,0.11653457976506067,0.10463386325641817,0.176886893193516,0.13511182385889914,0.27850395156816554,0.0,0.5073313782991202,
8152.T,ソマール,76.89,77.9,55.3,11608679424.0,6579337728.0,1.7377526989240426,0.042550490194327203,0.08351319841057926,0.1256414607111325,0.15310643152381484,0.9146032995137855,0.0,0.47992351816443596,
7847.T,グラファイトデザイン,76.59,85.6,60.2,4118262528.0,3296415232.0,1.224471962560615,0.050496780762782884,0.05555346706087618,0.2242985972269843,0.12202437615964411,0.7559828961878058,0.0,0.3037974683544304,
7923.T,トーイン,76.32,75.3,95.6,5939231232.0,7294264832.0,1.839162439264328,0.21834980813893995,0.02920792025982665,0.11495198127474074,0.05823267958388635,0.11185798515140119,0.0,0.9276094276094277,
7851.T,カワセコンピュータサプライ,76.16,96.3,81.2,1031973568.0,319024192.0,2.3158926489093954,0.10010624613207147,0.029258016992994546,0.07770081977345855,-0.007884414878009461,6.046960087129221,0.0,0.2826086956521739,
8225.T,タカチホ,74.39,90.0,85.4,2594543872.0,2241155328.0,0.8687114618966058,0.11057550542741411,0.07196870773679057,0.06165926583985445,0.005970472047996468,0.008765743459229902,0.0,0.5977878330819507,
7607.T,進和,73.87,60.5,96.5,41477885952.0,14930586624.0,1.047940631552465,0.2537903935649454,0.04451523702546569,0.06886402772133968,0.13428700287432874,0.19102828986161338,0.0,0.602577873254565,
7464.T,セフテック,73.72,89.7,98.8,2911544576.0,2245330688.0,2.481526149232482,0.35808587943116554,0.018513761510725257,0.11625431217478682,0.0004323157296483625,-0.11143130963419542,1.0,0.15100671140939598,要確認: FCF異常値(>30%)
7940.T,ウェーブロックホールディングス,72.49,65.1,79.3,9036337152.0,11473906688.0,1.839037623371758,0.09543867005992829,0.017843499275634726,0.06078930451875165,0.025537478181759662,0.030811984944204018,0.0,0.6326530612244898,
7722.T,国際計測器,72.47,78.5,75.3,11560834048.0,6241300992.0,0.9708874769240179,0.08276453031219914,0.04512148444451823,0.12080646293621378,0.015752586793898148,72.72039929753213,0.0,0.5787172011661808,
8115.T,ムーンバット,72.4,76.5,84.7,6450253824.0,6955966976.0,0.8464973858368275,0.10786722801685517,0.05871718136914688,0.07613466884629651,0.005907682163743016,0.5766224581243814,0.0,0.5511882998171846,
7782.T,シンシア,72.14,86.3,57.8,2940056576.0,3145934080.0,0.9174115974562796,0.04434438475241097,0.05489967405552973,0.0864288036475551,0.0030480143469462278,0.20341953135812457,0.0,0.004434589800443459,
7883.T,サンメッセ,71.98,82.4,82.5,5680346624.0,4395473920.0,2.082505836883239,0.10383468457857264,0.016856459994253236,0.0650196831518742,-0.04076684275183379,0.02294592698309686,0.0,0.3076923076923077,
8147.T,トミタ,71.68,93.6,53.3,6915080192.0,1471894912.0,1.7205934956133622,0.03995514040743029,0.033767858210814516,0.04837589177117421,0.009996091383084275,0.10866556641824734,0.0,0.49038461538461536,
7863.T,平賀,69.77,83.3,67.2,2857720064.0,3895435776.0,1.4496608860286184,0.06193748724017777,0.04331639955856818,0.07563007016688174,-0.09820888116098277,-0.0822608887462405,0.0,0.05670103092783505,
7856.T,萩原工業,69.58,49.8,76.0,24102658048.0,23903838208.0,1.283712773022037,0.08459830430068258,0.04199027090055771,0.15024464965383635,0.003557577365266559,0.20642975153001022,0.0,0.7314285714285714,
7544.T,スリーエフ,69.51,95.9,84.2,4423427584.0,467704320.0,0.8703657801307413,0.10693065298749106,0.056522589477801685,0.07308659719726913,0.02526569079606978,0.08191489361702127,0.0,0.8755555555555555,
7812.T,クレステック,69.16,78.1,97.0,5734238208.0,6508426240.0,1.4260659748301827,0.2660989810069641,,,0.07116954160382957,,,0.7632398753894081,
7636.T,ハンズマン,68.99,63.2,84.0,11021440000.0,12305958912.0,1.620750101620115,0.10687123860402996,,,-0.005014435496125209,,,0.3932038834951456,
7539.T,アイナボホールディングス,68.83,73.5,90.9,19096233984.0,7718936576.0,1.3771787684438126,0.14317995905846562,0.03536674026716898,0.034168978893149536,0.05604811222033048,0.1866736774039596,0.0,0.9039145907473309,
7775.T,大研医器,68.8,62.3,70.6,13272537088.0,12826141696.0,0.5662811073849153,0.07182786483692966,0.09816762765024735,0.1758881220406441,0.015878243750544006,0.057277295899876776,0.0,0.352112676056338,
7522.T,ワタミ,68.77,51.8,81.7,37498138624.0,22760435712.0,0.7145421341754544,0.10172171344949583,0.04926494244030717,0.08346014676541207,0.11308152207759856,0.13055428309665598,0.0,0.12797619047619047,
7975.T,リヒトラブ,68.63,87.2,29.4,4054622976.0,3035265024.0,2.6235329555829954,-0.0018827891138552065,0.030640294630673127,0.08915645872939285,0.024004753334984558,3.7097825775587956,0.0,0.5619596541786743,
7555.T,大田花き,68.54,89.5,67.4,3815755520.0,2262766592.0,1.3630388458430376,0.06286435458003348,0.026434418117027667,0.1549186385834914,-0.09214244491839046,0.08583000070861807,0.0,0.4032258064516129,
7878.T,光・彩,68.51,91.6,83.0,1982735360.0,1951244288.0,0.7340445070793512,0.10402295947352248,0.02940996429631266,0.05219144384210513,0.09238880780569494,0.1545794760685444,0.0,0.5754824063564131,
7841.T,遠藤製作所,68.32,91.1,12.8,10460809216.0,2043318656.0,2.1223777760942197,-0.09756654604109741,0.042232452779231815,0.15990633740604773,0.10255725103757071,0.28892338337193135,0.0,0.4341801385681293,
7811.T,中本パックス,68.29,57.5,69.9,16724015104.0,18153199616.0,1.1549066943487976,0.07110033042935955,0.05028531317281181,0.08564945768237256,0.038731385165735814,0.38697514374374803,0.0,0.6532663316582915,
7888.T,三光合成,68.26,41.1,76.5,27069583360.0,40052097024.0,1.1891575711344824,0.08573275950117912,0.05071530005785515,0.10728751605361082,0.014973975710663286,0.18630901808471903,0.0,0.6737357259380098,
8125.T,ワキタ,68.1,28.3,91.6,95355338752.0,74692657152.0,1.0549173367378988,0.15830262046741872,0.026791034043514884,0.15981196044236956,0.01441532818318235,0.06565547128927411,0.0,0.6625386996904025,
7791.T,ドリームベッド,68.05,75.6,55.1,3470248192.0,7271252480.0,1.2990814346918043,0.042211966376841784,0.03683854413681661,0.08326217353814842,0.04701735580140899,0.21443190530804665,0.0,0.5927152317880795,
8077.T,トルク,67.52,61.2,97.5,5146033664.0,14243322880.0,2.7770234190213023,0.29345417356368075,0.026580796191012664,0.08270059529804613,0.010744838963696011,-0.0014202437504721198,1.0,0.358974358974359,
7896.T,セブン工業,67.42,81.3,67.7,2477312512.0,5058497024.0,2.5479223833993214,0.06302192042535487,0.016815938585267774,0.021403554287196782,0.0365668813944676,1.5602716468590832,0.0,0.8294573643410853,
7613.T,シークス,67.37,31.1,99.0,56800870400.0,66731458560.0,1.769215846382523,0.3767371677459365,,,0.002979182615593208,,,0.5890909090909091,要確認: FCF異常値(>30%)
7957.T,フジコピアン,67.14,86.8,8.4,2207243520.0,3047246080.0,4.786946208817049,-0.15754945607451595,0.024190610996946412,0.1258393036130001,0.01719364968914651,10.70463363548963,0.0,0.21445221445221446,
8029.T,ルックホールディングス,66.82,54.1,73.3,18241302528.0,20317007872.0,2.070849926534369,0.07946252904775025,,,0.08005909458651377,,,0.4133738601823708,
7836.T,アビックス,66.67,87.4,59.5,3161661184.0,3005660928.0,0.5485758590380315,0.04646101889202306,0.05705680421954635,0.09312453072551675,0.1378821340810801,0.4576364559441466,0.0,0.30303030303030304,
8070.T,東京産業,66.65,57.1,92.6,24279224320.0,18360008704.0,0.8639897108541563,0.1627729102014409,0.02558131287458773,0.05845918886814865,0.04700785939723993,1.9071729957805907,0.0,0.63003663003663,
7537.T,丸文,66.49,33.6,99.8,29680994304.0,60397047808.0,1.8368993788274943,0.9408672230443618,0.02950989534763237,0.04816042724948657,-0.1685906271536871,0.017332932571886586,0.0,0.5597579425113465,要確認: FCF異常値(>30%)
7575.T,日本ライフライン,66.1,25.8,72.1,98078433280.0,92523216896.0,0.61086824081862,0.07661215364797475,0.12402326850631631,0.24446210916799152,0.021956495123046156,0.1463717693836978,0.0,0.17940199335548174,
7486.T,サンリン,65.86,77.6,26.9,9518214144.0,6615179776.0,2.1954748741572336,-0.008930246652790585,0.028243145619044344,0.06306364757023292,0.04677709758732445,0.14084507042253522,0.0,0.3080459770114943,
7531.T,清和中央ホールディングス,65.85,86.1,96.8,5862689792.0,3146391296.0,2.678942696478934,0.2554714762571562,-0.002703605391176044,0.009462252598885647,-0.058077535743918225,-0.25745422722567207,1.0,0.2885496183206107,
7624.T,ＮａＩＴＯ,65.65,74.7,89.9,7447527424.0,7361527296.0,1.7334612234386584,0.1348098426283821,0.018228259607569953,0.01969923085753645,-0.031104111592328027,0.02386634844868735,0.0,0.6666666666666666,
7921.T,ＴＡＫＡＲＡ　＆　ＣＯＭＰＡＮＹ,65.35,47.0,69.1,50589691904.0,30835994624.0,0.5996373146048247,0.06756316837204829,0.10173953323867804,0.2458670056742552,0.10673680454263924,0.27886036318974367,0.0,0.5653253849975162,
7871.T,フクビ化学工業,65.3,71.7,95.1,17299773440.0,8258739712.0,2.1153456215435846,0.20260380935948258,0.02753723913819336,0.08413178895754635,-0.015515200828463643,-0.08240109140518417,1.0,0.6348122866894198,
8093.T,極東貿易,65.23,54.6,50.0,23141937152.0,20008679424.0,1.2684763512748132,,0.06407515945526633,0.09467366275338794,0.16847278733432702,1.5333333333333334,0.0,0.6578947368421053,
7850.T,総合商研,65.13,83.8,93.1,2504488960.0,3858473728.0,1.2530656154299837,0.1771371353938809,0.040043598879286824,0.051607673917923924,0.040581751592560104,-0.06204111148549187,1.0,0.13385826771653545,
7628.T,オーハシテクニカ,65.09,68.0,58.5,29541494784.0,9983765504.0,1.325100347366363,0.045077915309866,0.031274696504011316,0.0819650496956239,0.04646005700818564,0.2718774283910615,0.0,0.7347328244274809,
8260.T,井筒屋,65.07,60.7,92.8,5100333056.0,14930309120.0,2.33710227726744,0.17626299893149566,0.022451960894482526,0.10709450311399946,-0.025941330998248687,-0.11455223880597015,1.0,0.5426829268292683,
8144.T,デンキョーグループホールディングス,64.8,78.8,87.7,8484085760.0,6199756800.0,3.113358439224452,0.11940001888901226,0.011756143984772994,0.019254132459595775,-0.10012342258381401,0.43091655266757867,0.0,0.8285714285714286,
7614.T,オーエムツーネットワーク,64.79,95.7,74.8,10581532672.0,657672576.0,1.6290176040010247,0.08200777967602159,0.049805276997448446,0.06305917590070906,0.094607881004167,-0.1288737653597757,1.0,0.4087403598971722,
7502.T,プラザホールディングス,64.76,70.8,88.1,4171440896.0,8783214592.0,0.5322381535188363,0.12462576192761188,0.023730677252862008,0.036863573075169374,0.05415685838513079,0.5170793297618496,0.0,0.32971014492753625,
7793.T,イメージ・マジック,64.71,84.9,78.8,4436508160.0,3462308864.0,0.40765505996499735,0.09517619911241186,0.07289761115407847,0.11415672628988811,0.29462380327321236,0.8421312647932812,0.0,0.8227712137486574,
8005.T,スクロール,64.59,42.2,89.4,44474880000.0,36754305024.0,0.8199909701836182,0.1306580253842169,0.07615291262135922,0.08851600618826609,0.05208607157610124,0.12458421530087693,0.0,0.8440545808966862,
7481.T,尾家産業,64.46,60.0,91.4,21640542208.0,15898968064.0,0.6688372158554005,0.14874858351793105,0.07479320158523287,0.03723083115314953,0.06173223009799215,0.1526479750778816,0.0,0.7755102040816326,
8167.T,リテールパートナーズ,64.14,40.4,50.0,53795315712.0,41654050816.0,1.5741333400355972,,0.041130073365030384,0.04460506633775835,0.0063612526043110755,0.07092709270927093,0.0,0.24795640326975477,
7673.T,ダイコー通産,63.84,88.4,54.8,8825297920.0,2619960064.0,0.9531665759335635,0.04178329381542283,0.04641707132389653,0.05820819359074534,0.09731318695134285,0.35365082287063426,0.0,0.7263751763046544,
7807.T,幸和製作所,63.44,90.4,93.8,3451831552.0,2105705088.0,0.8458187938830221,0.18491023979144622,0.12606287032833674,0.1840849860963618,0.014785834696606074,-0.032228479538246396,1.0,0.7371428571428571,
8123.T,川辺,63.38,85.2,65.4,2715269632.0,3454535680.0,2.610312772061379,0.058755490843275485,0.03319019364156725,0.048180289079385076,-0.02272461082338641,0.12101433826945888,0.0,0.8192419825072886,
7986.T,日本アイ・エス・ケイ,63.36,92.7,88.4,3004381184.0,1679634048.0,1.4257674834379472,0.12498414049447062,0.06987622884770346,0.10115466811320041,0.055517498711009854,-0.00391150389314786,1.0,0.8521739130434782,
8040.T,東京ソワール,63.2,89.3,73.8,3660081152.0,2275063296.0,2.8633023599144503,0.08063345585622687,0.03500259807606017,0.04492512118879249,-0.0281166548134365,-0.4300903246240649,1.0,0.573170731707317,
7593.T,ＶＴホールディングス,63.19,18.9,80.7,59638902784.0,140604129280.0,1.1945893816663815,0.09942126624084607,0.01907880532565671,0.07524670818758354,0.0183851687353188,0.04684470820969337,0.0,0.5539568345323741,
8081.T,カナデン,62.86,46.1,80.2,47601618944.0,31705444352.0,1.008074957628063,0.09781179933139376,0.04425186066613532,0.05193172323240361,0.04071451937006402,0.200294279933787,0.0,0.7811387900355872,
8045.T,横浜丸魚,62.83,73.1,43.5,9618785280.0,7919970816.0,1.8064103204516069,0.02828943490045346,0.020103974219975784,0.022453625198961415,0.10012211138682155,0.22602851429894924,0.0,0.6123642439431913,
7925.T,前澤化成工業,62.56,56.8,44.4,33270700032.0,18593818624.0,1.2445485054469683,0.028824160570039913,0.03434800905793471,0.1511627906976744,0.011103681640427127,0.16671989779623123,0.0,0.684156378600823,
8103.T,明和産業,62.53,47.5,88.6,32638498816.0,28416677888.0,1.1785774896345036,0.12690534645452242,0.0452340756223705,0.03195365189150561,-0.12560482689942007,0.14181486548107616,0.0,0.4888392857142857,
7987.T,ナカバヤシ,62.45,53.2,86.4,16710427648.0,21855021056.0,1.7184479419015286,0.11483847334270209,0.035257316555916865,0.06403046186690459,-0.023824721814888296,0.17480268927214265,0.0,0.8186528497409327,
7875.T,竹田ｉＰホールディングス,62.4,73.7,78.0,10687183872.0,7632940544.0,1.7031614893132438,0.0932893091333537,0.039634146341463415,0.06614421896017311,0.0,0.1949286846275753,0.0,0.9,
8203.T,ＭｒＭａｘＨＤ,62.35,39.0,88.9,25362104320.0,45605552128.0,1.4216880249785204,0.12905080582840217,0.029771992451832353,0.04769785015523402,-0.003736034773862126,0.172004318100036,0.0,0.5319148936170213,
7505.T,扶桑電通,62.15,58.4,85.9,23416199168.0,17231005696.0,0.6579900473794945,0.1118082843939022,0.06339508290523668,0.07109134966167358,0.33837068303652834,0.7049636799095496,0.0,0.8664383561643836,
8030.T,中央魚類,61.84,42.7,93.3,16855751680.0,36626739200.0,1.9005975294481794,0.18100646342696952,0.038804173354735155,0.04584995530413203,-0.046610980042083784,0.29777190332326287,0.0,0.8670520231213873,
8247.T,大和,61.79,74.4,68.9,2142676224.0,7378427904.0,2.487429010646454,0.06574675091928402,0.00702661276487695,0.06971676154680631,-0.007244451192590507,-0.1346352111239931,1.0,0.0423728813559322,
7803.T,ブシロード,61.65,48.4,84.9,36918059008.0,26338287616.0,0.6551583330737603,0.10950264268021184,0.0686422947076492,0.09940547704078141,-0.01597310777496447,0.9918356413189529,0.0,0.2837465564738292,
7827.T,オービス,61.53,76.7,94.6,3143761920.0,6883829248.0,1.8173399084877266,0.1868306236115997,0.03352335755051721,0.10166812998022094,0.010217874309752755,-0.02516670839117868,1.0,0.8846153846153846,
7523.T,アールビバン,61.18,57.8,90.4,13715246080.0,17786030080.0,1.1167028218570614,0.1399892491028495,0.03640893264842809,0.22373700175409694,0.015757063348986758,-0.21055135627086422,1.0,0.4688,
7715.T,長野計器,60.59,34.9,68.6,53229805568.0,57099280384.0,0.8225156664167961,0.06543131170281415,0.0813710989566181,0.1638810057583476,0.02816128019431213,0.20816031789999095,0.0,0.8322942643391521,
7902.T,ソノコム,60.54,98.4,15.6,3744065792.0,-484509664.0,2.3799645879727107,-0.05981866036610502,0.022121011071055897,0.1450307331805272,-0.009889525767169468,0.20899142347003719,0.0,0.46488294314381273,
8056.T,ＢＩＰＲＯＧＹ,60.53,9.4,79.8,456219885568.0,445503668224.0,0.3705450054846479,0.09718394946506884,0.0814957869413315,0.14233311056657014,0.05301079820125454,0.10179916077484624,0.0,0.25646123260437376,
7565.T,萬世電機,60.46,93.2,94.8,9823627264.0,1611443456.0,1.194106889925257,0.19752490071675424,0.04279195205613736,0.05562157521184762,-0.1484379278151825,-0.20616281855741192,1.0,0.7789855072463768,
8037.T,カメイ,60.45,26.7,97.3,93787856896.0,83334184960.0,1.68592187979448,0.2761978027573929,0.033332293972747964,0.0543378019996978,-0.012014417300760914,0.07800709781897117,0.0,0.8005464480874317,
8275.T,フォーバル,60.44,52.7,50.0,29170051072.0,22160844800.0,0.601427092352264,,0.05146962047901493,0.0856503205827312,0.03437699736046739,0.14429228229610327,0.0,0.035940803382663845,
7520.T,エコス,60.27,47.3,50.0,29986220032.0,29410220032.0,0.8958114751153707,,0.07159073185103028,0.05820302533260434,0.10586634469805861,0.14220314735336195,0.0,0.5282592313489073,
7509.T,アイエーグループ,60.27,66.4,91.1,6889834496.0,10679827456.0,2.2558007756243206,0.14350867217115806,0.04460092595061004,0.06815567633760988,0.012684340892444397,-0.005714947435628597,1.0,0.8675,
7931.T,未来工業,60.18,46.6,77.8,52021755904.0,31003883520.0,1.012730137314513,0.09273043395348134,0.07262317991254565,0.20745683062531864,0.04745490603456417,-0.028040294942361616,1.0,0.12234042553191489,
7865.T,ピープル,60.16,96.1,84.4,1584025216.0,401675936.0,1.3434464164489663,0.10763717539203618,-0.03131071718684499,-0.007888291230429353,-0.16909502164345747,-1.0304925297237086,1.0,0.03985507246376811,
7551.T,ウェッズ,60.06,76.0,94.1,11242727424.0,7145803264.0,1.5219130869858222,0.18554510140901553,0.05530643091256177,0.07850363438351173,0.03648698792271093,-0.01186875272243747,1.0,0.9463087248322147,
8131.T,ミツウロコグループホールディングス,60.05,22.6,83.2,122836811776.0,111206440960.0,0.8025118738816069,0.10535115502345224,0.05661596446358864,0.05855041571472313,0.02686519301582387,0.09167261349289126,0.0,0.7145612343297975,
7670.T,オーウエル,59.93,69.9,50.0,11046233088.0,9333665792.0,1.9342340352396519,,0.038825840244434744,0.0425694364411663,-0.05379452762003097,0.1440185830429733,0.0,0.6098418277680141,
8242.T,エイチ・ツー・オー　リテイリング,59.88,10.0,64.2,262985826304.0,364044845056.0,1.1434760733165266,0.05814762040568348,0.04769616385511821,0.1124854970744794,0.02874287589302186,0.7568843069873997,0.0,0.6885456885456885,
7435.T,ナ・デックス,59.62,70.5,91.9,8988391424.0,,2.071123866534453,0.1598049008151428,0.00817947706481297,0.038657574886949785,-0.016116841845630732,-0.23407638865019076,1.0,0.6771084337349398,
7916.T,光村印刷,59.62,91.3,43.7,5590460416.0,2003026304.0,3.1434548663835846,0.028310190614539897,0.0025460187026277,0.07946455877791642,-0.07430107818149347,0.10961925706109904,0.0,0.775,
7981.T,タカラスタンダード,59.26,20.8,71.1,178451120128.0,126845550592.0,1.0899679411397591,0.07208416668258079,0.040048534924200296,0.09618703262388036,0.030665301944728763,0.11053130929791272,0.0,0.7906828334396937,
7726.T,黒田精工,59.22,63.0,13.6,5481273344.0,12374555648.0,2.0771916095852343,-0.07828399955088976,0.00659754476180428,0.08816900585421254,0.010626467503607078,0.261338325962749,0.0,0.40032414910858993,
8185.T,チヨダ,59.09,53.9,61.2,35375108096.0,20323006464.0,1.4708082264738926,0.0533708616487163,0.0369644392736102,0.03047857570643001,-0.06708194709893585,0.20128755364806866,0.0,0.3264781491002571,
7886.T,ヤマト　モビリティ　＆　Ｍｆｇ．,59.0,85.8,90.1,1166783872.0,3243486464.0,1.2083746046157209,0.1365257129642601,-0.04505548764220326,0.0026362930401079778,-0.1219206045536155,-0.7932698406502796,1.0,0.04395604395604396,
7810.T,クロスフォー,58.96,79.9,89.1,3443477760.0,5585102336.0,0.5200004544243085,0.12993201384869696,0.005440831745282223,0.050554162265647566,-0.007893675135284564,2.6487485670615207,0.0,0.22761194029850745,
7475.T,アルビス,58.86,48.6,23.5,21673670656.0,25815289856.0,1.4912563964356662,-0.026391468666229417,0.0306674229532993,0.04809288587869837,0.06538554508097655,0.07759014148790506,0.0,0.016150740242261104,
7525.T,リックス,58.72,50.2,51.6,29181386752.0,23506599936.0,0.8737824633454897,0.038023415728313636,0.0648496477849221,0.08580994156930075,0.06556588792512151,0.07739479810307025,0.0,0.7514715500327012,
7725.T,インターアクション,58.68,77.2,85.2,14244131840.0,6646968832.0,0.8259614648441782,0.11045776560293337,0.0717071365100705,0.2339684592880929,0.0007825125806228692,-0.15140864987164426,1.0,0.7289048473967684,
7859.T,アルメディオ,58.67,92.2,49.6,5169179648.0,1717606272.0,1.5875606109327467,0.03460394340699842,0.04916602319311905,0.18107440626622637,-0.006849334023340316,-0.6930843334557645,1.0,0.6666666666666666,
8061.T,西華産業,58.63,25.1,75.8,87281967104.0,96277512192.0,0.540890650914723,0.08437023413124381,0.06020859549304038,0.12712569611880428,0.09270897480239237,0.6691413363216137,0.0,0.7185314685314685,
8076.T,カノークス,58.63,39.3,95.8,19926370304.0,44579422208.0,1.5906268686393674,0.2309760849458918,0.022658132472526026,0.019397221294998733,-0.04027760049531056,0.027195734482558086,0.0,0.8012738853503185,
8142.T,トーホー,58.41,52.5,78.3,41641132032.0,22167752704.0,0.7380202818785846,0.0937384483447849,0.05078125,0.04032621264682612,0.00026048450117218026,0.12343167175313666,0.0,0.8403755868544601,
7552.T,ハピネット,58.2,23.1,87.9,128890028032.0,109980803072.0,0.4319185964191008,0.12083169068854098,0.055692783980502585,0.03563215867492824,0.07086364237534717,0.13654266958424507,0.0,0.5420098846787479,
8011.T,三陽商会,58.11,46.3,65.2,39484755968.0,31553169408.0,0.9948649557777609,0.05860489556717424,0.07027728572180227,0.09357961867627135,-0.029630007828721196,0.388575631282177,0.0,0.6134453781512605,
8052.T,椿本興業,57.93,67.1,50.0,51353870336.0,10426828800.0,0.8516398026837905,,0.04659686904005086,0.05798605246012403,0.06243404111612985,0.19930128098486108,0.0,0.7291828793774319,
8227.T,しまむら,57.8,8.9,54.1,728947949568.0,495149973504.0,0.6872589466736218,0.041221735694308204,0.07385249601512138,0.09800642527394404,0.06245141034119073,0.06727534054159998,0.0,0.025498489425981874,
7833.T,アイフィスジャパン,57.77,93.4,72.3,6493784576.0,1566766080.0,0.8731795663435324,0.07676571253108351,0.06146390695588094,0.1370186342188419,0.108937121490956,0.007507426478801121,1.0,0.6890756302521008,
7554.T,幸楽苑,57.68,55.7,72.8,22319779840.0,19283750912.0,0.26847289905884664,0.07796873501777336,0.06399755350056789,0.0898694579377674,0.3777081764362765,1.895305081645179,0.0,0.7537993920972644,
7476.T,アズワン,57.58,18.7,59.3,162023505920.0,143082913792.0,0.4117180382020461,0.04642536252557101,0.08217495506291192,0.1314300585054602,0.04495366892061107,0.07768908559234965,0.0,0.2332657200811359,
7590.T,タカショー,57.52,71.2,66.9,6389353472.0,8603354112.0,1.9746933794305503,0.0614890081949124,-0.010201019724054216,0.05198270811016863,0.029398532653922557,-0.14107997913212225,1.0,0.2,
7939.T,研創,57.5,80.6,65.7,2390626304.0,5198505472.0,1.3665193069004231,0.05997617601717813,0.03151054339120051,0.0716934348010852,-0.03606192605503832,0.012557275422586731,0.0,0.9493670886075949,
7809.T,壽屋,57.47,67.8,70.4,11312670720.0,10342758400.0,0.6378636997930759,0.07142433648064318,,,0.04553379900566528,,,0.2177858439201452,
8308.T,りそなホールディングス,57.43,99.5,50.0,3916067241984.0,-4931631710208.0,,,,,,,,0.6629338475229901,
8057.T,内田洋行,57.31,31.7,86.2,100416561152.0,64968200192.0,,0.11441589088685067,,,,,,0.5869894099848714,
7864.T,フジシールインターナショナル,57.21,21.5,33.3,141865156608.0,118730842112.0,1.0239794144900565,0.007622555121043863,0.058139756555556615,0.12719395323647836,0.08894355525108467,0.18998105476494692,0.0,0.35331230283911674,
7818.T,トランザクション,57.12,31.3,62.7,70203006976.0,66398142464.0,0.28009276022496055,0.05619725094323572,0.1713745984933044,0.23132205742286982,0.06619520192309804,0.09318437796778486,0.0,0.6356589147286822,
8159.T,立花エレテック,56.86,37.2,96.0,66637393920.0,51324358656.0,1.4254909205188797,0.2336225816197105,0.04259563766503845,0.049892781856509416,-0.07216136324117545,-0.11335378653318262,1.0,0.6210045662100456,
8046.T,丸藤シートパイル,56.84,58.7,39.3,20661800960.0,16566192128.0,1.4967717509171088,0.019214201161291217,0.03488821669812823,0.07272727272727272,0.014396124120429116,0.09475465313028765,0.0,0.8905416783609318,
7601.T,ポプラ,56.73,94.1,90.6,2397199872.0,1267920384.0,0.3257271156737322,0.1426493485145656,0.0995529922904529,0.04481665772922461,-0.007715164687477032,-0.07215911046851871,1.0,0.2711864406779661,
7634.T,星医療酸器,56.69,77.4,78.5,17302528000.0,6623952896.0,1.065138689560277,0.09477944494584838,0.05951568727818492,0.1918876883161531,0.06740419502078723,-0.01882978067867791,1.0,0.86,
8013.T,ナイガイ,56.52,95.2,50.0,2297449472.0,882940800.0,2.856646067731234,,0.008411843876177659,0.015347211669958973,0.061997498659996424,-0.10619469026548672,1.0,0.2641509433962264,
7681.T,レオクラン,56.4,83.1,21.7,5151933952.0,3948413184.0,1.0937343243332014,-0.0327655598019592,0.014055693767173782,0.017591173598190412,0.019677574688917936,0.36176022420668513,0.0,0.1381957773512476,
8023.T,ＤＡＩＫＯ　ＸＴＥＣＨ,56.29,81.5,77.3,13519311872.0,4988205568.0,0.9368479046800999,0.08957127488921945,0.06271258068579531,0.06583185639609261,-0.03549367366258326,-0.14190752354016475,1.0,0.6466942148760331,
7962.T,キングジム,55.97,51.4,34.1,22837886976.0,23155472384.0,1.0531747540950787,0.009529121158568606,0.011965815383347816,0.04617096582953872,0.013936746724456954,0.8608477449017669,0.0,0.12087912087912088,
8043.T,スターゼン,55.82,22.1,50.0,72693112832.0,113909260288.0,1.2207896531421438,,0.07094743944717187,0.04967301977473677,0.0666087603921082,0.47971311475409834,0.0,0.77079107505071,
8219.T,青山商事,55.68,19.4,69.6,118124363776.0,139845156864.0,1.5050239791100621,0.0705866235674412,0.02951282019070112,0.10590379382925201,-0.05123108967005069,0.05164151712887439,0.0,0.7066402378592666,
7955.T,クリナップ,55.52,50.0,75.1,37255192576.0,23791167488.0,1.532564886989245,0.08275356670645921,0.018997623915566118,0.06109072445706109,-0.007752873059040267,0.21850544729169863,0.0,0.864244741873805,
7898.T,ウッドワン,55.48,38.1,18.8,9615823872.0,48907067392.0,4.649107616267288,-0.04575790965568967,0.017403482655279807,0.10506929416639808,0.003459323466399355,3.413926499032882,0.0,0.7642276422764228,
7832.T,バンダイナムコホールディングス,55.42,3.4,60.7,2761674981376.0,2374392610816.0,0.2870913504835976,0.05246852036433459,0.11726535320813034,0.18312091778338205,0.13458827500056594,0.20935688068514283,0.0,0.20790471034109367,
8053.T,住友商事,55.41,1.1,73.6,6738835668992.0,10918267191296.0,0.68980195219619,0.07974740201141978,0.04830635565959408,0.1389161178066517,0.054255472177277074,0.2411847880158697,0.0,0.71875,
7979.T,松風,55.24,36.5,48.9,62352494592.0,51923472384.0,0.6840945222658783,0.03416062202382653,0.08635036204344522,0.18683136079383947,-0.0019763240372906395,0.11711990111248455,0.0,0.03497942386831276,
8014.T,蝶理,55.22,27.4,54.6,103019552768.0,80514539520.0,0.8931120115343734,0.04151639067616419,0.079807771297133,0.05629666245113081,0.01901639344262295,0.07082239452958056,0.0,0.7569892473118279,
7800.T,アミファ,54.94,82.0,85.7,4503692800.0,4444600320.0,0.47547914458108687,0.11104443002862006,0.052983092797434184,0.03260340605086627,-0.03624757489282273,2.1850892662613406,0.0,0.7859560067681896,
7976.T,三菱鉛筆,54.88,24.2,20.2,127924297728.0,104906194944.0,1.003382486983982,-0.04017903484550447,0.06372646016248212,0.2385723936050439,0.21145561514173977,0.24882131070249883,0.0,0.4628099173553719,
7637.T,白銅,54.86,51.1,46.2,28308905984.0,23162914816.0,0.8391418592236051,0.0319694445455261,0.04999379822439253,0.06645408181127392,0.0649637084911323,0.11923199240391916,0.0,0.7483870967741936,
7980.T,重松製作所,54.83,64.2,3.7,7516711936.0,11929333760.0,1.1394938469010927,-0.26363362290221465,0.04325529089475575,0.12576770951512325,0.12110429646805616,0.28129608841757237,0.0,0.532258064516129,
7608.T,エスケイジャパン,54.77,66.9,51.9,14143865856.0,10440520704.0,0.3942940393226535,0.03809319216439266,0.13719010265707082,0.0983018593037581,0.13208473778741336,0.228548026455151,0.0,0.845565749235474,
8098.T,稲畑産業,54.72,13.9,68.1,212729315328.0,230200049664.0,0.9784782115199269,0.06463143069304243,0.044873883413428906,0.04185415318951874,0.03428812131423757,0.042357767076868204,0.0,0.7602131438721137,
7769.T,リズム,54.61,49.1,44.2,32396662784.0,25574727680.0,0.966364968167704,0.02849058886571025,0.016809704388707783,0.08008326700544909,0.034883987790604275,0.1773177317731773,0.0,0.6788321167883211,
7947.T,エフピコ,54.55,13.0,68.4,193052868608.0,252414951424.0,0.7947460253053295,0.06507543809416047,0.04272720428709287,0.14104860203371417,-0.021280728782905753,0.03233521774243648,0.0,0.066815144766147,
8066.T,三谷商事,54.4,22.4,81.0,210069979136.0,113349459968.0,0.7957919579349902,0.09956682095188343,0.0636212824594967,0.10936711847907848,-0.00022738216253811994,0.049152494411273666,0.0,0.7273449920508744,
7500.T,西川計測,54.29,42.5,38.8,37682233344.0,36655034368.0,0.5435001108622188,0.017843057917029177,0.07915618640806936,0.0995019534200929,0.0726202009854672,0.08491262870275174,0.0,0.5450236966824644,
7490.T,日新商事,54.16,69.2,17.0,8879670272.0,9380670464.0,2.6264771422359408,-0.05280342463599081,0.015243846936623439,0.04482213287253241,0.054632471221987805,0.394766484775772,0.0,0.8357963875205254,
8095.T,アステナホールディングス,54.05,45.9,13.1,18969937920.0,31725760512.0,1.427258229003208,-0.08796812931267621,0.0289895414960035,0.08702027285477495,0.16790773279665608,5.438679245283019,0.0,0.5424836601307189,
7611.T,ハイデイ日高,53.67,25.3,48.4,106641915904.0,94871347200.0,0.2425050861171745,0.033625577425184815,0.11882064770146333,0.1249667286605174,0.03530661457532464,0.18467246960851358,0.0,0.3072378138847858,
8214.T,ＡＯＫＩホールディングス,53.62,18.3,73.1,140969213952.0,152462655488.0,1.0061771362951382,0.07810925301569209,0.04109436165098551,0.12558644025575022,-0.01417950551566262,0.0782426591810364,0.0,0.7099621689785625,
7760.T,ＩＭＶ,53.58,35.4,57.5,53624066048.0,53755121664.0,0.22159826502830432,0.043823607070311806,0.08303651890314552,0.18382475893205508,0.20841111802530596,0.3439282803585982,0.0,0.7193149381541389,
7937.T,ツツミ,53.45,56.6,19.8,49145847808.0,18866456576.0,1.3795468594798281,-0.04091902143709988,0.028519321624998206,0.10851620696597544,0.008136083966702859,0.4404061998931053,0.0,0.7889720898570456,
7820.T,ニホンフラッシュ,53.44,64.6,83.7,18524000256.0,11607795712.0,1.6308198327850423,0.10639445976911133,-0.06600182153796817,-0.07360744080144618,-0.05878880738832944,-1.7131281050426195,1.0,0.5658914728682171,
7893.T,プロネクサス,53.39,53.7,79.5,28226029568.0,20552777728.0,0.8845056985380679,0.09560374028160587,0.011664758240299488,0.14010275411589443,0.001973539430629455,-0.17001642339288986,1.0,0.24087591240875914,
8141.T,新光商事,53.37,68.5,100.0,31578804224.0,9847138304.0,1.6371424210137946,1.0014312060608568,0.006308478345055027,0.014378318736638852,-0.19799024175207638,-0.6810707456978967,1.0,0.9664268585131894,要確認: FCF異常値(>30%)
7938.T,リーガルコーポレーション,53.31,61.4,30.9,7286683136.0,14094091264.0,1.7490811336413243,0.0004117099569183188,0.026658542158580243,0.05522540113761779,-0.055331702403223486,0.2958167330677291,0.0,0.5328,
8233.T,高島屋,53.3,6.4,45.9,530209570816.0,813952991232.0,0.8921887231721864,0.03184094664684718,0.030497402801825908,0.1972914255222261,0.020100356166000904,0.21761523319013013,0.0,0.5475434209637089,
7819.T,粧美堂,53.19,57.3,58.3,16355318784.0,18343944192.0,0.4535764846881018,0.04504589667311984,0.059916218462830406,0.08291344947825914,0.13126242767963783,0.38003322504096704,0.0,0.8857808857808858,
7494.T,コナカ,53.06,58.9,46.7,8315474432.0,16519070720.0,2.0002466649397785,0.03246958453278063,0.01130718645030042,0.010543010074431848,-0.049125016869854696,1.3658536585365855,0.0,0.6533333333333333,
7821.T,前田工繊,53.05,21.7,40.0,137197568000.0,118594183168.0,0.49887181673657655,0.01977713610783538,0.10912039006888304,0.2573469769763524,0.08369577408621313,0.1192672998643148,0.0,0.5987903225806451,
7677.T,ヤシマキザイ,52.94,98.9,63.0,7240300032.0,-3971103744.0,1.293325547092466,0.05653315445367444,-0.02006889953193163,-0.015249676031227006,0.013099974495335375,-1.6465471816811097,1.0,0.35990338164251207,
7914.T,共同印刷,52.51,38.6,62.2,45164085248.0,46480748544.0,1.3925223915120708,0.05478357350566659,0.026234861454568513,0.10867499524890725,-0.04284034442210674,0.3196890562370946,0.0,0.8518518518518519,
7638.T,ＮＥＷ　ＡＲＴ　ＨＯＬＤＩＮＧＳ,52.35,44.3,56.8,27500670976.0,34479955968.0,0.3612927484086125,0.0433327609002699,0.07262816836759636,0.15997479980360457,0.24268318158292665,0.4393205376516616,0.0,0.8675496688741722,
7635.T,杉田エース,52.2,72.6,98.3,9158172672.0,7974138880.0,1.270668332731781,0.30530107917144106,0.01343694770766192,0.018384636734909664,-0.00837607278162934,-0.14610190300798034,1.0,0.8737151248164464,要確認: FCF異常値(>30%)
8165.T,千趣会,52.08,98.6,3.0,5893803008.0,-596874816.0,2.2823972877513587,-0.3202728285010234,-0.14188743648423258,-0.06337719298245614,-0.18950611462164796,0.278762166209134,0.0,0.0,
7723.T,愛知時計電機,52.05,41.6,32.1,47022166016.0,39160008704.0,0.9949988263849866,0.005061442722970629,0.0563297193877551,0.10717312014147294,0.021515008387758758,0.08322472537702476,0.0,0.8349339735894358,
8283.T,ＰＡＬＴＡＣ,51.89,14.2,56.0,284310011904.0,216454512640.0,1.0118039743782683,0.04288760409927882,0.045092377841940014,0.03298552222587886,0.0228990693911805,0.09000389386438226,0.0,0.754017305315204,
7713.T,シグマ光機,51.88,69.6,25.7,14660108288.0,9336095744.0,1.2051562412033392,-0.012184425141403157,0.04847650223189638,0.15621705676977768,-0.028885498439922403,0.3133019044618447,0.0,0.7634322373696872,
8255.T,アクシアル　リテイリング,51.88,27.2,51.1,109494132736.0,81977196544.0,0.8154957509485086,0.0377371818630923,0.06656516083254493,0.06540249050980948,0.029728289824187532,0.13662987853751773,0.0,0.800498753117207,
8059.T,第一実業,51.73,33.8,82.2,104581816320.0,60089761792.0,0.7626947284596558,0.10351703939501823,0.05158922350662006,0.06752948073324164,-0.11569957945251426,0.2757710001703868,0.0,0.7970687711386697,
8086.T,ニプロ,51.64,6.2,50.0,242441535488.0,850864308224.0,1.0412613477796389,,0.004367979879784446,0.14362552087696598,0.05473224961502801,0.09408163747665982,0.0,0.6956521739130435,
7970.T,信越ポリマー,51.58,21.2,45.2,164808966144.0,120863244288.0,0.7472348312190623,0.030665807317692435,0.06163882134546501,0.17209853321517063,0.08673230192217533,0.1552142770426126,0.0,0.8124373119358074,
7999.T,ＭＵＴＯＨホールディングス,51.46,50.5,48.6,34974322688.0,23441682432.0,0.6769823739323989,0.03368185312718528,0.04583388970490052,0.1156774051191527,0.0438721817611597,0.29524397776405187,0.0,0.9904743760716327,
8041.T,ＯＵＧホールディングス,51.46,35.8,57.0,23481085952.0,53128916992.0,1.5141122549731043,0.04352439244459012,0.050149551345962114,0.021974223918284335,-0.009654415798134943,0.5607628322174883,0.0,0.7717745691662785,
7813.T,プラッツ,51.38,85.4,29.1,2732224512.0,3453271040.0,1.1693387516172025,-0.001921511199735551,,,0.041345015769164134,,,0.7397260273972602,
7571.T,ヤマノホールディングス,51.29,83.6,74.3,3696812288.0,3894060544.0,0.35905204175733363,0.0817201352042249,0.0052567293400255745,0.019536680023293177,-0.07989719632869142,0.5554630664325299,0.0,0.30337078651685395,
7966.T,リンテック,51.24,12.6,55.6,313984712704.0,266740285440.0,0.7814520582449815,0.04261831663318915,0.04251757124689034,0.11526435384741976,0.02062711711981774,0.4142979186082634,0.0,0.7737203495630461,
8276.T,平和堂,51.09,19.2,50.0,140304039936.0,139859918848.0,1.3535533266656286,,0.0348428547299492,0.06410922078593473,-0.005147659963614155,0.2372896061079299,0.0,0.47455470737913485,
8289.T,Ｏｌｙｍｐｉｃグループ,51.07,45.0,50.0,9877337088.0,33384366080.0,,,,,,,,0.5,
7849.T,スターツ出版,51.03,72.1,50.4,15127957504.0,8208440832.0,0.6456148490248959,0.035373247965464406,0.15245479502727774,0.28051126140823535,0.13162979400834848,0.02687512904123006,1.0,0.5035971223021583,
7640.T,トップカルチャー,50.89,68.3,96.3,3122183936.0,9847682048.0,0.23609787735452623,0.24881205461432493,-0.049428891300163875,-0.005916832725061529,-0.06259787482668329,0.230299300531356,0.0,0.515527950310559,
8281.T,ゼビオホールディングス,50.82,43.4,50.0,42954616832.0,35273850880.0,2.8336418521913913,,0.004760760741129345,0.03636029895891111,-0.026588078079511288,-0.062262015025213543,1.0,0.049707602339181284,
7922.T,三光産業,50.81,84.0,6.7,5589053440.0,3839793408.0,1.5701433336089197,-0.18424747786988416,0.007267850196654709,0.052155190561969454,0.004827797036413241,0.37337815345807784,0.0,0.8169556840077071,
8150.T,三信電気,50.63,37.7,38.3,36225953792.0,50339876864.0,1.1175413139554198,0.0169215696436783,0.04190412735428143,0.03718015533042671,0.06547588864662035,0.13043478260869565,0.0,0.8055384615384615,
7885.T,タカノ,50.59,71.0,47.9,19103082496.0,8705884160.0,1.6702510710866167,0.033424867433499254,0.01352937028114024,0.07270001930776086,-0.030478478805421576,-0.10881492262829567,1.0,0.5482093663911846,
7887.T,南海プライウッド,50.5,56.4,59.8,10826533888.0,18895398912.0,2.2548836268880663,0.04852125393356548,0.0031131270704517536,0.07599957193489959,0.00717015464094118,-0.28826112362675044,1.0,0.7373380447585395,
8084.T,ＲＹＯＤＥＮ,50.46,42.9,87.2,72647983104.0,35778400256.0,1.2278523943645256,0.11819667367375562,0.03309975703369837,0.0340145511840215,-0.08993315259538413,-0.19728783902012248,1.0,0.7231359649122807,
7762.T,シチズン時計,50.44,9.8,53.8,401372119040.0,371671138304.0,0.6376053239873789,0.040217043571956025,0.057456106576312956,0.1372169714565221,0.0002575551517047985,0.03553226958799714,0.0,0.7703269069572506,
8254.T,さいか屋,50.44,70.3,17.8,1893374592.0,9097282560.0,0.4182954621586049,-0.04716129622595041,0.009269781194320778,0.11597465618919879,0.007372419936752656,0.20563209621684692,0.0,0.014619883040935672,
7839.T,ＳＨＯＥＩ,50.33,29.5,81.5,82847383552.0,69110063104.0,0.3889495554168542,0.10119129465009662,0.1669403972586058,0.32041851433011687,0.07873235632650419,-0.15238418064503262,1.0,0.38306451612903225,
8136.T,サンリオ,50.32,5.5,43.2,1349218861056.0,1238528163840.0,0.07932664083589157,0.02743216913750496,0.20617471814076657,0.3996231988074863,0.2969589009496226,0.8870205624531561,0.0,0.25424133811230587,
7915.T,ＮＩＳＳＨＡ,50.27,24.9,27.9,60182142976.0,96780959744.0,1.897024505184679,-0.0053691174162551645,,,0.15114320206744916,,,0.47619047619047616,
7857.T,セキ,50.18,87.9,28.9,5623348224.0,2748513536.0,2.7622331716372113,-0.0022940069663379254,0.014965015118551441,0.07112472822868629,0.008680257247355114,-0.18884427728742098,1.0,0.6481481481481481,
7687.T,ミクリード,50.1,91.8,54.3,2963159296.0,1853572352.0,0.4694313943491751,0.04150974946437709,0.11096774193548387,0.06360684769775679,0.12536302032913843,0.09390862944162437,1.0,0.30985915492957744,
7781.T,平山ホールディングス,50.07,79.2,77.5,11763666944.0,6075640320.0,0.37939232904552384,0.09262630140644688,,,0.2155174646865215,,,0.8702490170380078,
8226.T,理経,49.68,73.3,18.0,7907431936.0,7849847296.0,0.6776067177519617,-0.04634450261046167,0.05965718506853087,0.05590448299743931,0.07560674435879733,0.8926073302972725,0.0,0.7191011235955056,
7711.T,助川電気工業,49.53,38.4,31.1,40699731968.0,48446664704.0,0.12015462420845788,0.0005754583351658106,0.10527147100415332,0.23142300076573755,0.07215239957010114,0.17100339065866135,0.0,0.5534158642824393,
7727.T,オーバル,49.53,59.1,71.6,16432690176.0,16410827776.0,0.965490606229026,0.07494226367138683,0.042043215843811606,0.13731734908880874,0.04445013662148806,-0.04226971641290222,1.0,0.8116438356164384,
7745.T,Ａ＆Ｄホロンホールディングス,49.49,28.8,67.9,71289348096.0,72261165056.0,0.5990796821776003,0.06396467525357913,0.09373233823635968,0.16724058256190094,-0.041410829883588476,0.10662852633655553,0.0,0.8295380611581002,
8316.T,三井住友フィナンシャルグループ,49.26,99.8,50.0,19422183948288.0,-29214864572416.0,0.7570827791122906,,0.0038461154828173636,,0.03741172409320479,,,0.6785282664160065,
7919.T,野崎印刷紙業,49.14,79.7,10.4,3454915328.0,5619424768.0,1.2758952337485476,-0.11539993376069216,0.04893070045302941,0.09405607085628256,-0.007538523150720427,0.057799403658784144,0.0,0.7373737373737373,
7953.T,菊水化学工業,48.97,90.6,49.1,4990345216.0,2080839552.0,1.9072906959389,0.03424632818027473,0.01023198156019485,0.03196570234028813,-0.1032285828370528,-0.2887402545392133,1.0,0.7866666666666666,
8022.T,美津濃,48.92,13.5,35.6,261452546048.0,246682845184.0,0.59799761893042,0.011065105479863543,0.06976871919040274,0.10442923419393763,0.05980082560841325,0.07192278124199197,0.0,0.5753899480069324,
8291.T,日産東京販売ホールディングス,48.92,45.2,50.0,30919729152.0,32807270400.0,1.8319371337810093,,0.04441651816524346,0.06986335228275838,0.02937091113443819,-0.33608482652170996,1.0,0.71875,
7643.T,ダイイチ,48.91,55.5,77.0,18981945344.0,19519981568.0,0.9068670090466361,0.08703665646799578,0.03582634010831613,0.04031497844346902,0.04343211783606504,-0.12526443189320033,1.0,0.5946704067321178,
7702.T,ＪＭＳ,48.87,47.9,9.1,10720020480.0,27407943680.0,3.809134513892272,-0.14673479429770642,0.001092936437764024,0.06866048258756398,-0.038685381718589526,0.17406227016425593,0.0,0.367816091954023,
7472.T,鳥羽洋行,48.85,82.9,16.3,15511349248.0,3968709376.0,1.352698444508649,-0.05448758753910303,0.04007477859617264,0.05992159923395484,-0.043449986261214726,0.1327035049970866,0.0,0.7598425196850394,
7483.T,ドウシシャ,48.79,29.9,69.4,122003136512.0,68478050304.0,0.7189979086428817,0.07045310700806912,0.0627927027609586,0.08825775195499345,-0.0061829972444279995,0.09067245119305857,0.0,0.824805339265851,
8143.T,ラピーヌ,48.78,92.5,0.7,472756416.0,1706571264.0,1.7859556664377454,-0.986366306660553,-0.04250471675468864,-0.0484549369037847,-0.11493500578686694,0.6641766487887454,0.0,0.0881057268722467,要確認: 大幅なFCF赤字
7729.T,東京精密,48.67,8.4,45.4,595267158016.0,550710214656.0,0.29427123206970485,0.031229675196528018,0.10774021651425497,0.26326942750474974,0.05510721697025594,0.23511079253280145,0.0,0.6969820888198249,
7867.T,タカラトミー,48.63,14.6,50.6,246199599104.0,210628018176.0,0.4321574868001943,0.03683596574894933,0.09863063280448815,0.12983795232481468,-0.002899213242547458,0.38120137737533477,0.0,0.10678642714570859,
7985.T,ネポン,48.63,86.5,41.7,1554016000.0,3069248768.0,1.5012496653831107,0.02432214340135494,-0.04650985981472084,0.031973048886612156,-0.1274519190310704,-0.1733762958015674,1.0,0.32112332112332115,
8158.T,ソーダニッカ,48.51,55.0,37.5,25197320192.0,19879497728.0,1.1721087708913136,0.01599376429434548,0.02998633879781421,0.05783931476990145,-0.07921053624665082,0.2623115577889447,0.0,0.6893203883495146,
7707.T,プレシジョン・システム・サイエンス,48.43,79.5,28.6,5849144320.0,5717553152.0,0.7082830878072778,-0.003825345858451993,,,-0.3447210456951231,,,0.4117647058823529,
7630.T,壱番屋,48.34,20.1,37.0,144762011648.0,132294606848.0,0.22141320526781189,0.015187216417977807,0.06808230430908671,0.1106350118687871,0.05235494278564573,0.09837346642864,0.0,0.2896551724137931,
7510.T,たけびし,48.33,46.8,52.3,39538585600.0,30902153216.0,1.0323839201774583,0.03907575287670381,0.04174778622118947,0.05156242262170059,-0.022108947982558497,0.08368026644462948,0.0,0.7877280265339967,
7965.T,象印マホービン,48.24,30.8,64.4,97973256192.0,66850279424.0,0.9054511756366797,0.05821103853916502,0.05053578068485279,0.119153931388575,0.031044968589078934,-0.0723436966176973,1.0,0.46461949265687585,
7744.T,ノーリツ鋼機,48.24,17.6,70.9,227682533376.0,161563017216.0,0.9761223081305846,0.07189945352973479,,,0.07119522240232438,,,0.7927745784523365,
8104.T,クワザワホールディングス,48.15,84.7,50.0,9092176896.0,3667441920.0,1.7571149552785823,,0.018112164488519263,0.02265847169984405,-0.012096387850915014,-0.130791788856305,1.0,0.7649572649572649,
7480.T,スズデン,47.96,58.0,60.0,24831444992.0,17738985472.0,0.7528493813397809,0.05007763472486684,0.061499378926035436,0.06276659494706636,0.028403981191194878,-0.12270921517296696,1.0,0.3864864864864865,
7463.T,アドヴァングループ,47.89,39.7,21.5,31074512896.0,43165814784.0,1.7333509677293575,-0.03518961135962837,0.07487695525789874,0.518928309802859,0.020256592321214236,-0.4352922310130831,1.0,0.6,
7989.T,立川ブラインド工業,47.84,44.5,74.1,50836656128.0,33620563968.0,1.0423328172211288,0.08128871524505948,0.04389513831363664,0.13296833693914287,0.011094379751266668,-0.007504578149585754,1.0,0.8943148688046647,
8198.T,マックスバリュ東海,47.84,30.1,27.7,113824653312.0,67885723648.0,0.7770372887283422,-0.006132239191511011,0.06931767833407178,0.049242484460200624,0.01632331419565462,0.06675467799334175,0.0,0.6704249783174328,
7795.T,ＫＹＯＲＩＴＳＵ,47.66,60.3,52.8,10029434880.0,15152565248.0,1.7591560452905597,0.03944000880735565,0.016930580710889074,0.07235809444962703,-0.012543067943144253,-0.062195802695468344,1.0,0.7727272727272727,
7699.T,オムニ・プラス・システム・リミテッド　ＪＤＲ,47.62,59.4,29.9,16319828992.0,16401765376.0,0.005327450614992326,-0.0008057371193316975,0.06943355620025826,0.07892561919083244,0.1608678654319765,0.4050141113865099,0.0,0.6089743589743589,
7717.T,ブイ・テクノロジー,47.6,40.9,82.0,41972715520.0,40619380736.0,0.7980898920880686,0.10256663040895382,0.010928812447917378,0.057966307219262915,-0.03180964473719017,0.0323949093713845,0.0,0.8583877995642701,
8138.T,三京化成,47.6,90.2,8.1,4255202304.0,2192359936.0,2.0473987786222065,-0.15906294263935425,0.03890102445615558,0.0387306876659344,-0.09442540938074509,0.9009442414304253,0.0,0.8802395209580839,
8016.T,オンワードホールディングス,47.59,19.9,32.6,101187936256.0,133494964224.0,0.8329649078597767,0.005613317367823283,0.0475175484605341,0.07927329612798895,0.04584446960236225,0.3939751919669226,0.0,0.72,
7949.T,小松ウオール工業,47.57,43.2,51.4,47944753152.0,35349348352.0,0.7881154352845754,0.03781435675040849,0.05667721789716828,0.10749506903353057,-0.014729743967969656,0.00587248322147651,0.0,0.810917276308385,
8217.T,オークワ,47.56,38.8,50.0,33400395776.0,46093377536.0,2.222219176616262,,-0.01851060025344207,0.017673395962422546,-0.029185786740731797,-0.4925390266299357,1.0,0.07692307692307693,
7596.T,魚力,47.5,54.8,66.2,31962585088.0,19938514944.0,0.5479516112911474,0.06059416016156747,0.0621973020158019,0.04670010420565506,0.07313904200001888,-0.056882531606766665,1.0,0.12037037037037036,
7874.T,レック,47.45,37.0,70.1,37834203136.0,51487891456.0,0.9155208020501759,0.0713904291915678,0.019335502846087607,0.09163851351351351,0.001983326610192282,-0.044954416850047155,1.0,0.3805104408352668,
7988.T,ニフコ,47.4,10.7,50.0,426962321408.0,327759495168.0,0.6440076470758291,,0.11786496619415716,0.1914609758722857,-0.001548349785097462,0.45973436993845157,0.0,0.6086607858861267,
8306.T,三菱ＵＦＪフィナンシャル・グループ,47.33,99.3,50.0,29675092967424.0,-2614828466176.0,0.6915019616796607,,0.004509525821573186,,0.023310083337051618,,,0.7422622397298818,
7879.T,ノダ,47.18,69.4,2.2,10614506496.0,9369161728.0,3.2085958035669755,-0.36744526120642357,-0.011389458784863525,0.024123050668252318,-0.018537878225178422,1.4761044112980006,0.0,0.43636363636363634,
8075.T,神鋼商事,47.15,23.5,80.5,63651495936.0,109378625536.0,1.4365098361857298,0.09831662096822145,0.022134050197740843,0.02659528789958148,-0.024061068394179735,-0.04614132961413296,1.0,0.6627218934911243,
8137.T,サンワテクノス,47.1,45.4,94.3,48720756736.0,32371662848.0,1.008030319933658,0.1855677252508593,0.0262468037559896,0.031830979861155885,-0.05702736381411653,-0.4408507425119557,1.0,0.8318840579710145,
8244.T,近鉄百貨店,46.92,30.6,49.4,69878030336.0,67009024000.0,0.5520333045238512,0.034374180102820236,0.030457740322411442,0.08832651359170163,-0.008460178218508373,0.055763239875389406,0.0,0.10256410256410256,
7897.T,ホクシン,46.84,75.8,24.4,3062027776.0,7224061440.0,1.9018279473634663,-0.01971667287710456,0.001481617650004228,0.03706226304096833,-0.04259672638503372,-0.3099100936577513,1.0,0.17647058823529413,
7792.T,コラントッテ,46.83,65.3,62.0,13028919296.0,11407483904.0,0.3966424138943412,0.054555714395914855,0.1977390237620608,0.27199804565251645,0.23651629494836812,0.18750082830930867,1.0,0.7526555386949925,
7840.T,フランスベッドホールディングス,46.68,40.0,63.7,43451195392.0,42403659776.0,0.9345197441328889,0.0574897877368851,0.04155851484031148,0.16517230560922044,0.03372949325555961,-0.0373400057742277,1.0,0.7218045112781954,
7912.T,大日本印刷,46.27,4.8,58.0,1331129221120.0,1359951167488.0,0.8532950685616454,0.04495957195624124,0.057711860960101946,0.15366535195652606,-0.01932421742569782,0.11639776505126326,0.0,0.7738255033557047,
7932.T,ニッピ,46.2,40.2,80.0,39057907712.0,42290135040.0,1.0198959015861786,0.09767548298107874,0.03501396568431853,0.10353879652428725,-0.030693151366135315,-0.042348955392433656,1.0,0.918974358974359,
7751.T,キヤノン,45.94,2.3,56.3,3855404761088.0,4483030450176.0,0.876762158442239,0.043055950581218645,,,0.06455534556233578,,,0.4342105263157895,
7625.T,グローバルダイニング,45.72,76.9,40.5,4980802560.0,6658469888.0,1.0710012966263813,0.021080940016221,0.05031061860108192,0.08129076543480487,0.19553634757157984,0.037316268199988525,1.0,0.7729257641921398,
7946.T,光陽社,45.67,94.5,17.5,1588797952.0,1187176320.0,1.1259782892771504,-0.051642815813498735,0.019074592802039266,0.05620737766391253,-0.0909395044166984,-0.17779311369277143,1.0,0.010786193672099712,
8200.T,リンガーハット,45.49,32.9,37.3,57372868608.0,62725464064.0,0.23786853143503184,0.015532951752664087,0.033164015568655635,0.07841794635115101,0.01661170010882846,0.15433743051160334,0.0,0.4537037037037037,
7740.T,タムロン,45.33,21.0,72.6,161229455360.0,126258528256.0,0.5106573102052808,0.07721293836912953,,,0.17369231122648227,,,0.7097505668934241,
7844.T,マーベラス,45.17,62.8,9.6,28711682048.0,12548104192.0,0.9105004700280526,-0.12381719726683983,0.024860954928122056,0.12448592783320817,-0.04733916266141641,3.35125,0.0,0.3393665158371041,
8173.T,上新電機,45.16,23.3,92.3,71997284352.0,109508386816.0,1.4537076077521887,0.16250612574215778,0.014716871919586354,0.029234313431318333,-0.00546450434969391,-0.1382309941520468,1.0,0.8862512363996043,
8304.T,あおぞら銀行,45.09,99.1,6.4,340901888000.0,-312479776768.0,1.3241874448052338,-0.18473056975266738,0.002643243085867139,,0.020969611740204723,,,0.6317257871662016,
8113.T,ユニ・チャーム,45.07,4.6,61.7,1583505997824.0,1450898489344.0,0.4881964457743232,0.05435186465871911,,,0.09381039795276577,,,0.07227439771335235,
8118.T,キング,45.03,72.8,43.0,17792440320.0,7949117440.0,1.2631207184512843,0.027146360550501483,0.028502546953377145,0.1636631114380287,0.004413372910482737,-0.023408924652523776,1.0,0.8905579399141631,
7733.T,オリンパス,44.94,4.3,33.6,1469924638720.0,1511305379840.0,0.5114092111923533,0.00762658152717409,0.08225353252942087,0.2329886136211412,-0.06608587056842061,0.9388637179069981,0.0,0.03755054881571346,
7917.T,ＺＡＣＲＯＳ,44.92,24.7,9.9,96966483968.0,96926269440.0,0.948781437000036,-0.11877299793401538,0.042422982472096984,0.10483961919925698,0.08643421795595709,0.19475315642246918,0.0,0.7164778955060285,
7911.T,ＴＯＰＰＡＮホールディングス,44.75,3.9,16.0,1418146217984.0,1608759246848.0,0.9121464229823122,-0.0556621023974628,0.03552481484735916,0.15774988940371137,0.033948939899839915,0.24442893418496903,0.0,0.6416139240506329,
8117.T,中央自動車工業,44.63,26.9,64.7,109479731200.0,83063029760.0,0.5087853102072651,0.05823076956915291,0.1367386140824144,0.2812949391871577,0.10638375545094551,0.08758754800824735,1.0,0.6562847608453838,
8051.T,山善,44.39,32.6,42.2,123057561600.0,63677014016.0,1.0287137040102052,0.025386493600081217,0.026842078250902436,0.033464696605092555,-0.009180501266217587,0.15369714781911695,0.0,0.6102564102564103,
7956.T,ピジョン,44.32,18.0,53.6,191946686464.0,155290927104.0,0.4227371750708421,0.0400247858690746,,,0.0783353245718837,,,0.10572687224669604,
7578.T,ニチリョク,44.3,82.6,12.3,2016525440.0,4319372800.0,2.2740357790874186,-0.10415173537309799,-0.03625229976187081,-0.029814461141807087,-0.07336285126292835,-1.1747094360132113,1.0,0.09523809523809523,
8008.T,ヨンドシーホールディングス,44.2,36.1,63.2,38719029248.0,52771602432.0,1.0055262426810727,0.05702622309711064,0.020708635365596896,0.08300291926277722,0.3129948857690105,0.11370944168371822,1.0,0.6221374045801527,
8020.T,兼松,44.14,8.7,86.9,362028531712.0,523983323136.0,0.4804648936851582,0.11747105917561124,0.03984843407506053,0.05693400930218396,-0.04964520429532348,0.030004647880050268,0.0,0.7986577181208053,
7721.T,東京計器,44.09,17.8,50.0,137546711040.0,158038130688.0,0.2938565356771471,,0.04963593343529812,0.10759757155247181,0.1421212935590791,0.5181106216348507,0.0,0.8335467349551856,
8202.T,ラオックスホールディングス,44.03,76.3,14.3,13072529408.0,7099520512.0,1.7586497059957502,-0.07049133363862004,0.015206191416445382,0.025131264528504317,-0.04757684492672171,-0.4725349709996588,1.0,0.10416666666666667,
8160.T,木曽路,43.97,32.4,27.2,70428073984.0,63693787136.0,0.4307799189126268,-0.008746512081814763,0.06767704837434001,0.07642450543876458,0.012247105917991994,0.7511838140335773,0.0,0.7640449438202247,
7581.T,サイゼリヤ,43.93,11.9,41.2,320918749184.0,287422971904.0,0.3650643669087348,0.02388455027788122,0.06221370217224123,0.12614426949835225,0.0672669743540943,0.15311754442189224,0.0,0.7994186046511628,
7506.T,ハウス　オブ　ローゼ,43.86,81.1,52.6,6696260096.0,5166148608.0,0.8441350722586985,0.03919260426529286,0.00955548925799509,0.024345548225483703,-0.03888740355485162,-0.31778808971384376,1.0,0.38967136150234744,
8285.T,三谷産業,43.8,37.9,50.0,43714965504.0,49337643008.0,,,,,,,,0.8870292887029289,
8001.T,伊藤忠商事,43.73,0.5,44.0,14228405616640.0,19349167407104.0,0.404477645286517,0.028342800346960576,0.05816278875536993,0.11610111602410013,0.044484216755059335,0.057406764805395714,0.0,0.7706628293911323,
7928.T,旭化学工業,43.71,97.0,3.2,1831801472.0,55534828.0,2.8883954297859633,-0.2801591809180509,0.007057806690698319,0.04448766693640851,-0.0397303075057528,-0.09982064668849888,1.0,0.625,
8154.T,加賀電子,43.7,18.5,82.7,186585268224.0,146101977088.0,0.8908366752752023,0.1038506425745116,0.055886884918752516,0.05286438508960731,0.06582819604452007,-0.12968472936014186,1.0,0.7777278850471486,
8194.T,ライフコーポレーション,43.53,14.4,29.6,215602315264.0,216195448832.0,0.6420756652380658,-0.001716122572927585,0.05864841991066148,0.050244857406569116,0.06575400667256379,0.0845663815639197,0.0,0.6878727634194831,
8035.T,東京エレクトロン,43.53,0.7,37.8,17772276875264.0,17156764860416.0,0.10438763772480568,0.016295935182232966,0.20721132407279413,0.3123848479664151,0.06900941272447936,0.4932589703465467,0.0,0.7393475366178429,
7963.T,興研,43.52,62.1,21.2,9785095168.0,12930617344.0,1.3322070737370677,-0.03555152014644156,0.03460408412548585,0.13859222017734182,0.002368539705393359,-0.015240973758588522,1.0,0.6403940886699507,
7936.T,アシックス,43.44,3.0,40.7,3120843456512.0,3148369625088.0,0.08707870285289174,0.02305097950680353,0.1683245805483563,0.20929048138154877,0.13003233178032886,0.41533445081017073,0.0,0.7669579692051602,
8032.T,日本紙パルプ商事,43.39,15.1,89.6,121960366080.0,208869900288.0,1.099291551093383,0.13465850036254665,0.01929715424975907,0.048181864085233464,0.05256745696306136,-0.13449951409135083,1.0,0.8126934984520123,
8060.T,キヤノンマーケティングジャパン,43.28,8.0,83.5,730873397248.0,576270237696.0,0.5238280685021166,0.10620272755893141,,,-0.058803371572718824,,,0.8442593263310395,
7595.T,アルゴグラフィックス,43.17,29.2,62.5,103821557760.0,70438895616.0,0.5508316021630073,0.05522953155119371,0.08610717272496748,0.1506132829017756,0.15238198161160477,0.11279124606776705,1.0,0.685214626391097,
7942.T,ＪＳＰ,43.12,28.1,36.3,64181424128.0,75353653248.0,1.5741782201420957,0.013066475781645031,0.032909780688078163,0.10733919156414763,0.01537548233897299,-0.07979268366178509,1.0,0.6289211935730681,
7808.T,シー・エス・ランバー,43.12,63.9,2.5,5771285504.0,12167280640.0,1.956110470046155,-0.34831927524755496,0.04298407349851193,0.10586842691837665,0.14473452169421952,-0.1423239085309151,1.0,0.6169154228855721,
7545.T,西松屋チェーン,42.98,36.8,50.0,124813352960.0,51532525568.0,0.7312278521133,,0.055019570719786234,0.07483304117779904,0.06040024775207706,0.012145454545454546,1.0,0.25069637883008355,
8237.T,松屋,42.87,21.9,25.2,92447408128.0,114011938816.0,0.30568731533145876,-0.015652142437530814,0.031311180311929254,0.11731088944305902,0.1050178586984929,0.2606074140241179,0.0,0.4565110565110565,
7477.T,ムラキ,42.84,94.3,56.5,2697280000.0,1251222400.0,0.9977358672440384,0.04324541760588445,0.0230031163489198,0.02790963062950915,0.0016387516507212002,-0.09819661597772543,1.0,0.9443099273607748,
8273.T,イズミ,42.8,11.0,50.0,211569229824.0,325045977088.0,1.349534619176513,,0.020924806578524642,0.07909879383831099,0.1636374407824984,-0.11734900257605757,1.0,0.30536130536130535,
8331.T,千葉銀行,42.77,5.0,50.0,1397090287616.0,1283515088896.0,,,,,,,,0.6933194877120111,
7527.T,システムソフト,42.76,88.6,10.9,4748916224.0,2543113984.0,0.9151536466439042,-0.11303905452933928,-0.05301524147376346,-0.10745832638560718,-0.07439125785104299,0.8693440376231943,0.0,0.2037037037037037,
7943.T,ニチハ,42.74,24.0,61.5,110900928512.0,106014728192.0,1.1243097931908503,0.054093325281319715,0.015248936350060579,0.0848879968749579,0.010057602112836392,-0.25666430761972164,1.0,0.6308411214953271,
7780.T,メニコン,42.53,17.4,22.7,126753685504.0,165322309632.0,0.6792228538181883,-0.0279597392841738,0.03001356243525806,0.15210180177955568,0.04154338976264098,0.1820507899955223,0.0,0.762987012987013,
8018.T,三共生興,42.45,47.7,28.4,31742232576.0,27712716800.0,1.6013996456705943,-0.004725565526648354,0.030190624865731923,0.18650969283880675,0.04820452771272443,-0.059584914081678195,1.0,0.7963917525773195,
8012.T,長瀬産業,42.44,7.5,34.6,455331446784.0,611636281344.0,0.8763989459074242,0.010232930619901404,0.03157980703910075,0.06340473310538741,0.01994986975222633,0.12974695478372364,0.0,0.8191800878477306,
8101.T,ＧＳＩクレオス,42.4,44.1,76.3,31293886464.0,34557558784.0,0.961369884006236,0.08509649330592012,0.029487900956668544,0.021940184002754604,0.06144472762026123,0.013110181311018132,1.0,0.7844311377245509,
7872.T,エステールホールディングス,42.39,62.6,50.0,6590391296.0,12551586816.0,1.8070247220719806,,-0.01154889030227965,0.008026606120686898,-0.06740134865134866,-0.5360443622920518,1.0,0.8017241379310345,
7532.T,パン・パシフィック・インターナショナルホールディングス,42.38,2.7,42.0,3015409926144.0,3231812419584.0,0.20157624166783783,0.02537030739095162,0.05990102089573574,0.08510128816721695,0.008419591433586268,0.04070802240329191,0.0,0.6423477783872736,
7994.T,オカムラ,42.36,13.7,14.1,242561449984.0,245317959680.0,0.7632746259235027,-0.07355661833806199,0.07624228757989099,0.11945238405605878,0.024904472596573066,0.036670161690855914,0.0,0.8200723327305606,
7992.T,セーラー万年筆,42.35,81.7,41.5,3320044544.0,4680401408.0,0.37877443610587896,0.02394546185944185,-0.24051996328080508,-0.20246525617757027,-0.14234472631740794,0.27712128960363924,0.0,0.16455696202531644,
7752.T,リコー,42.25,5.7,59.0,765048520704.0,1152249757696.0,1.3464596978137966,0.04600361654397221,0.01939190146611243,0.031882101811955964,0.03103130775203123,-0.5669922525600937,1.0,0.20067643742953778,
7927.T,ムトー精工,42.23,64.4,22.2,15119373312.0,11768765440.0,1.215305662531418,-0.029448971912520498,0.04868648642673043,0.13160524786699598,0.052533150230101966,-0.06736657063333171,1.0,0.7675134719014627,
7646.T,ＰＬＡＮＴ,42.12,59.8,14.6,13255616512.0,15933424640.0,1.1556610728842425,-0.07023437945396108,0.03634251128103975,0.035534916072542784,-0.03584733619903608,0.5236842105263158,0.0,0.7263736263736263,
7718.T,スター精密,41.9,29.0,0.2,11010.0,71107944448.0,6750498.001816531,-872581.7431425976,0.019993729996553956,0.10950092325998181,-0.006572982480615731,-0.48582072595796605,1.0,2.0361075989575672e-10,要確認: 大幅なFCF赤字
7600.T,日本エム・ディ・エム,41.86,58.2,19.3,14309969920.0,17250406400.0,1.7246199075168986,-0.04332273257496826,-0.013716555800099551,0.05592060821135339,0.06927995834574499,-0.5696998851014937,1.0,0.2785234899328859,
7678.T,あさくま,41.77,50.9,31.4,24950173696.0,23222390784.0,0.12308082650712461,0.0013864432537215473,0.1303968815352089,0.03486278546840435,0.3171152319683099,2.2758197735917,0.0,0.8257839721254355,
7585.T,かんなん丸,41.66,95.0,4.2,1539836288.0,994676544.0,0.4220403201720104,-0.2615537892817863,,,0.060083435174199916,,,0.38926174496644295,
7615.T,京都きもの友禅ホールディングス,41.64,97.3,7.2,2371454208.0,-120791840.0,0.8346397722219902,-0.1754661753940981,-0.1268584588453413,-0.1726861900106293,-0.18374620178078824,0.2582783937045094,0.0,0.18882978723404256,
7508.T,Ｇ‐７ホールディングス,41.49,33.1,66.7,60550270976.0,62365286400.0,0.5379166678363835,0.0614365541233412,0.06986547465802838,0.047957072605765684,0.14256852857512284,0.06150506512301013,1.0,0.5661764705882353,
7837.T,アールシーコア,41.39,98.2,1.0,1407270912.0,-442544928.0,1.703169574217704,-0.7045835961967215,-0.08184376058670773,-0.037053094835297486,-0.17747360234345946,-1.1155340970958734,1.0,0.09722222222222222,要確認: 大幅なFCF赤字
8130.T,サンゲツ,41.22,16.7,71.4,186888617984.0,174856650752.0,0.6048201394997588,0.0738354221292458,0.06835129093490121,0.11155416263262434,0.07677306002928258,-0.06040353089533417,1.0,0.7506561679790026,
8252.T,丸井グループ,41.18,5.3,24.9,550829948928.0,1275949744128.0,0.4468511570204642,-0.017915465669950188,0.025241324837281365,0.2248419761627724,0.04967708054102587,0.10133821122557042,0.0,0.6299019607843137,
8111.T,ゴールドウイン,40.92,12.3,50.0,317853827072.0,274237358080.0,0.34726654392302414,,0.162012765365165,0.2460602395978988,0.07022422097221533,-0.06002771842697927,1.0,0.07663847780126849,
7868.T,広済堂ホールディングス,40.86,32.2,8.6,68955160576.0,64125177856.0,0.6925805059559521,-0.15562287014287585,0.05775528431080679,0.24272883922510574,-0.0020280569406050586,0.10691749017740207,0.0,0.52,
7610.T,テイツー,40.86,66.2,58.8,9227280384.0,10702803968.0,0.6661981368485529,0.04567261234748668,0.03748549691628474,0.03317766875860015,0.07827943967529068,-0.19920849913915514,1.0,0.6984126984126984,
8002.T,丸紅,40.71,0.9,39.8,9186399223808.0,11513599361024.0,0.39506621817548093,0.01935823696787737,0.05465838090827033,0.11667245173659926,0.031195604194138304,0.11200043065795237,0.0,0.8379775280898877,
7619.T,田中商事,40.7,74.2,17.3,7139172352.0,7479865856.0,2.08571599981454,-0.051943836304233826,0.0297912756094216,0.03975779846489545,-0.05223789259954934,-0.2228745197950308,1.0,0.8145161290322581,
7609.T,ダイトロン,40.51,41.8,76.8,60899684352.0,38839517184.0,0.5415736116030765,0.08608624297127129,0.05990198860527622,0.07294204628207031,0.0791338473956191,0.05751900080810974,1.0,0.9100424328147101,
7741.T,ＨＯＹＡ,40.37,1.6,34.3,9226185342976.0,8862091444224.0,0.10557158389859736,0.010232276377134728,0.16374106967798177,0.3499613350417412,0.02546893836359059,0.08504256153221516,0.0,0.8491308625778944,
8074.T,ユアサ商事,40.35,26.5,71.9,122404257792.0,85331320832.0,0.8902386401065364,0.07630453522189844,0.03560762772263459,0.03466777191717434,-0.011526208894494294,-0.1001179013558656,1.0,0.7377622377622378,
7550.T,ゼンショーホールディングス,40.26,3.7,35.1,1461519646720.0,1670156517376.0,0.16425437765325587,0.010371396671962763,0.04832070485014924,0.1031051725897435,0.08696274075737645,0.33905373444694537,0.0,0.6330515884581754,
7513.T,コジマ,40.21,26.3,33.8,102630285312.0,88212234240.0,0.684456832468598,0.0093247329196317,0.03898630636000861,0.02899324587149475,0.05342752485609628,0.17700258397932817,0.0,0.8614457831325302,
8278.T,フジ,40.16,15.8,50.0,171647483904.0,190329602048.0,1.2686174888633222,,0.009271310902168001,0.030774137560172377,-0.037161388069263175,-0.1685370741482966,1.0,0.1710914454277286,
7749.T,メディキット,40.06,51.6,27.4,43361869824.0,22890874880.0,1.0413762409988827,-0.006643255956655307,0.057432768526623906,0.2818624092912956,0.028850142952465976,0.004658285703448554,1.0,0.8635743519781719,
7860.T,エイベックス,40.02,55.9,6.2,51301605376.0,19135115264.0,0.9767335667714134,-0.18519888277111837,0.010739901849754624,0.0408076482067871,-0.03573671134893117,0.1831792162043153,0.0,0.23394495412844038,
8282.T,ケーズホールディングス,39.9,11.4,50.0,249838321664.0,299945361408.0,1.005674383043233,,0.022534671455136487,0.039939351154916064,-0.03541085214708386,-0.019590886412772325,0.0,0.7712287712287712,
8218.T,コメリ,39.88,17.1,48.1,165212766208.0,170451009536.0,1.4908956835084626,0.0334901480496613,0.03548069238945743,0.08806379898257079,0.037038924396072426,0.01687018484119492,1.0,0.8195631528964862,
7846.T,パイロットコーポレーション,39.82,19.6,25.4,158176411648.0,134162546688.0,0.8841394146126988,-0.013147503716470199,,,0.06147127375831992,,,0.5647632311977716,
7983.T,ミロク,39.76,70.1,2.0,3312395264.0,9321508864.0,3.244716932429475,-0.40107954942420787,-0.11546460681702171,-0.12216189997349484,-0.03318699581350083,-0.5530721491181301,1.0,0.23578595317725753,
8133.T,伊藤忠エネクス,39.63,11.6,50.9,219843690496.0,291619799040.0,0.7836704324390638,0.03702573768496714,0.03867918127332353,0.05465120429733007,-0.004848031978105081,0.09767967324237421,0.0,0.7638522427440633,
8230.T,はせがわ,39.58,71.9,3.5,6039232512.0,8213729792.0,2.0764227863528895,-0.27437261219989934,0.04544085157662181,0.07532504239683437,0.10240230266799513,-0.13003264417845484,1.0,0.8461538461538461,
8174.T,日本瓦斯,39.46,10.3,60.5,321432125440.0,359381270528.0,0.20982967992908283,0.051576206657335415,0.07401710059095745,0.14170461418495728,-0.020104384526972285,0.07009663294579496,0.0,0.8412537917087968,
7951.T,ヤマハ,39.37,9.6,66.4,494585413632.0,407018766336.0,0.9074954247113287,0.061057703360554896,0.022579903192745207,0.05480869113573407,-0.1133095494101257,-0.5722898687788155,1.0,0.5461538461538461,
7689.T,コパ・コーポレーション,39.35,95.4,7.4,1333294208.0,818294208.0,0.7797671314867064,-0.1704215008485209,-0.3440692712823943,-0.1883915959204576,-0.2272947838354712,0.6901278410798568,0.0,0.35507246376811596,
7514.T,ヒマラヤ,39.28,63.7,20.7,10343846912.0,12215331840.0,1.578619650785489,-0.03596340927749415,0.00031730464130152596,0.015815507800221684,-0.002187491005382379,-0.16140350877192983,1.0,0.45,
8085.T,ナラサキ産業,39.2,61.6,15.1,23161225216.0,13588120576.0,1.1284377124378115,-0.06774253025768773,0.03967846456204961,0.03522290955631399,-0.06875628617124767,-0.020756115641215715,0.0,0.889344262295082,
7604.T,梅の花グループ,39.16,52.3,79.0,7696417280.0,22448883712.0,0.2378949754657793,0.09523911884361863,-0.016711275817352617,0.029828769335773227,-0.0832740464544982,-0.5360166704267412,1.0,0.3059360730593607,
7621.T,うかい,38.87,50.7,64.0,18896146432.0,23333496832.0,0.25238018858299244,0.05776368234274276,0.012560412885366922,0.05904608947759673,0.013080266649715757,-0.3859769322984897,1.0,0.2076923076923077,
7984.T,コクヨ,38.85,12.8,35.8,357832687616.0,257202012160.0,0.728136386130281,0.011447738515146307,,,0.012686517192504715,,,0.604962095106823,
7823.T,アートネイチャー,38.71,72.4,30.4,26418941952.0,8071754240.0,1.0235837623297717,-0.000492071182245656,0.01652643021055598,0.07720350715274574,-0.0034703416180217046,-0.11645101663585952,1.0,0.7638888888888888,
7482.T,シモジマ,38.53,48.9,30.6,32746891264.0,25666062336.0,1.0720712301199278,-3.053724983963107e-05,0.049900819730898834,0.06855636123928807,-0.036031054898979425,-0.09741809503146019,1.0,0.7701149425287356,
7735.T,ＳＣＲＥＥＮホールディングス,38.47,4.1,39.0,1788773531648.0,1576082735104.0,0.23515497773072738,0.01907312486705206,0.14817358298313538,0.24305059102562257,-0.008157409486885498,0.4447106243820823,0.0,0.6914926768463696,
8107.T,キムラタン,38.29,59.6,47.2,9087696896.0,15978989568.0,0.12462992691784425,0.03265876969671327,-0.004601923554299458,0.20888833533239268,0.21522148387773476,0.02563715922069291,1.0,0.10810810810810811,
7487.T,小津産業,38.23,67.6,31.9,15569529856.0,10358945792.0,1.2284581600663589,0.003982136941412343,0.01547838139763936,0.09301723964176362,0.06780887761644383,-0.14192541566366737,1.0,0.9015748031496063,
7679.T,薬王堂ホールディングス,38.17,37.4,32.8,39388254208.0,51002138624.0,0.941041961501093,0.0058900808036543885,0.05345353606081824,0.05733200839711234,0.12985985533453887,0.06777791396004412,1.0,0.586340206185567,
8151.T,東陽テクニカ,38.16,43.6,49.9,38029537280.0,35197898752.0,0.738279795341228,0.03464635896826773,0.029936991333810718,0.09687284469361264,0.020516270708666563,-0.29568705737601503,1.0,0.734820322180917,
8078.T,阪和興業,38.11,7.3,32.3,310531915776.0,616829157376.0,1.2335414833054175,0.005271599847987408,0.0390133856005078,0.0329823990003578,-0.0010120087130436868,0.16892810566330918,0.0,0.7862137862137862,
8132.T,シナネンホールディングス,37.92,33.3,50.0,75723898880.0,61011509248.0,0.7290829027106746,,0.02976381520569411,0.021730081546932057,-0.02346976401179941,1.173131504257332,0.0,0.8228571428571428,
7739.T,キヤノン電子,37.92,26.0,42.7,148272758784.0,90833969152.0,0.8198943689791136,0.026870242117798402,,,0.08193983758435319,,,0.9849759615384616,
7822.T,永大産業,37.72,49.3,1.7,10960455680.0,24535232512.0,4.037149667120409,-0.40427151291578417,-0.00032689316229681897,0.04756888851436757,-0.07703031690214111,-0.40859088528025145,1.0,0.4818181818181818,
7734.T,理研計器,37.64,20.5,44.7,151933960192.0,127388213248.0,0.5100866778043787,0.029281959045745033,0.08632232846018556,0.27452870726345924,0.04709202509581704,-0.059368847950686345,1.0,0.6943620178041543,
7524.T,マルシェ,37.61,97.9,11.4,1835220480.0,-407773120.0,0.22345108092952407,-0.10978789861804507,0.010200085674299928,0.03149506107470351,-0.10491600748573571,0.21220241595403302,0.0,0.2631578947368421,
7806.T,ＭＴＧ,37.55,13.2,26.2,247264575488.0,249838321664.0,0.2062325341159708,-0.010769840341036794,0.10550672216385856,0.11976520595081469,0.2858046645236304,1.419051512673753,0.0,0.953590620420127,
7567.T,栄電子,37.49,90.9,8.9,2590155264.0,2046155392.0,1.727301857993946,-0.15247078253915824,0.005568236561222063,0.012479816065633954,-0.11355875135732683,-0.7849218775133778,1.0,0.7628205128205128,
7466.T,ＳＰＫ,37.16,48.2,34.8,26332088320.0,26386475008.0,1.0227351386918029,0.010339742017088906,0.056535003193129194,0.06421518226770917,0.14313881396647285,0.12099886221583657,1.0,0.8537378114842904,
7512.T,イオン北海道,37.15,34.0,61.0,120205336576.0,59700994048.0,0.6078016341130336,0.05324118923749837,0.019256442844784314,0.032592368887440694,0.1983387513758415,-0.1845297275800358,1.0,0.40993788819875776,
7990.T,グローブライド,37.06,32.0,18.3,48024608768.0,64203804672.0,1.2705777634706832,-0.045913960708186895,0.04197197188413174,0.09381124831630143,0.04819853380796012,-0.10143695920889988,1.0,0.6587570621468927,
8157.T,都築電気,36.81,42.0,45.7,67081461760.0,38682775552.0,0.658229544221548,0.03136485021044359,0.05950314127624496,0.08431454362272676,-0.012372634643377001,-0.18180920402923167,1.0,0.7818720880982635,
7701.T,島津製作所,36.74,5.9,46.9,1131779850240.0,983872831488.0,0.44006526524958395,0.03260351383016331,0.08000273737423327,0.1704879166380668,-0.0026485172754546994,-0.04081952156306099,1.0,0.524790236460717,
7538.T,大水,36.62,65.8,4.4,5803077120.0,11111663616.0,1.9739527431956652,-0.2305673304579485,0.04786634460547504,0.00982860365350144,0.0038391594261466965,-0.17637130801687764,1.0,0.7885714285714286,
7952.T,河合楽器製作所,36.39,53.0,5.9,24009351168.0,22071724032.0,1.8551105229100708,-0.18930124217840755,0.005473638685786109,0.031062289146712746,0.006160080502597296,-0.6157108924329827,1.0,0.4806122448979592,
8050.T,セイコーグループ,36.35,8.2,57.3,508846833664.0,568532860928.0,0.3065185625248289,0.0437204253386198,0.03606365576487666,0.11861431234085003,-0.018673158596935115,0.21404581178209175,0.0,0.8317588843904633,
8309.T,三井住友トラストグループ,36.33,3.2,50.0,3426325626880.0,2520144674816.0,0.9038618442170802,,0.0032925820051456986,,0.031237396939160868,,,0.7006711409395974,
7698.T,アイスコ,36.16,61.9,15.8,10085199872.0,13313332224.0,0.3806962726301038,-0.05570459754196134,0.027749602275077584,0.020045274783901598,0.03585195974890779,0.348232208071255,0.0,0.8476936466492603,
7779.T,ＣＹＢＥＲＤＹＮＥ,35.92,34.2,74.6,66506280960.0,59424329728.0,0.5950565785478557,0.08187572616299248,-0.011885389416441799,0.0036496350364963502,-0.029040580811616232,-0.1111111111111111,1.0,0.6153846153846154,
7692.T,アースインフィニティ,35.67,66.0,33.1,11013019648.0,11100018688.0,0.08061612785383819,0.006569315438671594,0.0635088871449442,0.05524158154903457,-0.08439257912711182,-0.4875990591238276,1.0,0.27848101265822783,
8006.T,ユアサ・フナショク,35.43,54.3,20.5,30026467328.0,20149983232.0,1.2949575311425727,-0.03969830972718017,0.031874863948751435,0.028702108991648524,-0.0014439424286180073,-0.18706856879889552,1.0,0.7314814814814815,
7716.T,ナカニシ,35.23,15.5,53.1,240434610176.0,193344126976.0,0.5040436396044992,0.039466698180656526,,,0.12453697695355317,,,1.0,
7561.T,ハークスレイ,35.15,44.7,4.0,13757404160.0,33589475328.0,1.7920531891969946,-0.26233146588026096,0.016397238073188335,0.08081903707802988,0.14020621758439702,-0.04223504721930745,1.0,0.701195219123506,
8025.T,ツカモトコーポレーション,35.01,64.8,13.3,5507760128.0,11602443264.0,2.55181374521908,-0.08397370060630208,-0.013151870502359853,-0.004014265553019489,0.02565938391427749,-1.0848952326028451,1.0,0.8166666666666667,
7683.T,ダブルエー,34.75,49.5,39.5,25928249344.0,24034605056.0,0.41459378369051214,0.019356493889786622,0.07589370514287246,0.09524635722175429,0.061224188054117286,-0.022732642043575283,1.0,0.7952127659574468,
7901.T,マツモト,34.73,92.0,23.0,1256585472.0,1792815744.0,0.6566747892498315,-0.027057451130550712,-0.3132728036409876,-0.24016604190418936,-0.2648606960106056,-35.41168658698539,1.0,0.21277573529411764,
7504.T,高速,34.66,34.7,24.2,61693521920.0,57242558464.0,0.6446336302792162,-0.02134060366511817,0.05658344050190895,0.047537212118652264,-0.004089273861199329,0.06373144144803278,0.0,0.8139109212934716,
8179.T,ロイヤルホールディングス,34.28,16.4,44.9,143977218048.0,177788452864.0,0.34899965898249274,0.03045794224568236,,,0.014848771341632967,,,0.77,
7686.T,ひとまいる,34.1,55.3,50.0,12544185344.0,19699480576.0,0.33704859136367044,,0.014864527579799773,0.017239841206119808,0.06202691956528142,-0.3718851570964247,1.0,0.24793388429752067,
7602.T,レダックス,33.86,82.2,5.7,4456759808.0,4398954496.0,1.0340541556059555,-0.19997712203385587,-0.02649702994823406,-7.437226934601169e-05,-0.025496279992675314,-1.0061247307584802,1.0,0.36162361623616235,
7709.T,クボテック,33.71,89.0,4.9,2271685120.0,2347524096.0,0.08901233635760224,-0.21044465880905183,-0.11574342410774473,0.030900865614115522,-0.2626514602462788,1.9009876673157553,0.0,0.05235602094240838,
7694.T,いつも,33.62,78.3,20.0,3357572864.0,6439759360.0,0.7038033411983163,-0.04053046814235868,-0.011393526574828986,0.014095760820460261,0.1600496274572207,-0.5158924506548153,1.0,0.23029772329246936,
7971.T,東リ,33.57,39.5,14.8,41354502144.0,43239100416.0,1.1617840261431054,-0.06869868702825606,0.037283522745394045,0.075897038095148,0.03537738445112219,0.006397390868038134,1.0,0.7419354838709677,
7814.T,日本創発グループ,33.51,29.7,5.2,30878599168.0,68871987200.0,0.4974318917911866,-0.20941688645971157,0.0382275008987657,0.07817727840199751,-0.005942926725963575,0.06641689373297002,0.0,0.3378995433789954,
7831.T,ウイルコホールディングス,33.43,87.7,1.2,1412524800.0,2762091520.0,1.0024602753877312,-0.5960957287263204,-0.11963654719838465,-0.06794055201698514,-0.1473151834714301,-2.5337423312883436,1.0,0.21875,要確認: 大幅なFCF赤字
7564.T,ワークマン,33.31,9.1,47.4,549256560640.0,450657452032.0,0.24633479087140212,0.032718771677592684,0.10412313306334794,0.20397566693200325,0.09348081045011526,0.05787221149111843,1.0,0.6998706338939198,
7826.T,フルヤ金属,33.27,16.0,55.8,170965155840.0,184981209088.0,0.37737514222126073,0.04263953615684313,0.052218562294129044,0.20474389585039823,0.09885469433379761,-0.0863275781614559,1.0,0.8175787728026535,
7516.T,コーナン商事,33.16,11.2,35.3,119215087616.0,307216580608.0,1.3906796808640614,0.010946601022544184,0.029665599178298394,0.08114630347245629,0.04459423801185022,0.04136059993345448,1.0,0.8669724770642202,
7606.T,ユナイテッドアローズ,32.73,28.5,40.2,69244166144.0,72360714240.0,0.5462120797490068,0.020420492855086868,0.06104758917624248,0.05904843946723212,0.16507208823333996,0.04552387656928312,1.0,0.7099415204678362,
8207.T,テンアライド,32.52,67.4,36.0,12009955328.0,10388061184.0,0.2407781645330696,0.013008541308705856,0.01929285009314654,0.040864506186340584,-0.08072424566377809,0.3579821032710032,0.0,1.0,
7906.T,ヨネックス,32.28,12.1,41.0,297291808768.0,279749263360.0,0.23277129728792137,0.023640072792871655,0.09667643380708528,0.13245248633168447,0.20087475061934099,0.17993815229996135,1.0,0.5978133541585319,
8127.T,ヤマトインターナショナル,32.15,74.0,12.1,12221778944.0,7583771136.0,1.4166873807270197,-0.10790401348630381,0.006144679745830385,0.022028209281770978,-0.029407117798795714,-0.2544775417990928,1.0,0.8487394957983193,
7974.T,任天堂,31.56,1.4,30.1,11660864520192.0,9606004736000.0,0.2336298475368225,-0.0005950673715473154,0.08203759583229735,0.25573815242565595,0.07841640873848209,-0.4551644300088881,1.0,0.2765496985623744,
7944.T,ローランド,31.36,22.8,64.9,102060769280.0,111035219968.0,0.40246610220337936,0.05857784669051634,0.02597122560705344,0.08424795942626198,0.023177996224842498,-0.28088272596601,1.0,0.8414634146341463,
7743.T,シード,31.3,41.3,24.0,18734522368.0,40001646592.0,0.9641445159473414,-0.022071552819851424,0.021106014298132376,0.15193433316984453,0.04410160467762422,-0.014811315582076878,1.0,0.9295154185022027,
8079.T,正栄食品工業,31.21,27.9,22.0,67122151424.0,77960880128.0,0.8168409956596805,-0.030725699284760755,0.031431196514288946,0.060777834940053205,0.0743093619879962,-0.045866536549902207,1.0,0.4878048780487805,
8153.T,モスフードサービス,31.11,23.7,50.1,129740824576.0,107150802944.0,0.4165689572008289,0.035347393659530796,0.03909352660841938,0.09530592088163435,0.010851701772653712,0.009248045799845866,1.0,0.7867298578199052,
7562.T,安楽亭,30.94,53.4,52.1,17710704640.0,21746708480.0,0.4193657537049864,0.03811960132152031,0.02430952971529862,0.06335095008321776,0.09091960784851712,0.08661572610084288,1.0,0.925531914893617,
8039.T,築地魚市場,30.94,61.0,13.8,8983080960.0,14476265472.0,0.7275900138386374,-0.07603182060155896,0.017287073846524514,0.01275354888326337,-0.03375625654754976,0.4265232974910394,0.0,0.8518518518518519,
8015.T,豊田通商,30.91,1.8,38.0,6735855091712.0,8181349613568.0,0.38959671255828787,0.01682223377450959,0.05136492410444435,0.07238987152688527,-0.00035864053142254797,0.11272683356667129,0.0,0.8329466357308585,
7501.T,ティムコ,30.86,87.0,15.3,4271986688.0,3043385600.0,1.0595255394204075,-0.06326096117273294,-0.019736390558408128,0.014797412741030021,-0.0374628977587143,-0.7433224966787993,1.0,0.8626609442060086,
7616.T,コロワイド,30.74,10.5,75.6,202725752832.0,336715808768.0,0.3824723742141205,0.08344277805700584,0.004000307469589336,0.030160947554578016,0.17770024329064746,-0.7472524051184657,1.0,0.6723300970873787,
7682.T,浜木綿,30.64,68.9,26.4,8739130368.0,9540115456.0,0.18385399145472503,-0.01031281102408198,0.017183939948621996,0.05947943125086793,0.10559696199829506,0.02849138701794123,1.0,0.3383458646616541,
8065.T,佐藤商事,30.32,27.6,18.5,48098545664.0,78272290816.0,1.4228288829785105,-0.04576021934998687,0.03514604745738943,0.034984818240602775,-0.009990166020709203,-0.022390258273593245,1.0,0.8377760853008378,
7995.T,バルカー,30.27,25.6,23.7,83877961728.0,94208679936.0,0.6018863472590462,-0.025000607511185897,0.06008506482659368,0.1534609818175769,0.04478633855572113,-0.06846410178733717,1.0,0.7798417612659099,
7730.T,マニー,29.95,20.3,31.6,152679022592.0,130724003840.0,0.35080785225570643,0.0022727418220856617,0.08006967078828013,0.3190403096636412,0.014166535495041713,-0.10644859813084112,1.0,0.7966903073286052,
7794.T,イーディーピー,29.73,56.2,50.0,18529296384.0,18899451904.0,0.1845115394102166,,-0.5268365189002793,-2.0254982392279413,-0.17983577103867418,-5.984016049369256,1.0,0.33357664233576645,
7771.T,日本精密,29.73,65.5,36.8,9494287360.0,11137339392.0,0.15483205260810645,0.014656813589429845,-0.003549131875888901,0.03906395480005001,-0.026777518908563985,-0.6061969522216166,1.0,0.42290249433106575,
7695.T,交換できるくん,29.62,80.4,16.5,6123653632.0,5205126656.0,0.2760788087630362,-0.053177076884024524,0.02283864197611601,0.02141862764519454,0.24769077669552522,-0.4015007343499306,1.0,0.29001191335740073,
7649.T,スギホールディングス,29.36,7.8,38.5,622365966336.0,602117373952.0,0.402824083514636,0.017521845007367674,0.05188481083220902,0.0639813854110551,0.26769816905339217,0.21343096595818215,1.0,0.5390199637023594,
7747.T,朝日インテック,29.3,6.6,47.7,828342534144.0,775349927936.0,0.1817545203755375,0.03340194362057245,0.06593093738191493,0.24173297229743804,0.008209212270502156,-0.08571248503182706,1.0,0.7966834895457823,
7972.T,イトーキ,29.17,16.2,36.5,170457432064.0,180100530176.0,0.28897537293361064,0.013395573759099475,,,0.026260888816982724,,,0.8952543822146216,
7570.T,橋本総業ホールディングス,29.16,36.3,7.7,27125745664.0,52497928192.0,1.191340522037271,-0.16991237981401727,0.033801169590643276,0.028988925782785672,0.0688034401720086,-0.02541683611224075,1.0,0.7075471698113207,
8058.T,三菱商事,28.7,0.0,24.7,19055618555904.0,25343104647168.0,0.49165100427019687,-0.018063957166551826,0.044227037606442546,0.10929506975683924,-0.08369581508136636,-0.05492309800215042,0.0,0.8771824202287778,
8088.T,岩谷産業,28.29,7.1,28.1,443669676032.0,652962430976.0,0.8700932717613926,-0.004996960846700051,0.046375003726235216,0.10959886116933991,0.050209814628625095,0.024366234453559142,1.0,0.8526610644257703,
8091.T,ニチモウ,28.2,35.6,7.9,21617289216.0,53273784320.0,1.3975387801001145,-0.168707554567049,0.03208260126597511,0.037050037341299476,0.02473733537216988,-0.02706413022161208,1.0,0.8534080298786181,
7674.T,ＮＡＴＴＹ　ＳＷＡＮＫＹホールディングス,27.72,79.0,9.4,6132362240.0,6144986112.0,0.3707393514966265,-0.14141548820181896,-0.06531792202974725,-0.0025361076784825207,-0.10229390233030515,-1.0333688028843693,1.0,0.006031363088057901,
7603.T,ジーイエット,27.52,88.1,6.9,3508745984.0,2695540992.0,0.35197760271950196,-0.17641630452094875,-0.2015610023278105,-0.09421449805625429,-0.128,-0.45240893066980026,1.0,0.05142857142857143,
7467.T,萩原電気ホールディングス,27.47,31.5,5.4,36635054080.0,65359523840.0,1.3870049130824158,-0.2058684008908661,0.028418650747919882,0.02621143842128452,0.08733898050223046,-0.1372598905991604,1.0,0.7706766917293233,
8089.T,ナイス,27.34,34.5,2.7,26793428992.0,57647497216.0,2.098574244333885,-0.33750812569380595,0.0167916883481352,0.02945024562442914,0.06031318967441168,-0.045090715048025615,1.0,0.9535398230088495,
8163.T,ＳＲＳホールディングス,26.99,35.2,42.5,51606265856.0,56018870272.0,0.3196980972433953,0.02648343136884994,0.020150639745516556,0.05944915058129455,0.2857369574337408,0.03913231223061873,1.0,0.7569444444444444,
8253.T,クレディセゾン,26.84,2.5,1.5,612769398784.0,4138193911808.0,1.1516208240822257,-0.44059478253281453,0.0142142940175456,0.33754405923999714,0.07732989963679572,0.0683783766404959,1.0,0.6901343214451134,
8097.T,三愛オブリ,26.57,24.4,19.5,141174521856.0,99252887552.0,0.8042315178925086,-0.04126098621351509,0.041794215634204046,0.030675240371391372,-0.05259209448919751,-0.13559832924256127,1.0,0.7045658012533572,
7776.T,セルシード,26.45,80.8,16.8,10919873536.0,5167811072.0,0.19809780698178225,-0.05317140551910509,-0.35339511500630477,-4.4262535117991275,-0.013255099425412285,-0.02268453599867068,1.0,0.1643835616438356,
8129.T,東邦ホールディングス,26.27,16.9,11.9,298534240256.0,172464340992.0,0.8601324919372937,-0.10863745469259678,0.027454154301644287,0.022509787651589237,-0.0654515552211133,-0.08506651676972082,1.0,0.2953105196451204,
8105.T,Ｂｉｔｃｏｉｎ　Ｊａｐａｎ,26.19,66.7,23.2,13060801536.0,10654950400.0,0.2048412566890106,-0.02674567858926235,-0.12231199424412732,-0.12516825164475967,-0.12449559101392878,-12.67576760987357,1.0,0.17893660531697342,
7515.T,マルヨシセンター,25.96,68.7,11.1,4220838656.0,9821255680.0,0.7100138726553589,-0.11255488274224146,0.0008516464166063397,0.02286300903915767,0.0002295700414924078,-0.11187923460650734,1.0,0.7222222222222222,
8007.T,高島,25.83,43.8,10.1,28745158656.0,34767413248.0,0.8322444932829248,-0.11647178713001012,0.026080874025714476,0.04378696972582881,-0.006042146037842044,-0.5268153230417382,1.0,0.7431906614785992,
8267.T,イオン,24.7,2.1,50.0,5421532184576.0,7760192208896.0,0.1937734507947332,,0.0020807009510877324,0.05613033647377629,0.0689636839689823,0.006021550252975848,1.0,0.43819455793310813,
7685.T,ＢｕｙＳｅｌｌ　Ｔｅｃｈｎｏｌｏｇｉｅｓ,24.65,14.8,46.4,199471235072.0,209485086720.0,0.06263865562114766,0.03228911716356087,0.051993461993985746,0.09660324433377587,1.175176065049619,0.5101912772207262,1.0,0.894447962845683,
7746.T,岡本硝子,24.65,45.7,25.9,33891796992.0,32067942400.0,0.05321311231817259,-0.011383432990911265,0.010254319425696361,0.10376821440184898,0.08666412782158579,-0.1551701375136367,1.0,0.6884057971014492,
8139.T,ナガホリ,24.56,40.6,21.0,30532071424.0,41218433024.0,0.4257718652453261,-0.035856230807171846,0.015484879874819314,0.038340801337233714,0.03020444582623302,-0.1051171933945912,1.0,0.6123188405797102,
7599.T,ＩＤＯＭ,23.9,15.3,4.7,129123696640.0,195113844736.0,0.615193044089107,-0.22185703124553915,0.061111338341490906,0.04526675230229646,0.19567355499888606,0.18888477605626355,1.0,0.5467741935483871,
8209.T,フレンドリー,23.66,92.9,0.5,875503232.0,1669883136.0,-0.04589474776490603,-1.3383896679892553,-0.0882264138457307,-0.02303004137571642,0.03221585390584142,-3.20957073126226,1.0,0.18106995884773663,要確認: 大幅なFCF赤字
7774.T,ジャパン・ティッシュエンジニアリング,23.1,52.1,26.7,26152808448.0,22451732480.0,0.22273080199329268,-0.009262446917762093,-0.039199200367266034,-0.03251347804945196,-0.06807832103313113,-1.2866025272831705,1.0,0.5421455938697318,
7719.T,東京衡機,22.8,80.1,10.6,5633399808.0,5555935744.0,0.2883711533651545,-0.11462829232943375,0.016679002148308263,0.025607332044542228,0.02969966080217244,-0.6464319401399798,1.0,0.7640586797066015,
7918.T,ヴィア・ホールディングス,22.17,75.1,12.6,5566333440.0,7307333120.0,0.20785675390657157,-0.09808970409074164,-0.0029850746268656717,0.029989063489322513,-0.12963216190345958,-0.3071808510638298,1.0,0.6923076923076923,
7731.T,ニコン,20.23,6.8,11.6,639572770816.0,721696522240.0,0.9975049425353677,-0.10917307640679381,0.00551366304251905,0.0778934270954934,-0.03190278177332601,-0.353410159105943,1.0,0.8957406230133503,
8031.T,三井物産,19.95,0.2,19.0,16833206812672.0,21843289309184.0,0.4483171319631697,-0.04454702406599675,0.05355509728484219,0.11287157411158442,-0.005206839822853951,-0.06181130706393882,1.0,0.9398277004638834,
7777.T,スリー・ディー・マトリックス,16.45,30.4,22.5,60707319808.0,67196121088.0,0.036506207274661306,-0.02843826750151625,-0.38403176972019554,-0.3467920481605228,0.10649133018091896,-41.666057869548304,1.0,0.5832127351664255,
