Run_Date,Ticker,Company_Name,Sector,Total_Score,Score_Size,Score_FCFP,Market_Cap_Billion,Enterprise_Value,BM_Ratio,FCF_Yield_Pct,ROA,EBITDA_Margin,Asset_Growth,EBITDA_Growth,Inv_Dummy,Price_Range_Pct,Momentum_6M_Pct,Score_Momentum,Data_Quality_Flag
2026-07-24,GTM,ZoomInfo,Communication Services,84.26,76.0,98.7,0.86B,2242287872.0,1.7531267032764113,41.23%,0.01928721174004193,0.26066426570628254,-0.004344733749768075,1.0838131797824697,0.0,3.81%,-71.15%,99.7,要確認: FCF異常値(>30%)
2026-07-24,AMPH,"Amphstar Pharmaceuticals, Inc.",Health Care,77.69,92.7,85.4,0.83B,1226460416.0,0.9556413945251128,12.49%,0.060206260483803155,0.2949157298298205,0.0328557753871706,-0.23441466651280868,1.0,14.17%,-30.97%,94.1,
2026-07-24,INVA,"Innoviva, Inc.",Health Care,77.54,91.2,63.4,1.58B,1284232448.0,0.7411506520765324,6.65%,0.16583341742270657,0.8991291621285203,0.2567944599019261,3.325629539526778,0.0,57.01%,8.28%,60.2,
2026-07-24,EFOR,Everforth Inc.,Information Technology,75.98,77.2,96.8,0.84B,2193540096.0,2.1359223300970873,31.98%,0.030865036847687162,0.086373228821224,0.07241178186060075,-0.14200149737958573,1.0,9.55%,-58.82%,99.1,要確認: FCF異常値(>30%)
2026-07-24,CERT,"Certara, Inc.",Health Care,74.27,91.8,79.9,1.17B,1261210368.0,0.9097011216828519,9.98%,-0.0010246809997802879,0.24476289161919407,-0.011759223517939133,0.4165733946855698,0.0,32.45%,-15.52%,85.8,
2026-07-24,INSP,"Inspire Medical Systems, Inc.",Health Care,73.13,93.0,58.9,1.42B,1209714304.0,0.5511533031741553,6.04%,0.16027694840943132,0.08749195432799586,0.12238505757790552,0.22708189158016148,0.0,9.51%,-48.48%,97.2,
2026-07-24,GPOR,Gulfport Energy Corporation,Energy,72.47,54.1,53.1,2.83B,3660357376.0,0.649208270769524,5.19%,0.14121285739749267,0.6773462120530975,0.05717387427910208,13.000156167036263,0.0,10.56%,-25.17%,90.7,
2026-07-24,KMPR,Kemper Corporation,Financials,72.24,69.3,95.5,1.7B,2633383680.0,1.5808588091947493,27.1%,0.011489092177315257,,-0.012485748669875856,,,15.39%,-28.11%,92.6,金融・不動産セクター特化評価
2026-07-24,CXM,"Sprinklr, Inc.",Information Technology,71.24,96.0,78.3,1.33B,889276160.0,0.4446728830436523,9.77%,0.019007336558066357,0.08876341577228185,0.01761697147185566,0.6733670552012316,0.0,20.81%,-26.3%,91.7,
2026-07-24,COLL,"Collegium Pharmaceutical, Inc.",Health Care,71.21,85.1,95.8,1.14B,1662255232.0,0.2642403080850606,29.13%,0.037945865427677125,0.5137355281481282,-0.004061695452788576,0.1735518083008001,0.0,27.83%,-29.37%,93.2,
2026-07-24,AGO,Assured Guaranty Ltd.,Financials,70.94,44.7,49.8,3.78B,4242178048.0,1.498167527618897,4.89%,0.0413107752956636,,0.02310730190740274,,,64.15%,-4.95%,72.8,金融・不動産セクター特化評価
2026-07-24,CRGY,Crescent Energy Company,Energy,69.6,10.9,91.6,3.72B,9003890688.0,1.3858129686765328,16.89%,0.010681008521356271,0.4656719319779808,0.3583324718587078,0.6720401850373324,0.0,54.31%,39.29%,21.0,
2026-07-24,HCI,"HCI Group, Inc.",Financials,69.42,90.3,93.5,2.28B,1375505152.0,0.45606648926417054,19.69%,0.1182338919890167,,0.133940121414412,,,57.28%,-6.41%,75.3,金融・不動産セクター特化評価
2026-07-24,LEG,Leggett & Platt,Consumer Discretionary,69.34,71.1,91.3,1.52B,2584083968.0,0.6706588142749014,16.47%,0.06656486822757607,0.11960247589455254,-0.034192702643653046,2.6881308736512355,0.0,64.2%,1.97%,68.8,
2026-07-24,IIPR,"Innovative Industrial Properties, Inc.",Real Estate,69.04,78.1,74.4,1.78B,2147956736.0,1.0366699433144717,8.77%,0.04987519286266828,0.7935289804666203,-0.0030230689300926347,-0.15148018446519967,1.0,81.25%,34.55%,24.7,金融・不動産セクター特化評価
2026-07-24,DLX,Deluxe Corporation,Industrials,68.93,70.5,86.7,1.19B,2590198528.0,0.5711401722631285,13.2%,0.028670205335940772,0.1776673542096381,0.011515365595196043,0.03750342184505886,0.0,63.69%,17.4%,44.4,
2026-07-24,EPAM,EPAM Systems,Information Technology,68.92,52.6,89.6,4.69B,3751902976.0,0.7833612172620213,14.76%,0.07704355815505731,0.12572420000820955,0.031925873486703324,0.02143256988363645,1.0,11.23%,-57.5%,98.8,
2026-07-24,DXC,DXC Technology,Information Technology,68.6,43.8,99.4,1.63B,4293458176.0,1.8055055806562919,49.67%,0.0013964313421256788,0.13571654539702627,-0.023854600530102233,-0.22282608695652173,1.0,27.63%,-33.44%,94.8,要確認: FCF異常値(>30%)
2026-07-24,FBRT,"Franklin BSP Realty Trust, Inc.",Real Estate,68.52,29.2,99.0,0.6B,5471629312.0,2.398228839300963,48.51%,0.013582236163275413,0.18885267236062347,0.009140365181446179,-0.18721920126450703,1.0,5.62%,-18.78%,87.7,金融・不動産セクター特化評価
2026-07-24,CRC,California Resources Corporation,Energy,68.41,22.5,77.3,4.75B,6155123200.0,0.7738217326090503,9.23%,0.04903417533432392,0.3288275051425213,0.037561317449194116,0.12916246215943492,0.0,35.58%,22.97%,36.7,
2026-07-24,INVX,"Innovex International, Inc.",Energy,68.0,84.8,67.3,1.87B,1701851520.0,0.564413357220099,7.22%,0.06567652784381069,0.20889424084411873,0.0591440546546381,0.10599893919877033,0.0,67.62%,21.72%,38.9,
2026-07-24,KSS,Kohl's Corp.,Consumer Discretionary,67.67,14.9,98.4,2.03B,8167879680.0,1.9897798614521789,39.67%,0.020356234096692113,0.08527081857409674,-0.014529095066007818,0.12585034013605442,0.0,51.11%,-15.34%,85.2,要確認: FCF異常値(>30%)
2026-07-24,ANIP,"ANI Pharmaceuticals, Inc.",Health Care,67.62,80.9,70.2,1.77B,1969347712.0,0.30629966422663185,7.95%,0.05438645576817736,0.2346343418243401,0.12137934041226374,2.2836615389490027,0.0,40.77%,-5.78%,74.1,
2026-07-24,LNC,Lincoln Financial,Financials,66.75,99.7,97.7,7.91B,-27181764608.0,1.3790089167460053,36.3%,0.0028211618297044132,,0.06747929411945316,,,62.7%,-6.38%,75.0,金融・不動産セクター特化評価
2026-07-24,FLO,Flowers Foods,Consumer Staples,66.68,66.6,89.3,1.64B,2852979712.0,0.7944082995390034,14.63%,0.020035321441128184,0.06832710641476927,0.23038559342345286,-0.3162516824328312,1.0,9.35%,-25.77%,91.4,
2026-07-24,AMSF,"Amerisafe, Inc.",Financials,66.56,98.5,23.3,0.57B,496379872.0,0.44234545831798355,1.57%,0.04170116333375791,,-0.02353360839737051,,,5.37%,-19.04%,88.3,金融・不動産セクター特化評価
2026-07-24,ITRI,"Itron, Inc.",Information Technology,66.54,39.8,71.2,3.73B,4632391168.0,0.4596884027116561,8.06%,0.08091338554742418,0.17498988253603212,0.0918775345746874,0.1629705744454458,0.0,10.04%,-12.69%,81.2,
2026-07-24,EPAC,Enerpac Tool Group,Industrials,66.52,82.4,57.0,1.79B,1825179776.0,0.24269368309463182,5.76%,0.11203369623381533,0.23717658806384836,0.06501631229030731,0.10577548028235009,0.0,18.34%,-14.03%,83.6,
2026-07-24,ADT,ADT Inc.,Consumer Discretionary,66.42,4.3,93.2,5.16B,12956837888.0,0.7319964150751576,19.14%,0.03767427920364944,0.518720190492272,-0.014481753330969611,0.022844041882473624,0.0,29.68%,-12.06%,80.6,
2026-07-24,DV,DoubleVerify Holdings Inc.,Communication Services,65.63,87.8,71.8,1.62B,1514695296.0,0.6981023349558748,8.11%,0.03740541562475537,0.18845743166762663,0.06101817099066768,0.04364911969094825,1.0,31.81%,-8.17%,76.9,
2026-07-24,LNN,Lindsay Corporation,Materials,64.95,93.9,40.5,1.16B,1136528640.0,0.4598108490818729,3.57%,0.0880694927429368,0.17344404229650132,0.10602552904902714,0.13362452166518496,0.0,32.9%,-3.61%,71.9,
2026-07-24,AZTA,"Azenta, Inc.",Health Care,64.59,95.4,70.9,1.26B,979620352.0,1.3689288756686577,8.03%,-0.027074911316956548,0.06657898592336747,-0.01937041278124427,-0.22301705840735792,1.0,44.34%,-21.24%,89.2,
2026-07-24,HSTM,"HealthStream, Inc.",Health Care,64.5,97.3,61.5,0.79B,718557824.0,0.4465735272023414,6.28%,0.03524772567422661,0.20954141233424542,0.018810962358496847,0.01893491124260355,0.0,72.71%,15.29%,48.8,
2026-07-24,APOG,"Apogee Enterprises, Inc.",Industrials,64.42,94.2,84.1,0.85B,1095659136.0,0.6019871199687684,12.06%,0.0482302678766333,0.10068105469153213,-0.04503139281304961,-0.13414268309854843,1.0,49.63%,9.68%,57.4,
2026-07-24,FUL,H.B. Fuller Company,Materials,64.32,33.7,68.3,3.0B,5063323136.0,0.6686400396087692,7.32%,0.029321941086374568,0.15174046209842326,0.05056753730405388,0.07459168965355548,0.0,35.09%,-7.7%,76.2,
2026-07-24,CNMD,CONMED Corporation,Health Care,63.85,79.9,79.3,1.29B,2068444416.0,0.8039287792142543,9.89%,0.020232191865932222,0.12837849633817405,0.008456162761404134,-0.35159433175473853,1.0,44.6%,4.61%,65.1,
2026-07-24,AHCO,AdaptHealth Corp.,Health Care,63.82,58.4,92.6,1.46B,3353908224.0,1.037309756482702,18.3%,-0.016400495114531722,0.14562305827344627,-0.037970138715701346,-0.24759522372659512,1.0,45.79%,4.98%,64.2,
2026-07-24,ABR,Arbor Realty Trust,Financials,63.77,4.6,50.0,1.04B,12718231552.0,2.838202100149985,,0.010265401569089493,,0.07441430686174712,,,1.68%,-33.18%,94.4,金融・不動産セクター特化評価
2026-07-24,BLKB,Blackbaud,Information Technology,63.53,71.4,88.0,1.5B,2574132736.0,0.05661061629495463,13.62%,0.04809087950635007,0.2534357233696543,-0.042194711538461535,3.1157269371055687,0.0,14.46%,-49.06%,97.5,
2026-07-24,CENTA,Central Garden & Pet Company (Class A),Consumer Staples,63.41,62.6,79.0,2.41B,3126493696.0,0.6580918531475005,9.88%,0.044914240039628836,0.11483977317178555,0.02031947079997715,0.23587232037529363,0.0,89.02%,29.9%,29.0,
2026-07-24,HLX,"Helix Energy Solutions Group, Inc.",Energy,62.92,87.5,88.3,1.46B,1553262080.0,1.0817166018513447,14.27%,0.011784453863750351,0.16259793073650727,0.007248140219015202,-0.17054355425470144,1.0,83.75%,58.31%,11.4,
2026-07-24,CNXC,Concentrix,Industrials,62.89,20.7,100.0,1.36B,6587437568.0,2.0213811255351097,57.12%,-0.11884711264272026,-0.023554385706729783,-0.1026025402457987,-1.1744154061918073,1.0,7.48%,-45.74%,96.6,要確認: FCF異常値(>30%)
2026-07-24,CSR,Centerspace Trust,Real Estate,62.72,80.2,81.9,0.99B,2065126400.0,0.7341175410978499,10.45%,0.009130568637091177,0.6668518098968801,0.006510923563534021,0.3958817770162771,0.0,17.63%,-13.83%,83.0,金融・不動産セクター特化評価
2026-07-24,ADNT,Adient,Consumer Discretionary,62.3,51.7,94.5,1.6B,3758893312.0,1.1040032141772036,20.21%,-0.0313826222917132,0.030134158926728587,-0.04245535236873062,-0.3323170731707317,1.0,28.22%,4.51%,66.0,
2026-07-24,LCII,LCI Industries,Consumer Discretionary,61.86,54.4,51.1,2.51B,3633341184.0,0.5416047184808853,5.08%,0.05927291264101522,0.09995349364158372,0.09715832757288308,0.1979472567092141,0.0,25.25%,-14.8%,84.3,
2026-07-24,ACT,"Enact Holdings, Inc.",Financials,61.54,20.4,76.7,6.53B,6613259264.0,0.8203740711675634,9.05%,0.09780914274473827,,0.05703185340988182,,,96.1%,17.88%,43.8,金融・不動産セクター特化評価
2026-07-24,EYE,National Vision Holdings,Consumer Discretionary,61.4,76.3,69.6,1.6B,2225531136.0,0.5448461314167067,7.82%,0.014921776618987557,0.07986060796341915,-0.011999874487678126,0.7718068361947713,0.0,33.86%,-28.86%,92.9,
2026-07-24,CVSA,Covista Inc.,Consumer Discretionary,61.36,41.0,65.4,3.94B,4507293184.0,0.3636668864377735,6.97%,0.0861317883759054,0.23894894004887351,0.003988813084620107,0.3101359161385468,0.0,41.67%,10.66%,55.9,
2026-07-24,CUBI,"Customers Bancorp, Inc.",Financials,61.33,99.1,85.8,2.59B,-277108064.0,0.8173397716291827,12.89%,0.009001011734156045,,0.11599421935597701,,,73.99%,1.12%,69.1,金融・不動産セクター特化評価
2026-07-24,ENR,Energizer,Consumer Staples,60.99,38.9,90.0,1.44B,4648077312.0,0.11838036507897011,15.04%,0.0524502381109136,0.19138415687337013,0.049350589535740605,0.7124242424242424,0.0,35.83%,6.53%,61.7,
2026-07-24,COTY,Coty,Consumer Staples,60.61,24.3,91.9,2.33B,5867412992.0,1.579394303111934,17.27%,-0.030895974873401243,0.05128205128205128,-0.0144672046348024,-0.6554947560419516,1.0,24.7%,-14.52%,84.0,
2026-07-24,AMTM,Amentum,Industrials,60.43,11.2,83.5,5.51B,8970401792.0,0.817703342045512,11.9%,0.005759162303664921,0.06857500173695547,-0.04292634040420912,0.7438162544169611,0.0,15.01%,-24.15%,90.1,
2026-07-24,ADUS,Addus HomeCare Corp.,Health Care,60.2,79.3,49.2,2.14B,2081999232.0,0.5076134377867847,4.81%,0.06672891266172595,0.11069643522456468,0.01746666156980506,0.3055507192306098,0.0,72.9%,3.99%,67.0,
2026-07-24,EPC,Edgewell Personal Care,Consumer Staples,60.02,76.6,92.9,1.27B,2209710592.0,1.2198138982612596,18.47%,0.0067619732183265445,0.0834720035979312,0.006808008791444424,-0.3496846531184303,1.0,84.28%,60.36%,10.5,
2026-07-24,HRMY,"Harmony Biosciences Holdings, Inc.",Health Care,59.93,86.0,68.0,2.04B,1596248832.0,0.42558248918919594,7.32%,0.12479013172846526,0.2936808324687692,0.27264911929543634,0.0926944630096139,1.0,63.84%,-7.37%,75.9,
2026-07-24,FHB,"First Hawaiian, Inc.",Financials,59.93,83.9,75.4,3.42B,1768685056.0,0.8096802096167223,8.87%,0.011532585839631326,,0.005332592250203183,,,68.87%,10.04%,56.8,金融・不動産セクター特化評価
2026-07-24,LZ,"LegalZoom.com, Inc.",Industrials,59.92,94.5,50.0,1.23B,1042186752.0,,,,,,,,27.3%,,50.0,
2026-07-24,LKQ,LKQ Corporation,Consumer Discretionary,59.66,6.7,83.8,6.58B,11248908288.0,0.9936614728342749,12.0%,0.040100416198718375,0.10563328693868582,0.01216984286191909,-0.08152866242038216,1.0,13.99%,-13.82%,82.7,
2026-07-24,DAN,Dana Incorporated,Consumer Discretionary,59.48,46.2,93.9,2.91B,4107552256.0,0.2884568724338877,19.85%,0.010886270491803279,0.06746666666666666,0.043013625434143735,1.7058823529411764,0.0,48.49%,14.1%,51.2,
2026-07-24,GIII,"G-III Apparel Group, Ltd.",Consumer Discretionary,59.43,90.9,74.1,1.47B,1354075904.0,1.1937950227708254,8.71%,0.0257976421201002,0.04741035883520256,0.05137896791039427,-0.5565547454490819,1.0,88.31%,15.66%,47.2,
2026-07-24,CENT,Central Garden & Pet Company,Consumer Staples,59.41,56.2,73.8,2.74B,3455616000.0,0.5783687095474911,8.68%,0.044914240039628836,0.11483977317178555,0.02031947079997715,0.23587232037529363,0.0,88.07%,33.83%,25.9,
2026-07-24,ABM,"ABM Industries, Inc.",Industrials,59.34,39.2,80.6,2.8B,4647720960.0,0.6387449792126284,10.16%,0.03081886326975994,0.048239746624132454,0.033802872165110256,0.29735547355473557,0.0,81.76%,14.17%,50.6,
2026-07-24,JJSF,J&J Snack Foods Corp.,Consumer Staples,59.33,86.9,47.9,1.43B,1560672128.0,0.6743547044343641,4.66%,0.04748096454508538,0.10185108572143203,0.0120137630841967,-0.15738815095049485,1.0,12.54%,-13.21%,81.8,
2026-07-24,BFAM,Bright Horizons Family Solutions Inc.,Consumer Discretionary,59.23,27.4,65.7,3.99B,5647938048.0,0.3359981090171301,7.02%,0.0496492829730952,0.13910077253019917,0.010202790989525803,0.18439238746491668,0.0,24.81%,-25.22%,91.0,
2026-07-24,CALM,"Cal-Maine Foods, Inc.",Consumer Staples,59.12,61.7,15.9,4.28B,3219014400.0,0.5984089968729981,0.21%,0.3955263194579298,0.39836246168068823,0.41187937719503415,2.8519174790873056,0.0,40.41%,11.64%,54.9,
2026-07-24,FG,"F&G Annuities & Life, Inc.",Financials,58.98,50.5,96.1,3.93B,3870962944.0,1.2229582247083033,29.4%,0.002692268617291476,,0.1589407872272786,,,56.29%,-5.84%,74.4,金融・不動産セクター特化評価
2026-07-24,ENOV,Enovis,Health Care,58.91,66.0,87.1,1.56B,2880044544.0,0.9574063551187053,13.3%,-0.3088712472328611,-0.36930556228978995,-0.1873451532038916,-0.7259223995276782,1.0,52.11%,-1.31%,71.3,
2026-07-24,EVTC,"EVERTEC, Inc.",Financials,58.82,67.8,65.0,1.83B,2736048640.0,0.33930963479142084,6.95%,0.06311694934596238,0.3699638770661224,0.20762420119174574,0.06993684145187071,1.0,49.81%,0.96%,69.4,金融・不動産セクター特化評価
2026-07-24,APAM,"Artisan Partners Asset Management, Inc.",Financials,58.78,66.3,81.6,2.79B,2868112384.0,0.15712519857388865,10.38%,0.1840623042531123,0.4237194657254021,-0.02561473131219282,0.10464812297396214,0.0,37.1%,-0.35%,70.7,金融・不動産セクター特化評価
2026-07-24,KOP,"Koppers Holdings, Inc.",Materials,58.77,81.5,87.7,0.97B,1942322048.0,0.5943122027776339,13.52%,0.029679881280474878,0.11754376629596126,-0.0017987514548725003,0.03708920187793427,0.0,92.55%,87.2%,4.9,
2026-07-24,CPB,The Campbell's Company,Consumer Staples,58.69,4.0,77.7,6.51B,13320595456.0,0.5991256340229365,9.26%,0.040413533834586464,0.15361357651419097,-0.02225139481457171,0.11150317572335922,0.0,15.61%,-18.49%,87.0,
2026-07-24,JBGS,JBG Smith,Real Estate,58.68,51.4,76.4,1.12B,3837077248.0,1.0342728977274678,8.93%,-0.031690279661938145,0.3069988247044713,-0.125952387591773,-0.009781279717429698,0.0,7.65%,-12.75%,81.5,金融・不動産セクター特化評価
2026-07-24,BKE,"The Buckle, Inc.",Consumer Discretionary,58.47,75.7,68.6,2.19B,2246389760.0,0.19408051517350822,7.41%,0.21158927002387823,0.22103117884785045,0.08553253326587623,0.08513109166770692,1.0,8.3%,-15.5%,85.5,
2026-07-24,EZPW,"EZCORP, Inc.",Financials,58.12,74.5,14.9,1.82B,2323897088.0,0.5641436597576991,0.09%,0.05617696515339976,0.15878770756819538,0.30669746329618136,0.24699559970911242,1.0,68.44%,48.89%,15.1,金融・不動産セクター特化評価
2026-07-24,ALRM,"Alarm.Com, Inc.",Financials,58.04,69.9,39.5,2.56B,2609117440.0,0.33117537303921885,3.49%,0.06204931126266094,0.2275543494922304,0.048269362106320844,0.1780969203594194,0.0,57.04%,-0.06%,70.4,金融・不動産セクター特化評価
2026-07-24,HAFC,Hanmi Financial Corporation,Financials,57.99,97.0,94.8,0.94B,747503040.0,0.8442567346835482,21.59%,0.009669235124094807,,0.024910376175854804,,,84.26%,16.43%,45.7,金融・不動産セクター特化評価
2026-07-24,HZO,"MarineMax, Inc.",Consumer Discretionary,57.96,84.2,90.9,0.8B,1752705792.0,1.1710734084427747,15.82%,-0.012803802402650865,0.036087746526202016,-0.05168003292044584,-0.5174827604175714,1.0,89.18%,48.47%,15.4,
2026-07-24,EIG,"Employers Holdings, Inc.",Financials,57.95,96.4,29.1,0.91B,863942144.0,1.0521680161426992,2.34%,0.0031426409823662924,,-0.029565413831078982,,,86.1%,17.87%,44.1,金融・不動産セクター特化評価
2026-07-24,HOPE,"Hope Bancorp, Inc.",Financials,57.85,86.3,75.1,1.72B,1577025536.0,1.3279191763312481,8.81%,0.003323399684409776,,0.0866434447550394,,,86.98%,22.27%,37.3,金融・不動産セクター特化評価
2026-07-24,CRSR,Corsair Gaming,Information Technology,57.84,93.6,56.3,1.05B,1160241664.0,0.6017887180057678,5.67%,-0.012888184886710948,0.03490098337498642,0.014528709068973135,13.913232733604179,0.0,62.3%,61.48%,10.2,
2026-07-24,HFWA,Heritage Financial Corporation,Health Care,57.8,95.1,64.7,1.24B,1018264896.0,0.7412597147314872,6.89%,0.009692637803469038,,-0.019550037305042105,,,89.02%,25.6%,33.6,
2026-07-24,HCSG,"Healthcare Services Group, Inc.",Industrials,57.39,90.0,75.7,1.56B,1388504192.0,0.3268497957237784,8.91%,0.07435791869844999,0.046932978004793235,-0.010611979491063465,0.16575631388242928,0.0,76.68%,15.84%,46.6,
2026-07-24,CARG,CarGurus,Communication Services,57.36,63.2,67.6,3.01B,3088512768.0,0.1243371326746472,7.29%,0.23553966855870323,0.30131866193300844,-0.19724911950478816,0.4067969361281555,0.0,53.57%,-13.64%,82.4,
2026-07-24,FIBK,"First Interstate BancSystem, Inc.",Financials,57.12,59.9,68.9,3.7B,3314843648.0,0.9308450975590905,7.5%,0.01133983468840792,,-0.08569055578054321,,,80.92%,8.79%,59.0,金融・不動産セクター特化評価
2026-07-24,ARR,Armour Residential REIT,Real Estate,57.07,1.2,50.0,2.02B,20163115008.0,1.1203146793350645,,0.015362273620494851,,0.5504304598635675,,,42.96%,2.16%,68.5,金融・不動産セクター特化評価
2026-07-24,DFIN,"Donnelley Financial Solutions, Inc.",Financials,57.06,90.6,80.3,1.21B,1366533760.0,0.31451929348933916,10.0%,0.04047976011994003,0.160625814863103,-0.04895437262357415,-0.41249403910348115,1.0,40.95%,3.85%,67.3,金融・不動産セクター特化評価
2026-07-24,AMN,"Amn Healthcare Services, Inc.",Health Care,57.01,88.1,99.7,1.28B,1498833792.0,0.5033467756055795,52.64%,-0.045700625612731346,0.037037403279850896,-0.13313590484355228,0.42221472168312096,0.0,84.21%,104.29%,3.1,要確認: FCF異常値(>30%)
2026-07-24,BXMT,"Blackstone Mortgage Trust, Inc.",Financials,56.86,2.1,50.0,2.82B,18139508736.0,1.2428072324077337,,0.005477643143165012,,0.010150058415949334,,,6.35%,-9.09%,77.2,金融・不動産セクター特化評価
2026-07-24,KFY,Korn/Ferry International,Industrials,56.56,57.1,60.2,3.98B,3440267776.0,0.495684423611804,6.14%,0.06825320755682478,0.17262809577624488,0.05271696228967809,0.13854413078314579,0.0,91.82%,18.56%,43.2,
2026-07-24,BBT,Beacon Financial Corp.,Financials,56.51,70.8,73.1,2.53B,2586378752.0,0.9880627988500243,8.4%,0.0038875776839406365,,0.9504188293541899,,,73.15%,14.55%,50.3,金融・不動産セクター特化評価
2026-07-24,BANR,Banner Corporation,Financials,56.44,72.9,81.2,2.39B,2450665984.0,0.8147595553145255,10.38%,0.011946690107327114,,0.009533990570515363,,,84.87%,10.55%,56.2,金融・不動産セクター特化評価
2026-07-24,LPG,Dorian LPG Ltd.,Energy,56.4,74.2,32.0,1.94B,2333027072.0,0.5874412579567134,2.6%,0.10347100848392092,0.6066832890269258,0.052304781326763534,0.5137858729380462,0.0,88.51%,94.85%,3.7,
2026-07-24,CALX,Calix,Information Technology,56.3,79.6,33.0,2.3B,2071899904.0,0.3741977676900069,2.68%,0.016895255837856938,0.03869961300386996,0.12696602776420338,2.6479305058763414,0.0,4.71%,-33.67%,95.1,
2026-07-24,CNR,"Core Natural Resources, Inc.",Energy,56.3,42.2,74.8,4.19B,4404110336.0,0.8770411182451586,8.79%,-0.024994237407082776,0.10264372024899304,1.128828428677745,-0.2583033320899083,1.0,31.33%,-5.86%,74.7,
2026-07-24,FOXF,Fox Factory,Consumer Discretionary,55.96,88.4,59.9,0.78B,1498615424.0,0.8633745732029673,6.12%,-0.3257540456133068,-0.2932637098494467,-0.25194291360075316,-4.076711878221949,1.0,30.0%,4.34%,66.4,
2026-07-24,BANF,Bancfirst Corp,Financials,55.88,99.4,59.5,3.92B,-725283392.0,0.47353454219065855,6.05%,0.01621482141558673,,0.09477270483773653,,,40.49%,7.68%,60.8,金融・不動産セクター特化評価
2026-07-24,FCPT,"Four Corners Property Trust, Inc.",Real Estate,55.52,69.6,52.8,2.86B,2610597632.0,0.5689042265841464,5.18%,0.03847125680395901,0.7652618552214652,0.10090364738227217,0.09987881630897932,1.0,80.64%,16.48%,45.4,金融・不動産セクター特化評価
2026-07-24,ARLO,Arlo Technologies,Information Technology,55.43,93.3,46.6,1.4B,1201616000.0,0.09145818065621727,4.55%,0.04806342336772415,0.018896763064971085,0.04071045576407507,1.315600151457781,0.0,20.47%,-9.11%,77.5,
2026-07-24,LMAT,LeMaitre Vascular,Health Care,55.18,80.5,30.7,2.18B,2050300544.0,0.1801564003455053,2.44%,0.0937712160340431,0.3637230470909688,0.115750330272536,0.36135436660268716,0.0,42.51%,14.64%,50.0,
2026-07-24,HAYW,"Hayward Holdings, Inc.",Industrials,55.15,49.8,20.1,3.13B,3903747840.0,0.5088220835458642,1.02%,0.04810243403330515,0.2687792684611306,0.05362091657125737,0.125170205066795,0.0,31.25%,-9.47%,77.8,
2026-07-24,DCOM,"Dime Community Bancshares, Inc.",Financials,55.01,97.9,82.2,1.75B,559300992.0,0.8456499640563138,10.45%,0.00721448716893269,,0.06886053326708125,,,87.12%,29.46%,29.3,金融・不動産セクター特化評価
2026-07-24,CWK,Cushman & Wakefield plc,Real Estate,55.0,29.8,87.4,2.98B,5441527296.0,0.6560743211942957,13.33%,0.01148946148034286,0.05065025952061585,0.016875960366661367,-0.15185546875,1.0,19.73%,-23.05%,89.8,金融・不動産セクター特化評価
2026-07-24,HTH,Hilltop Holdings Inc.,Financials,54.9,62.0,8.4,2.29B,3197125632.0,0.9479927765257106,-2.43%,0.010450682404802425,,-0.026010059300611645,,,88.14%,14.1%,50.9,金融・不動産セクター特化評価
2026-07-24,LZB,"La-Z-Boy, Inc.",Consumer Discretionary,54.73,82.7,50.0,1.59B,1817815168.0,,,,,,,,67.11%,,50.0,
2026-07-24,FRPT,Freshpet,Consumer Staples,54.72,65.3,17.8,2.83B,2897087488.0,0.42743893649251274,0.5%,0.07826468478856999,0.15844974886911703,0.12883347154509747,0.3089505247376312,0.0,28.04%,-10.33%,79.0,
2026-07-24,EGBN,Eagle Bancorp Inc,Financials,54.64,98.8,30.4,0.87B,427466304.0,1.3043803209093612,2.39%,-0.013151312783033728,,-0.05681338294558933,,,94.04%,34.38%,25.0,金融・不動産セクター特化評価
2026-07-24,LQDT,"Liquidity Services, Inc.",Industrials,54.53,95.7,50.0,1.17B,979163712.0,,,,,,,,81.03%,20.58%,40.1,
2026-07-24,ABG,Asbury Automotive Group,Consumer Discretionary,54.52,9.1,83.2,4.19B,9523680256.0,0.9280590734685519,11.78%,0.04234735156908988,0.05685315850880605,0.12394311695849859,0.1131295550962689,1.0,58.26%,-6.72%,75.6,
2026-07-24,DCH,Dauch Corporation,Consumer Discretionary,54.47,26.1,97.4,1.3B,5664779776.0,0.4920163943798739,36.02%,-0.0029534346796198014,0.11343738756489112,0.31824739619360065,-0.07849686847599165,1.0,24.45%,-15.17%,84.6,要確認: FCF異常値(>30%)
2026-07-24,LKFN,Lakeland Financial,Financials,54.36,89.1,64.1,1.52B,1446575360.0,0.5007674217403963,6.82%,0.01478693486229371,,0.04666525115245118,,,44.88%,5.83%,63.3,金融・不動産セクター特化評価
2026-07-24,AMR,"Alpha Metallurgical Resources, Inc.",Materials,54.31,88.8,38.5,1.82B,1466192256.0,0.8503746506976468,3.32%,-0.02704827534194559,0.04485177374205264,-0.06482202871356472,-0.7542126446246964,1.0,21.26%,-30.32%,93.8,
2026-07-24,BL,"BlackLine Systems, Inc.",Information Technology,54.23,83.3,69.9,1.69B,1803476608.0,0.1971191008357699,7.87%,0.013934490050974158,0.14978291813422384,-0.035899017882386974,-0.4292087638260945,1.0,11.59%,-50.24%,97.8,
2026-07-24,LYFT,"Lyft, Inc.",Industrials,54.22,36.2,50.0,5.39B,4891753984.0,,,,,,,,13.3%,-27.81%,92.3,
2026-07-24,LRN,"Stride, Inc.",Consumer Discretionary,53.71,58.7,50.0,3.69B,3347838720.0,,,,,,,,23.76%,31.22%,28.1,
2026-07-24,CRK,"Comstock Resources, Inc.",Energy,53.34,17.0,1.0,3.97B,7358054912.0,0.666573842974823,-19.79%,0.05996850035007539,0.7118496580757342,0.09792471032640213,1.1509239425938085,0.0,6.9%,-42.59%,96.0,
2026-07-24,AORT,Artivion,Health Care,53.31,89.7,12.0,1.23B,1415976704.0,0.3652548806172157,-0.59%,0.011039832910637029,0.14460834296331543,0.12127091462309642,0.2521582169204207,0.0,21.04%,-45.41%,96.3,
2026-07-24,HMN,Horace Mann Educators Corporation,Financials,53.29,72.0,86.4,2.1B,2569457920.0,0.7047525710925229,13.1%,0.010617950296726186,,0.05375557365507531,,,76.96%,13.84%,51.5,金融・不動産セクター特化評価
2026-07-24,CASH,"Pathward Financial, Inc.",Financials,53.23,83.6,86.1,1.81B,1799372672.0,0.47318172659452246,13.05%,0.025915098327687573,,-0.04775254755797816,,,56.6%,17.1%,44.8,金融・不動産セクター特化評価
2026-07-24,GNW,"Genworth Financial, Inc.",Financials,53.15,34.3,95.1,3.8B,4970621952.0,2.30296390391122,26.41%,0.0025317030528024705,,0.014535653816472973,,,90.07%,8.53%,59.6,金融・不動産セクター特化評価
2026-07-24,DEA,"Easterly Government Properties, Inc.",Real Estate,53.09,64.7,84.8,1.22B,2925544960.0,1.0852253269281364,12.26%,0.003847303218858088,0.6007396630159566,0.048617917507867495,0.12581407797305735,0.0,88.33%,23.61%,35.5,金融・不動産セクター特化評価
2026-07-24,GSHD,"Goosehead Insurance, Inc.",Financials,52.99,87.2,24.9,2.09B,1556024192.0,-0.04565515584615762,1.76%,0.06708463496471133,,0.04328145393093979,,,41.63%,-21.99%,89.5,金融・不動産セクター特化評価
2026-07-24,BKU,"BankUnited, Inc.",Financials,52.98,31.6,50.0,3.38B,5241614336.0,0.9041632850921689,,0.0076585960208109425,,-0.005740096502607618,,,67.44%,4.58%,65.7,金融・不動産セクター特化評価
2026-07-24,DGII,Digi International Inc.,Information Technology,52.92,70.2,52.1,2.52B,2602954752.0,0.2519953108810865,5.11%,0.044224979027709437,0.21031283921519406,0.13197681194982055,0.25860342189456115,0.0,79.31%,50.48%,14.5,
2026-07-24,CRI,"Carter's, Inc.",Consumer Discretionary,52.72,79.0,63.8,1.43B,2102546432.0,0.6478190218054344,6.67%,0.03578135780188425,0.07014979854583142,0.05437481274404922,-0.36474352164866,1.0,72.98%,24.04%,34.9,
2026-07-24,HE,"Hawaiian Electric Industries, Inc.",Utilities,52.68,37.1,45.3,2.33B,4829443072.0,0.6890638780256356,4.35%,0.014152494951461293,0.18701277918012138,-0.0009558394771892833,1.4194423555482898,0.0,43.02%,11.39%,55.2,
2026-07-24,ADAM,"Adamas Trust, Inc.",Real Estate,52.68,5.5,50.0,0.78B,12258243584.0,1.8357452218716244,,0.011792847876076037,,0.37121192559802335,,,72.59%,26.37%,33.0,金融・不動産セクター特化評価
2026-07-24,ALG,Alamo Group,Industrials,52.65,78.7,34.0,2.01B,2120787328.0,0.570915847182154,2.88%,0.06460846898076454,0.13079630732393224,0.10779787889088926,-0.060467616232195646,1.0,22.38%,-4.62%,72.5,
2026-07-24,CTS,CTS Corporation,Information Technology,52.6,84.5,44.0,1.72B,1745519104.0,0.3216869549209134,4.0%,0.08545866800294645,0.2265174998799227,-0.0014580097122259862,0.18198555991478615,0.0,71.48%,35.15%,24.1,
2026-07-24,GBX,"The Greenbrier Companies, Inc.",Industrials,52.51,59.0,1.9,1.61B,3342231296.0,0.9503425792449159,-10.21%,0.04680548548364904,0.149743842972656,0.0249383006228699,0.12003693444136658,0.0,66.27%,13.3%,52.2,
2026-07-24,FCF,"First Commonwealth Financial, Corp.",Financials,52.49,81.2,71.5,2.12B,1955563520.0,0.7324518121446744,8.08%,0.012339103604656098,,0.06543842797232544,,,91.58%,23.86%,35.2,金融・不動産セクター特化評価
2026-07-24,CNXN,"PC Connection, Inc.",Information Technology,52.48,85.4,51.8,2.05B,1614772480.0,0.4441582638851019,5.09%,0.0619738327442308,0.04286247374463319,0.03968972273914576,0.05067665580149154,0.0,95.8%,36.99%,23.1,
2026-07-24,ASTH,"Astrana Health, Inc.",Health Care,52.36,76.9,89.0,2.0B,2209385728.0,,14.4%,0.01013539247320794,0.04251817149516511,0.63751629278748,-0.04624159275813934,1.0,66.32%,58.64%,11.1,
2026-07-24,ADMA,"ADMA Biologics, Inc.",Health Care,52.16,0.0,35.9,1.92B,43687485440.0,0.2490243371298947,3.04%,0.23537346093342004,0.3878331467953028,0.27740966444161597,0.3397206291599239,0.0,8.0%,-57.11%,98.5,
2026-07-24,IBP,"Installed Building Products, Inc.",Consumer Discretionary,52.16,19.8,52.4,6.13B,6674328576.0,0.11586183431962552,5.18%,0.1283365570599613,0.1796149185404605,0.003932229719889315,0.030513711857860178,0.0,22.02%,-14.03%,83.3,
2026-07-24,CFFN,Capitol Federal Savings Bank,Financials,52.04,73.3,47.6,1.08B,2435505920.0,0.9736802891690041,4.63%,0.0069564454419866195,,0.026354253869386734,,,93.93%,27.11%,31.5,金融・不動産セクター特化評価
2026-07-24,FBK,FB Financial Corp.,Financials,51.71,77.8,49.5,3.05B,2167336960.0,0.6397837831663146,4.83%,0.007522687323638129,,0.23886105259349774,,,78.82%,4.81%,64.5,金融・不動産セクター特化評価
2026-07-24,GT,Goodyear Tire and Rubber Company,Consumer Discretionary,51.66,9.4,66.0,2.07B,9499694080.0,1.5600025483483633,7.03%,-0.0945188927943761,0.07423413566739606,-0.129678313656135,-0.2022339800117578,1.0,30.12%,-17.41%,86.4,
2026-07-24,DMC,Del Monte Corporation,Consumer Staples,51.65,81.8,6.5,1.35B,1925621120.0,1.496925856871781,-3.56%,0.029650212487741093,0.04964949216852139,-0.012014727730766747,-0.19805680119581465,1.0,10.75%,-19.76%,88.9,
2026-07-24,IVT,InvenTrust Properties,Real Estate,51.64,53.8,42.4,2.84B,3704740096.0,0.6316129014888805,3.75%,0.03995521842671374,0.9173310068890828,0.05792864052808285,0.6662234526975338,0.0,92.6%,30.7%,28.4,金融・不動産セクター特化評価
2026-07-24,CE,Celanese,Materials,51.25,2.7,94.2,5.09B,16761521152.0,0.7952264235449354,20.08%,-0.05369900898824614,0.02797569153394803,-0.05004816533847097,-0.44375,1.0,31.77%,8.47%,59.9,
2026-07-24,BFH,"Bread Financial Holdings, Inc.",Financials,51.12,45.3,50.0,4.21B,,0.7893499116269748,,0.022856638573886954,,-0.009960246385042157,,,90.01%,36.86%,23.5,金融・不動産セクター特化評価
2026-07-24,AWI,"Armstrong World Industries, Inc.",Industrials,51.06,17.6,36.9,6.86B,7236189696.0,0.13131812971771353,3.16%,0.16038863199459655,0.34162142152023695,0.04449991859770988,0.1297694348092226,0.0,18.69%,-16.06%,86.1,
2026-07-24,ADEA,"Adeia, Inc.",Information Technology,51.04,61.1,58.3,2.86B,3252604672.0,0.167896697191849,5.99%,0.10687451109060592,0.5409800940940851,-0.053424484111912904,0.16153604028958138,0.0,63.09%,53.81%,13.0,
2026-07-24,FIZZ,National Beverage Corp.,Consumer Staples,51.01,72.3,41.7,2.87B,2562420480.0,0.22120319483840348,3.69%,0.2156386390135819,0.21412440959822185,0.26571203519305653,-0.01356044642160306,1.0,3.95%,5.09%,63.9,
2026-07-24,AGYS,"Agilysys, Inc.",Information Technology,50.97,71.7,25.2,2.78B,2571155456.0,0.11760704626165012,1.76%,0.08055813992125069,0.18524515207696549,0.108566429541635,0.6821943520177459,0.0,44.23%,-18.88%,88.0,
2026-07-24,AAT,American Assets Trust,Real Estate,50.92,63.8,47.2,1.89B,3008157184.0,0.6105094113738978,4.63%,0.024431104763808692,0.6363352926612319,-0.1075617903900115,0.014176519591365476,0.0,79.76%,32.74%,27.2,金融・不動産セクター特化評価
2026-07-24,CAG,Conagra Brands,Consumer Staples,50.85,3.3,84.5,7.07B,14134088704.0,0.8994379195475541,12.15%,-0.11092715231788079,-0.09203481775634662,-0.17481214680494317,-1.5282356532356531,1.0,28.75%,-10.43%,79.3,
2026-07-24,CVCO,"Cavco Industries, Inc.",Consumer Discretionary,50.83,45.9,36.6,4.39B,4108999680.0,0.25120731220418624,3.16%,0.12778889157885348,0.11952925032468184,0.06006774985870635,0.16217738232414683,0.0,54.62%,-5.11%,73.5,
2026-07-24,INDB,Independent Bank Corp.,Financials,50.79,53.5,57.9,4.05B,3736869888.0,0.8797104285913776,5.9%,0.00823356706502528,,0.28592213152303153,,,90.83%,15.22%,49.1,金融・不動産セクター特化評価
2026-07-24,GTY,Getty Realty Corp.,Real Estate,50.53,68.7,58.6,2.1B,2669467648.0,0.5095058590077675,6.04%,0.03643745559886775,0.8525935046250569,0.10117546917433425,0.10708784998565213,0.0,82.26%,29.97%,28.7,金融・不動産セクター特化評価
2026-07-24,ASO,Academy Sports + Outdoors,Consumer Discretionary,50.51,40.4,36.2,2.89B,4531685376.0,0.7516494979988811,3.05%,0.07139765580526644,0.106574075389524,0.07673451115627684,-0.06929200424716664,1.0,25.01%,-7.95%,76.5,
2026-07-24,DIOD,Diodes Incorporated,Information Technology,50.38,47.4,41.1,4.0B,4023005696.0,0.4692675194273321,3.63%,0.027017278705935215,0.155513257444134,0.025906001849740245,0.14014207131267561,0.0,53.55%,72.87%,7.1,
2026-07-24,HP,"Helmerich & Payne, Inc.",Energy,50.33,30.4,80.9,3.53B,5408942592.0,0.7715542279840837,10.18%,-0.024411183377579023,0.17586164276525468,0.1597814420109106,-0.2740372271082817,1.0,75.68%,28.68%,30.6,
2026-07-24,EPRT,"Essential Properties Realty Trust, Inc.",Real Estate,50.28,8.5,50.5,7.01B,9769588736.0,0.5989793527848395,4.94%,0.03686611570440606,0.9195340856243285,0.1835487788431923,0.2743134693595344,0.0,58.65%,12.36%,53.1,金融・不動産セクター特化評価
2026-07-24,APLE,"Apple Hospitality REIT, Inc.",Real Estate,50.25,27.7,72.2,3.96B,5584786944.0,0.7953301393522061,8.2%,0.03577267084140968,0.31891494251571456,-0.013630400489343893,-0.06812906269007493,1.0,94.27%,45.4%,17.9,金融・不動産セクター特化評価
2026-07-24,JOE,St. Joe Company,Real Estate,50.25,48.3,37.2,3.57B,4001079552.0,0.21487015977436524,3.2%,0.07614924928840787,0.4541019316273288,-0.01309524273775587,0.3070318589926928,0.0,57.97%,6.12%,62.3,金融・不動産セクター特化評価
2026-07-24,LTC,"LTC Properties, Inc.",Real Estate,50.05,74.8,50.0,2.16B,2289084672.0,,,,,,,,91.24%,,50.0,金融・不動産セクター特化評価
2026-07-24,JBSS,"John B. Sanfilippo & Son, Inc.",Consumer Staples,50.0,94.8,46.0,0.95B,1041582272.0,0.3800504584767935,4.45%,0.0986173094847248,0.10195205040253025,0.15910003394268535,0.034796956641305346,1.0,67.01%,15.29%,48.5,
2026-07-24,AEO,American Eagle Outfitters,Consumer Discretionary,49.95,39.5,50.8,2.85B,4632432640.0,0.5943501825723703,5.05%,0.047879880688733265,0.09914937817680733,0.04670203809934021,-0.17340833707801,1.0,36.93%,-34.28%,95.4,
2026-07-24,FFBC,First Financial Bancorp,Financials,49.94,52.0,76.1,3.55B,3753005824.0,0.7791921253063536,8.92%,0.01209713735552758,,0.13780732537900248,,,81.96%,33.96%,25.3,金融・不動産セクター特化評価
2026-07-24,GPI,"Group 1 Automotive, Inc.",Consumer Discretionary,49.8,9.7,66.7,3.94B,9410087936.0,0.7084515139177533,7.11%,0.031421504212723196,0.037897516325970035,0.053480181592394295,-0.16252202858821227,1.0,24.74%,-18.54%,87.3,
2026-07-24,GRBK,"Green Brick Partners, Inc.",Consumer Discretionary,49.77,60.2,32.4,3.13B,3314159360.0,0.5944650662341381,2.62%,0.12357151564621127,0.20321334278434153,0.12656611528741854,-0.13963315166634152,1.0,52.95%,13.59%,51.9,
2026-07-24,ICUI,ICU Medical,Health Care,49.73,36.5,78.6,3.93B,4886459392.0,0.5397282064229297,9.84%,0.00018071807289357286,0.13375255796943614,-0.03649512801232941,0.14765363923381314,0.0,90.31%,6.47%,62.0,
2026-07-24,AGNT,"eXp World Holdings, Inc.",Real Estate,49.69,98.2,88.7,0.66B,513784576.0,0.3652513387288491,14.3%,-0.051333393599710724,-0.002494388986803249,0.1324675856491316,-1.393846153846154,1.0,2.33%,-56.39%,98.1,金融・不動産セクター特化評価
2026-07-24,BANC,"Banc Of California, Inc.",Financials,49.59,31.9,67.0,3.28B,5219062272.0,1.0791900641720025,7.15%,0.006580167588180763,,0.037402232558317025,,,91.84%,9.45%,58.0,金融・不動産セクター特化評価
2026-07-24,FTDR,"Frontdoor, Inc.",Consumer Discretionary,49.5,28.0,62.8,5.02B,5546859520.0,0.048196664057939244,6.53%,0.11904761904761904,0.24175824175824176,0.016611295681063124,0.30412371134020616,0.0,71.36%,21.98%,38.6,
2026-07-24,ASTE,"Astec Industries, Inc.",Industrials,49.49,85.7,16.2,1.3B,1608645632.0,0.5256849237320859,0.21%,0.028379169104739616,0.07650311968235961,0.3100804906094289,1.0992217898832686,0.0,66.59%,23.45%,36.1,
2026-07-24,EFC,"Ellington Financial, Inc.",Financials,49.46,1.5,50.0,1.7B,18861432832.0,1.0767413678621351,,0.00758898790931183,,0.1860560636410013,,,73.59%,3.58%,67.6,金融・不動産セクター特化評価
2026-07-24,BCPC,Balchem Corporation,Materials,49.31,30.7,32.7,5.23B,5284744704.0,0.24037448947387327,2.64%,0.09182791184235808,0.2458046532794812,0.07038405556532398,0.10385184928600501,0.0,52.85%,3.4%,68.2,
2026-07-24,DFH,"Dream Finders Homes, Inc.",Consumer Discretionary,49.25,64.4,6.8,1.46B,2972613376.0,1.079486321752869,-3.11%,0.058269062992624514,0.06910097232195071,0.11981820863767334,-0.3362626570113788,1.0,19.28%,-10.86%,79.6,
2026-07-24,BOOT,"Boot Barn Holdings, Inc.",Consumer Discretionary,49.18,33.1,18.1,4.55B,5116586496.0,0.28986880664990894,0.53%,0.09219309612971031,0.1689413579110317,0.21409787113216364,0.2521374829001368,0.0,21.8%,-19.36%,88.6,
2026-07-24,CCS,"Century Communities, Inc.",Consumer Discretionary,49.18,55.6,43.4,2.0B,3572349952.0,1.2984535998843647,3.92%,0.033094276883200165,0.05722086659530198,-0.016012674761145793,-0.4897506193371793,1.0,76.95%,18.88%,42.3,
2026-07-24,CPF,Central Pacific Financial Corp.,Financials,49.18,97.6,77.0,1.01B,700062528.0,0.5874045095080505,9.15%,0.010457211474157744,,-0.008411963657854503,,,90.24%,21.98%,38.3,金融・不動産セクター特化評価
2026-07-24,CLSK,"CleanSpark, Inc.",Information Technology,49.05,28.3,3.2,3.73B,5536095232.0,0.5837767129214841,-8.07%,0.11448060406498115,0.9959951142743053,0.6220984560764921,51.16629075251179,0.0,41.77%,33.09%,26.2,
2026-07-24,FBNC,First Bancorp (Southern Pines NC),Financials,48.67,78.4,69.3,2.6B,2142131968.0,0.6372249082834486,7.66%,0.00876579005345531,,0.04285957482959317,,,82.33%,22.01%,38.0,金融・不動産セクター特化評価
2026-07-24,LIF,Life360,Information Technology,48.54,51.1,23.0,3.96B,3865043200.0,0.1384574738106843,1.53%,0.15716774618417653,0.06671556199321323,1.1733049504053625,14.309892170651665,0.0,15.69%,-26.38%,92.0,
2026-07-24,GNL,"Global Net Lease, Inc.",Real Estate,48.51,45.0,97.1,1.87B,4241873664.0,0.8874453544263086,35.9%,-0.051862542420954345,0.6288689767124449,-0.37502149296612136,-0.43353538880674514,1.0,64.62%,10.43%,56.5,金融・不動産セクター特化評価
2026-07-24,MAN,ManpowerGroup,Industrials,48.08,55.3,50.0,2.39B,3582155008.0,,,,,,,,85.7%,,50.0,
2026-07-24,ENPH,Enphase Energy,Information Technology,47.98,37.4,26.2,4.84B,4807118848.0,0.2247310538504514,1.89%,0.04904364703093517,0.19686554852900742,0.08004367204607475,0.37788484839845476,0.0,22.77%,11.21%,55.6,
2026-07-24,BMI,"Badger Meter, Inc.",Information Technology,47.91,55.9,39.2,3.69B,3481764096.0,0.19347651906031801,3.48%,0.14547796424936085,0.23782458766198702,0.19250550885397463,0.14666449261259934,1.0,15.48%,-29.7%,93.5,
2026-07-24,ACIW,ACI Worldwide,Information Technology,47.55,22.2,46.9,5.72B,6236836352.0,0.2653613935002965,4.57%,0.07299993204305315,0.26773941317731403,0.026316128718772033,0.062259327062685436,0.0,82.55%,15.56%,47.8,
2026-07-24,ABCB,Ameris Bancorp,Financials,47.5,26.4,61.2,5.9B,5662897664.0,0.6904342617649515,6.26%,0.014978769168159229,,0.04774299797616713,,,80.79%,16.3%,46.0,金融・不動産セクター特化評価
2026-07-24,AESI,"Atlas Energy Solutions, Inc.",Energy,47.43,75.1,48.2,1.49B,2285293056.0,,4.69%,-0.022573760516381953,0.16326245537792955,0.12966098429930875,-0.2189430006551649,1.0,34.58%,26.96%,31.8,
2026-07-24,JXN,"Jackson Financial, Inc.",Financials,47.36,13.4,62.1,8.32B,8582728192.0,1.196423941178107,6.46%,7.657706205010976e-05,,0.04176687841630965,,,83.17%,12.13%,54.0,金融・不動産セクター特化評価
2026-07-24,BTU,"Peabody Energy, Inc.",Energy,47.36,65.7,12.3,2.78B,2883276032.0,1.273086570324536,-0.58%,-0.009109381457501033,0.10081574517674478,-0.024606547189142885,-0.5677326226959805,1.0,31.8%,-24.54%,90.4,
2026-07-24,LUMN,Lumen Technologies,Communication Services,47.12,1.8,50.0,6.53B,18352930816.0,,,,,,,,34.62%,-17.56%,86.7,
2026-07-24,EMN,Eastman Chemical Company,Materials,46.81,4.9,56.0,7.8B,12628199424.0,0.7643614209404803,5.57%,0.03189985867151222,0.14853747714808044,-0.02326957207651351,-0.2789794786466999,1.0,44.19%,9.89%,57.1,
2026-07-24,LAZ,Lazard,Financials,46.75,28.9,82.8,4.37B,5518168064.0,0.20011744431954384,11.16%,0.04793437574255161,0.14276039128658624,0.03060934799028701,-0.12022630280725109,1.0,28.29%,-9.64%,78.1,金融・不動産セクター特化評価
2026-07-24,LGIH,LGI Homes,Consumer Discretionary,46.68,63.5,35.0,1.4B,3008784896.0,1.4998626097748071,2.99%,0.0184740334310949,0.04930976415182843,0.04488664995447693,-0.6093080732529942,1.0,74.02%,39.29%,20.7,
2026-07-24,HWKN,"Hawkins, Inc.",Materials,46.1,86.6,31.7,2.91B,1560745600.0,0.1837218425631136,2.58%,0.08268156424581005,0.16184335828498028,0.28081626080452127,0.09780737717744409,1.0,30.88%,-5.07%,73.1,
2026-07-24,LBRT,"Liberty Energy, Inc.",Energy,46.0,44.4,17.5,2.83B,4256115968.0,0.7338110147690956,0.5%,0.04155686485559838,0.18367640877098915,0.07945379102134029,-0.21804587184236562,1.0,30.35%,-4.55%,72.2,
2026-07-24,CBU,"Community Bank System, Inc.",Financials,45.98,54.7,63.1,3.53B,3598841088.0,0.5676715758540353,6.6%,0.012162711659096626,,0.055977635602589615,,,80.64%,15.65%,47.5,金融・不動産セクター特化評価
2026-07-24,CNS,"Cohen & Steers, Inc.",Financials,45.97,46.5,7.4,4.18B,4098411520.0,0.13437917078963052,-3.02%,0.17476679434329423,0.36576691891891894,0.07918598267283466,0.03967255027287477,1.0,86.51%,29.22%,29.6,金融・不動産セクター特化評価
2026-07-24,BJRI,"BJ's Restaurants, Inc.",Consumer Discretionary,45.68,83.0,54.7,1.41B,1807972608.0,0.26060005803393843,5.43%,0.04806515305946595,0.09235837229813469,-0.02459887192333997,0.4939880222905635,0.0,91.56%,62.2%,9.9,
2026-07-24,FULT,Fulton Financial Corporation,Financials,45.64,34.7,59.2,4.7B,4955346432.0,0.7419857822405028,6.04%,0.012192668377005082,,0.0014526776006717425,,,92.35%,25.77%,33.3,金融・不動産セクター特化評価
2026-07-24,CATY,Cathay General Bancorp,Financials,45.58,45.6,73.5,4.2B,4168864256.0,0.695750320772323,8.65%,0.013005758458412911,,0.05096119091823478,,,95.11%,27.6%,31.2,金融・不動産セクター特化評価
2026-07-24,IOSP,"Innospec, Inc.",Materials,45.35,82.1,18.4,2.09B,1839924736.0,0.6351881866834069,0.58%,0.06363239467365205,0.11242969628796401,0.056320977690666976,-0.10997328584149599,1.0,72.29%,9.39%,58.3,
2026-07-24,LW,Lamb Weston,Consumer Staples,45.32,7.0,50.0,6.85B,10753720320.0,,,,,,,,40.61%,19.66%,41.4,
2026-07-24,DEI,Douglas Emmett,Real Estate,45.29,12.2,90.6,2.47B,8792326144.0,0.7713038195769173,15.65%,0.0017513655257148843,0.6515823988876295,-0.012284419962355244,0.05329282312366563,0.0,40.75%,15.7%,46.9,金融・不動産セクター特化評価
2026-07-24,OPLN,"OPENLANE, Inc.",Industrials,45.29,21.3,51.5,4.17B,6542097920.0,0.2978298982975063,5.08%,0.037614038058548356,0.15611269061773067,0.02206693637366679,0.09858130229174245,0.0,80.96%,26.76%,32.1,
2026-07-24,CRVL,CorVel Corporation,Health Care,45.09,67.5,35.3,3.05B,2786321920.0,0.12911203715946026,3.04%,0.17161182358558352,0.18246225719254647,0.1776818028631295,0.1631750465549348,1.0,30.75%,-13.36%,82.1,
2026-07-24,AVA,Avista Corporation,Utilities,44.73,19.5,5.2,3.47B,6773688832.0,0.7795804488991018,-4.96%,0.023088886230410336,0.3329938900203666,0.05263820677496537,0.08637873754152824,0.0,81.87%,11.89%,54.6,
2026-07-24,DRH,DiamondRock Hospitality Company,Real Estate,44.69,52.3,42.1,2.64B,3752347904.0,0.548904683192424,3.73%,0.03376933989102111,0.24511040249319271,-0.05313261781618163,0.21026933652964816,0.0,96.43%,44.42%,18.5,金融・不動産セクター特化評価
2026-07-24,ACAD,Acadia Pharmaceuticals,Health Care,44.23,56.5,40.8,4.25B,3451122688.0,0.288560068018314,3.62%,0.2499688338090839,0.1087918395154479,0.3169329390884997,0.1638246041412911,1.0,59.47%,-10.07%,78.7,
2026-07-24,AUB,"Atlantic Union Bankshares, Corp.",Financials,44.04,18.5,98.1,5.99B,6874738688.0,0.8353105516620535,37.12%,0.007282413437814763,,0.5287882937311826,,,89.49%,18.25%,43.5,金融・不動産セクター特化評価
2026-07-24,FA,First Advantage Corporation,Industrials,44.02,32.8,56.6,3.37B,5130770432.0,0.3898951961408824,5.73%,-0.009083411193379314,0.2413628398064265,-0.022710535311567255,3.569932172407158,0.0,77.51%,26.46%,32.7,
2026-07-24,ALHC,"Alignment Healthcare, Inc.",Health Care,43.99,53.2,57.3,4.02B,3738351360.0,0.044631372630183824,5.84%,-0.000679310856025506,0.011477899541598174,0.362787908391012,1.5852584548236721,0.0,57.73%,3.46%,67.9,
2026-07-24,CALY,Callaway Golf Company,Consumer Discretionary,43.65,58.1,64.4,3.26B,3396157952.0,0.6337770198482506,6.85%,-0.05617622838320066,0.0944614339109752,-0.045848011419441864,-0.11141552511415526,1.0,82.74%,54.68%,12.7,
2026-07-24,CHCO,City Holding Company,Financials,43.64,77.5,62.5,1.97B,2193342208.0,0.41096315372823694,6.52%,0.01941158146259055,,0.040647212096245215,,,97.6%,15.08%,49.4,金融・不動産セクター特化評価
2026-07-24,ECPG,"Encore Capital Group, Inc.",Financials,43.54,27.1,1.6,1.93B,5649763328.0,0.5053130280191338,-11.87%,0.0480980561069703,0.364875209322468,0.11484386694946624,2.7091281084591468,0.0,92.46%,62.38%,9.3,金融・不動産セクター特化評価
2026-07-24,EBC,"Eastern Bankshares, Inc.",Financials,43.49,28.6,72.8,4.93B,5527695360.0,0.8809118245863109,8.38%,0.0028842127481163806,,0.19676812004751568,,,92.89%,23.53%,35.8,金融・不動産セクター特化評価
2026-07-24,CVBF,CVB Financial Corp.,Financials,43.37,40.7,55.0,3.98B,4512528384.0,0.577249993529395,5.47%,0.01338988400910137,,0.03150388470636292,,,85.06%,18.69%,42.6,金融・不動産セクター特化評価
2026-07-24,BCC,Boise Cascade,Industrials,43.36,65.0,11.3,2.74B,2903900160.0,0.7574844713197224,-0.92%,0.040974193562317414,0.05677923428413506,-0.037822948593258764,-0.4598442132531624,1.0,47.61%,4.21%,66.7,
2026-07-24,AKR,Acadia Realty Trust,Real Estate,43.24,35.3,48.5,3.24B,4912844800.0,0.6860426881960301,4.75%,0.0034929644551173916,0.5189662014280949,0.10659514097149,-0.111121767340233,1.0,89.08%,9.68%,57.7,金融・不動産セクター特化評価
2026-07-24,LAUR,"Laureate Education, Inc.",Consumer Discretionary,43.21,25.5,61.8,5.18B,5689384448.0,0.22936704936119573,6.38%,0.12764520588301947,0.306921553765431,0.1848973717280861,-0.02870419266785175,1.0,80.49%,7.71%,60.5,
2026-07-24,DBD,Diebold Nixdorf,Information Technology,43.18,52.9,82.5,3.09B,3750277632.0,0.35556871753556424,10.49%,0.02454337899543379,0.0888929763249862,0.08773811203612247,0.01015228426395939,1.0,98.17%,28.92%,30.2,
2026-07-24,FMC,FMC Corporation,Materials,43.13,24.9,24.3,1.42B,5755279360.0,1.4638941003785833,1.62%,-0.23111941531092575,-0.42492934186998904,-0.1687161576549132,-3.216972615106831,1.0,2.26%,-15.2%,84.9,
2026-07-24,CWST,"Casella Waste Systems, Inc.",Industrials,43.11,18.8,27.8,5.69B,6839891968.0,0.27588525133695474,1.97%,0.0023827499919777824,0.2065546228552172,0.022680017881976478,0.2029194118057361,0.0,40.98%,-11.61%,80.2,
2026-07-24,LXP,Lexington Realty Trust,Real Estate,43.05,35.0,50.0,3.53B,4917903872.0,,,,,,,,96.58%,,50.0,金融・不動産セクター特化評価
2026-07-24,AGX,"Argan, Inc.",Industrials,42.94,16.1,53.4,7.98B,7479814656.0,0.05795785505366518,5.22%,0.11613228429288391,0.1491351949913509,0.41869851128939867,0.5009749081029248,0.0,61.1%,75.48%,6.5,
2026-07-24,GO,Grocery Outlet,Consumer Staples,42.74,69.0,4.2,0.89B,2667140608.0,1.1036355672777673,-6.81%,-0.07276117652653635,-0.01862411781027773,-0.02606385174211148,-1.453994364322627,1.0,24.39%,-12.27%,80.9,
2026-07-24,CPK,Chesapeake Utilities Corp.,Utilities,42.71,35.9,3.6,3.26B,4893580800.0,0.49043274177459767,-7.5%,0.03512065685391008,0.40118279569892473,0.11680178920883422,0.1969842797561758,0.0,77.89%,9.05%,58.6,
2026-07-24,KWR,Quaker Chemical Corporation,Materials,42.5,59.6,44.7,2.63B,3327712256.0,0.5221358149224865,4.12%,-0.0008892269158408198,0.07652620888959957,0.07173963255880052,-0.48415120333786615,1.0,55.89%,5.85%,63.0,
2026-07-24,AWR,American States Water Company,Utilities,42.37,43.5,11.7,3.39B,4324823552.0,0.3087372232908299,-0.61%,0.04804330755642903,0.40337014282609984,0.08594601491315326,0.08767911362062536,0.0,82.09%,19.93%,41.0,
2026-07-24,CZR,Caesars Entertainment,Consumer Discretionary,42.36,0.3,85.1,6.1B,31397939200.0,0.5745594519489896,12.34%,-0.015866493884130344,0.28669684833710607,-0.02918073028536361,-0.07939614201845122,1.0,92.78%,20.77%,39.8,
2026-07-24,FTRE,Fortrea,Health Care,42.23,66.9,90.3,1.85B,2815800064.0,0.3052060149591959,15.47%,-0.3631476230806054,-0.29874421678783875,-0.24125502905677246,-11.653188180404355,1.0,95.51%,12.18%,53.7,
2026-07-24,AOSL,"Alpha and Omega Semiconductor, Ltd.",Information Technology,42.23,96.7,6.1,0.92B,850057024.0,0.8906179125905109,-4.04%,-0.09375975898745338,0.053491859653356545,-0.09668885855444435,-0.32410701321330043,1.0,37.07%,53.18%,13.6,
2026-07-24,CBRL,Cracker Barrel,Consumer Discretionary,42.18,75.4,13.3,1.2B,2280346624.0,0.3845815857902893,-0.3%,0.021453047434552456,0.055455087200790884,0.00018043075761487194,0.1390801886792453,0.0,67.45%,111.2%,2.2,
2026-07-24,JBTM,JBT Marel Corporation,Industrials,42.17,13.1,53.7,7.14B,8626269184.0,0.6251313058632505,5.26%,-0.006165529197748666,0.08377652572271076,1.399291112543207,0.5582761998041136,1.0,41.53%,-11.42%,79.9,
2026-07-24,GVA,"Granite Construction, Inc.",Industrials,42.16,21.0,29.4,5.45B,6546295296.0,0.21653170663226975,2.34%,0.04788689341213127,0.11266733704323251,0.3320728900023301,0.41730852887740216,0.0,47.97%,4.6%,65.4,
2026-07-24,LEU,Centrus Energy Corp.,Energy,42.02,68.4,12.9,3.22B,2670119680.0,0.23730108270084474,-0.34%,0.03180833231121469,0.24470693113438824,1.2369672580940188,0.26936416184971096,1.0,6.76%,-35.55%,95.7,
2026-07-24,AROC,"Archrock, Inc.",Energy,41.82,10.3,29.8,6.33B,9112662016.0,0.23547360601249503,2.34%,0.07410151141424007,0.5708173750082225,0.1373093231142159,0.5377190634967706,0.0,71.08%,42.38%,20.1,
2026-07-24,KMT,Kennametal,Industrials,41.49,60.8,33.7,2.68B,3253040128.0,0.47822550050916207,2.79%,0.03658543292795037,0.14918816683571914,0.016636591875093358,-0.03985157505178185,1.0,67.24%,21.57%,39.2,
2026-07-24,BNL,"Broadstone Net Lease, Inc.",Real Estate,41.36,18.2,54.4,4.47B,7029106176.0,0.6487226245912978,5.38%,0.016877819419663275,0.790779454703196,0.09601417984796844,-0.10313420908046551,1.0,90.04%,33.85%,25.6,金融・不動産セクター特化評価
2026-07-24,KAI,Kadant Inc.,Industrials,41.17,50.2,33.3,3.69B,3890344704.0,0.2656395251811334,2.76%,0.05955513971094127,0.19992910416555792,0.19703847673113828,-0.05527987965062757,1.0,53.95%,6.64%,61.4,
2026-07-24,BOX,"Box, Inc.",Information Technology,41.01,41.9,43.0,4.02B,4456203776.0,0.049043604280443014,3.79%,0.07463035069790305,0.12090434256697584,-0.07283870658222989,0.2558453475445129,0.0,61.16%,-3.56%,71.6,
2026-07-24,HASI,"Hannon Armstrong Sustainable Infrastructure Capital, Inc.",Financials,40.82,7.6,50.0,4.9B,10235126784.0,0.5250859630307871,,0.022538811536199774,-0.0659272612870847,0.1564522131649399,-1.979703907090646,1.0,70.84%,20.85%,39.5,金融・不動産セクター特化評価
2026-07-24,AX,"Axos Financial, Inc.",Financials,40.77,17.3,70.6,5.45B,7248925184.0,0.4917541201464415,8.0%,0.017467886757246216,,0.0843454748900191,,,76.73%,8.69%,59.3,金融・不動産セクター特化評価
2026-07-24,HIW,Highwoods Properties,Real Estate,40.68,15.8,78.0,3.78B,7557287936.0,0.629449906936094,9.47%,0.0254408864239083,0.756764568695169,0.040548781751945276,0.10815479801924803,0.0,98.29%,37.09%,22.8,金融・不動産セクター特化評価
2026-07-24,AZZ,"AZZ, Inc.",Industrials,40.61,32.5,28.8,4.5B,5134829568.0,0.29680669120195186,2.33%,0.14333125214030074,0.3430263987200621,-0.006118716663501117,0.6938115330520394,0.0,82.23%,36.33%,23.8,
2026-07-24,LGND,"Ligand Pharmaceuticals, Inc.",Health Care,40.55,25.2,30.1,6.02B,5727978496.0,0.16888962192038223,2.36%,0.07974500156026033,0.7365146389045347,0.6571247454272469,3.8401725743981956,0.0,86.76%,53.46%,13.3,
2026-07-24,DAVE,"Dave, Inc.",Financials,40.36,31.0,24.6,5.12B,5283169280.0,0.06887281110960597,1.67%,0.4018419508512201,0.32877466247550446,0.6283796650485923,1.3966247500789224,0.0,81.88%,75.73%,6.2,金融・不動産セクター特化評価
2026-07-24,CURB,Curbline Properties Corp.,Real Estate,40.31,55.0,41.4,3.6B,3595040000.0,0.5304745840192666,3.69%,0.016126472291166455,0.6820217285516669,0.21479141684267064,1.349582776092976,0.0,96.69%,37.62%,22.2,金融・不動産セクター特化評価
2026-07-24,AAMI,Acadian Asset Management Inc.,Financials,40.2,62.9,45.0,2.88B,3095913728.0,0.021029454628703172,4.19%,0.11816838995568685,0.3219797764768494,-0.03725824800910125,0.10941320293398533,0.0,89.58%,67.73%,7.7,金融・不動産セクター特化評価
2026-07-24,CWEN,"Clearway Energy, Inc. (Class C)",Utilities,39.88,2.4,55.3,7.7B,17484611584.0,0.2497175253499526,5.49%,0.010147102972080456,0.7564730580825753,0.16232814571847304,-0.0018467220683287165,1.0,31.41%,-0.98%,71.0,
2026-07-24,GTES,Gates Corporation,Industrials,39.75,11.9,54.0,6.81B,8799420416.0,0.4897730452232279,5.35%,0.03515395586878094,0.19522537174721188,0.05379956677423633,-0.007969303423848878,1.0,72.5%,22.39%,37.0,
2026-07-24,CACC,Credit Acceptance,Financials,39.59,5.2,92.2,6.0B,12581224448.0,0.25372537325140654,17.54%,0.04910967712038185,0.2825735390532803,-0.025173356221624917,0.8319637291017286,0.0,64.5%,25.56%,34.0,金融・不動産セクター特化評価
2026-07-24,BFS,"Saul Centers, Inc.",Real Estate,39.41,67.2,60.8,1.23B,2809203712.0,0.2497200980212472,6.17%,0.017344699488319574,0.6063593048650476,0.017058846766653937,0.035602538492814084,0.0,70.41%,19.15%,41.7,金融・不動産セクター特化評価
2026-07-24,BOH,Bank of Hawaii,Financials,39.05,48.6,55.7,3.33B,3968286208.0,0.5564246849589062,5.54%,0.00851666528515206,,0.024373849471681718,,,91.32%,22.17%,37.7,金融・不動産セクター特化評価
2026-07-24,LFST,Lifestance Health,Health Care,38.94,41.3,38.8,4.16B,4474467328.0,0.36545332311074924,3.38%,0.0043844345540449735,0.0553105593332795,0.04042632339736902,0.9757724719101124,0.0,89.28%,52.88%,13.9,
2026-07-24,AVNS,"Avanos Medical, Inc.",Health Care,38.77,92.4,22.3,1.17B,1242483328.0,0.6647152226735521,1.46%,-0.06789606035205364,-0.027809469480889904,-0.06974527811471148,0.9435763888888888,0.0,96.91%,119.02%,1.2,
2026-07-24,KALU,Kaiser Aluminum Corporation,Materials,38.73,48.9,11.0,2.67B,3926698496.0,0.30983049951604485,-0.96%,0.043863069245165316,0.09564186184405574,0.06427652599692933,0.30028214429665456,0.0,73.67%,40.28%,20.4,
2026-07-24,HUBG,"Hub Group, Inc.",Industrials,38.23,56.8,27.2,3.01B,3442174720.0,0.5458496171355357,1.96%,0.03627285858072064,0.08604623466003107,-0.023059576362367495,-0.16585111818574855,1.0,80.87%,12.83%,52.5,
2026-07-24,IRDM,Iridium Communications,Communication Services,38.06,20.1,50.2,4.85B,6652934656.0,0.0953644118835407,4.93%,0.0451883023726901,0.5085383160157814,-0.05257852321810718,0.09708572064992761,0.0,72.55%,168.47%,0.3,
2026-07-24,ITGR,Integer Holdings Corporation,Health Care,38.0,38.6,34.6,3.35B,4683940864.0,0.5215998366699865,2.93%,0.03014387301620811,0.15773692475927056,0.10806014741529403,-0.05957975111848728,1.0,73.25%,25.03%,34.3,
2026-07-24,DORM,"Dorman Products, Inc.",Consumer Discretionary,37.63,41.6,15.5,4.01B,4460169216.0,0.3683230848993978,0.15%,0.08190437683859068,0.1688723613693536,0.028276513175179756,0.020055064236883965,1.0,52.24%,5.99%,62.7,
2026-07-24,KRYS,"Krystal Biotech, Inc.",Health Care,37.63,11.6,22.0,9.88B,8840327168.0,0.12342076474503007,1.39%,0.15357019149883716,0.431336571325778,0.26325629499980113,0.5264000291009622,0.0,81.21%,32.92%,26.5,
2026-07-24,BRC,Brady Corporation,Industrials,37.59,43.2,38.2,4.45B,4326544384.0,0.2677826659889694,3.27%,0.10912825291350224,0.18662927249843916,0.14429168186997754,0.005850306224184589,1.0,84.06%,19.08%,42.0,
2026-07-24,CXW,CoreCivic,Industrials,37.33,42.9,10.4,3.1B,4343504896.0,0.4532837069881405,-1.03%,0.03577285650111169,0.1575220854728376,0.11079948060824908,0.21198097352369089,0.0,92.09%,63.11%,8.6,
2026-07-24,LTH,"Life Time Group Holdings, Inc.",Consumer Discretionary,37.29,3.6,50.0,9.42B,13366460416.0,,,,,,,,91.78%,58.18%,11.7,
2026-07-24,ECG,"Everus Construction Group, Inc.",Industrials,37.22,17.9,31.1,6.63B,7129782272.0,0.09492503281750059,2.52%,0.11671567178467905,0.08222909165550703,0.341700149713263,0.39993819698801203,0.0,59.65%,44.29%,18.8,
2026-07-24,HTLD,"Heartland Express, Inc.",Industrials,37.21,92.1,5.5,1.11B,1257845248.0,0.6825873814220196,-4.44%,-0.04401833810695886,0.12729161521095086,-0.10686243059469701,-0.36858954626608387,1.0,75.52%,55.74%,12.3,
2026-07-24,KN,Knowles Corporation,Information Technology,37.0,57.4,21.0,3.22B,3415374848.0,0.24127862909331962,1.2%,0.04205118447340881,0.19099797707349966,-0.060007154355213733,0.0780209324452902,0.0,77.38%,71.6%,7.4,
2026-07-24,ALGT,Allegiant Travel Company,Industrials,36.92,68.1,10.0,2.64B,2677403392.0,0.3993243692219874,-1.05%,-0.01061837539355362,0.12542953810339147,-0.049765082498222854,4.372122446967581,0.0,68.48%,15.85%,46.3,
2026-07-24,BHE,"Benchmark Electronics, Inc.",Information Technology,36.89,64.1,43.7,2.91B,3003946496.0,0.37798754103672855,3.94%,0.011995858503703454,0.048633601944712286,-0.029388918144491023,-0.17608832767375335,1.0,70.73%,82.76%,5.6,
2026-07-24,EAT,"Brinker International, Inc.",Consumer Discretionary,36.8,8.8,44.3,8.02B,9625141248.0,0.04625173265050995,4.06%,0.14302247442693944,0.1336688830281193,0.03297211831398712,0.7961068130771151,0.0,90.21%,24.98%,34.6,
2026-07-24,FBP,First BanCorp (Puerto Rico),Financials,36.65,47.7,79.6,4.4B,4013287680.0,0.4470070224382437,9.94%,0.018024771163711165,,-0.008294700424057094,,,98.17%,38.32%,21.9,金融・不動産セクター特化評価
2026-07-24,HCC,"Warrior Met Coal, Inc.",Materials,36.45,44.1,5.8,4.23B,4280337152.0,0.5064946302470014,-4.13%,0.02047489779254896,0.1929333617293478,0.0741971108802724,-0.4280603459004931,1.0,50.55%,-10.06%,78.4,
2026-07-24,AAP,"Advance Auto Parts, Inc.",Consumer Discretionary,36.41,23.7,4.5,3.37B,5915226112.0,0.6529288627837116,-6.77%,0.0037206155927617113,0.03720497616556214,0.09520281533617336,1.8101265822784811,0.0,65.56%,37.3%,22.5,
2026-07-24,GEO,"GEO Group, Inc.",Industrials,36.06,26.7,9.7,4.13B,5653084672.0,0.36447154765870415,-1.35%,0.06618028515811389,0.23866323598762554,0.0582426598533072,0.7669860847742785,0.0,93.26%,89.58%,4.6,
2026-07-24,AIR,AAR CORP.,Industrials,35.99,23.4,10.7,5.15B,6027366400.0,0.3309555318590514,-0.98%,0.05593134479573289,0.11792623941958888,0.17974407649581664,1.3014749262536873,0.0,76.5%,51.7%,14.2,
2026-07-24,DNOW,NOW Inc,Industrials,35.98,60.5,0.6,2.63B,3254662144.0,0.848892061208279,-27.5%,-0.0226809378185525,-0.01028368794326241,1.420727945712523,-1.1946308724832215,1.0,54.94%,4.8%,64.8,
2026-07-24,IPAR,"Inter Parfums, Inc.",Consumer Staples,35.96,48.0,39.8,3.92B,4011694336.0,0.224399988924468,3.5%,0.10622123478471507,0.2041519399613976,0.12328477864831523,-0.0022720258459356345,1.0,88.19%,45.49%,17.6,
2026-07-24,IART,Integra Lifesciences Holdings,Health Care,35.93,61.4,46.3,1.54B,3219287552.0,0.6777490773504212,4.5%,-0.14338530166982186,-0.19900076135380326,-0.10784673593855884,-2.6835758039816233,1.0,95.93%,56.81%,12.0,
2026-07-24,MAC,Macerich,Real Estate,35.91,6.1,50.0,7.98B,11502544896.0,,,,,,,,96.11%,38.48%,21.3,金融・不動産セクター特化評価
2026-07-24,HNI,HNI Corporation,Industrials,35.89,40.1,13.6,3.0B,4570152448.0,0.6126130678940493,-0.23%,0.011095189355168884,0.08224727016555125,1.605194389632553,-0.2570792236716513,1.0,53.19%,0.18%,70.1,
2026-07-24,ACA,"Arcosa, Inc.",Industrials,35.63,13.7,19.1,7.12B,8550873600.0,0.37095777755710874,0.78%,0.04180373906764021,0.19875841021016855,0.014179635845793917,0.4475877746905784,0.0,97.05%,31.65%,27.8,
2026-07-24,JBLU,JetBlue,Industrials,35.36,10.6,0.3,1.96B,9021374464.0,1.0813349990516896,-56.01%,-0.036330718165359085,0.05440300154491282,-0.016091681016566713,3.564814814814815,0.0,53.23%,12.37%,52.8,要確認: 大幅なFCF赤字
2026-07-24,ACLS,"Axcelis Technologies, Inc.",Information Technology,35.14,47.1,20.7,4.12B,4053057792.0,0.2510489308372797,1.19%,0.08832255604910122,0.19215348823905187,0.009319526298190736,-0.35905702756961977,1.0,53.43%,62.33%,9.6,
2026-07-24,CCOI,"Cogent Communications Holdings, Inc.",Communication Services,34.7,62.3,1.3,0.59B,3137718016.0,-0.10741192625800482,-18.29%,-0.058769901386677266,0.19121182742583775,-0.023106096179700494,0.15395272317949607,0.0,2.44%,-47.27%,96.9,
2026-07-24,ATEN,"A10 Networks, Inc.",Information Technology,34.51,73.9,28.2,2.47B,2352430848.0,0.0857371877176562,2.05%,0.0669039857862572,0.25340638841948393,0.45515520487968303,0.3323863122274298,1.0,80.79%,90.62%,4.3,
2026-07-24,FELE,Franklin Electric,Industrials,34.37,36.8,26.5,4.67B,4879640064.0,0.28349878424462466,1.92%,0.07564859840000823,0.1258256891495601,0.06798780186377502,-0.08861163883781552,1.0,72.99%,7.01%,61.1,
2026-07-24,BTSG,"BrightSpring Health Services, Inc.",Health Care,34.31,3.0,66.3,14.31B,16184284160.0,0.13103910410120204,7.08%,0.029729729308308923,0.0355932552598012,0.08220713651719332,0.5332454706216009,0.0,99.1%,93.14%,4.0,
2026-07-24,KGS,"Kodiak Gas Services, Inc.",Energy,34.29,14.0,31.4,5.96B,8548609536.0,0.20168191546622583,2.55%,0.01864768017356115,0.4495275590551181,-0.026404228248010257,0.10256991997359954,0.0,60.94%,65.23%,8.0,
2026-07-24,ATMU,Atmus Filtration Technologies Inc.,Industrials,34.0,32.2,26.9,4.37B,5184672256.0,0.08652663827694365,1.92%,0.15355001110535277,0.18681630108258232,0.1347559438796942,0.09793471019320453,1.0,55.81%,0.46%,69.8,
2026-07-24,HLIT,Harmonic Inc.,Information Technology,33.84,91.5,4.9,1.21B,1280615680.0,0.31566912873969644,-6.74%,-0.06027978393364909,0.06585432829528214,-0.09795657534280972,-0.7366097182161083,1.0,34.31%,12.35%,53.4,
2026-07-24,HTZ,Hertz,Industrials,33.71,0.9,7.8,0.57B,20600530944.0,-0.8031021649534754,-2.95%,-0.033481242436466316,0.2953904045155221,0.023346481974130813,0.36225596529284165,0.0,1.62%,-66.23%,99.4,
2026-07-24,FSS,Federal Signal Corporation,Industrials,33.5,15.5,27.5,7.25B,7697465856.0,0.19055344831079482,1.96%,0.10306779235977598,0.19220362302224261,0.35542714706548834,0.22651448639157157,1.0,53.12%,5.09%,63.6,
2026-07-24,CC,Chemours,Materials,33.43,21.9,72.5,2.59B,6458098688.0,0.09654358518079138,8.35%,-0.05228935247900298,0.05716253443526171,-0.016913037688107604,-0.4977307110438729,1.0,37.19%,43.67%,19.8,
2026-07-24,ARCB,ArcBest Corp.,Industrials,33.33,50.8,37.5,3.44B,3868831744.0,0.3771782612880134,3.21%,0.024503172471380077,0.06627993211240056,0.009437670260617327,-0.2945689936594467,1.0,80.91%,100.16%,3.4,
2026-07-24,CHEF,"Chefs' Warehouse, Inc.",Consumer Staples,33.3,38.0,23.6,3.87B,4708148224.0,0.15622623679990427,1.59%,0.03568084331069863,0.05379780924956206,0.0910942163059917,0.1558188059500572,0.0,83.87%,49.32%,14.8,
2026-07-24,EXTR,"Extreme Networks, Inc.",Information Technology,33.18,49.5,37.9,3.86B,3913658624.0,0.017005450306979284,3.23%,-0.006474924949142313,0.03457603807495525,0.10610458145740335,2.2688791604970064,0.0,79.06%,74.7%,6.8,
2026-07-24,COHU,"Cohu, Inc.",Information Technology,33.07,73.6,34.3,2.39B,2412906240.0,0.3284314148505876,2.89%,-0.05975388219620236,-0.021344236526285115,0.24370957009850763,0.18351490583565577,1.0,57.92%,115.84%,1.9,
2026-07-24,CSW,"CSW Industrials, Inc.",Industrials,32.88,25.8,18.8,4.71B,5666589696.0,0.22289590815645496,0.74%,0.048364386338404376,0.21696846978751078,0.6798947112717675,0.05504323413812465,1.0,55.11%,-5.71%,73.8,
2026-07-24,INSW,"International Seaways, Inc.",Energy,32.16,37.7,16.8,4.57B,4755128832.0,0.4422388917957269,0.36%,0.11588703168128209,0.610860640672025,0.012230707287256054,-0.16207832682426157,1.0,97.79%,107.43%,2.8,
2026-07-24,FUN,Six Flags,Consumer Discretionary,32.1,16.4,48.9,1.78B,7408863744.0,0.3096729570756331,4.78%,-0.1986698126295485,-0.2796852164427252,-0.14580928394408377,-2.4770270891781263,1.0,24.81%,16.66%,45.1,
2026-07-24,INDV,Indivior,Health Care,31.97,31.3,19.7,4.79B,5273062400.0,-0.020667019633197694,0.92%,0.17485428809325562,0.2453591606133979,-0.08738601823708207,2.4157303370786516,0.0,91.25%,11.92%,54.3,
2026-07-24,CWT,California Water Service Group,Utilities,31.68,38.3,2.6,3.04B,4697479168.0,0.5565016185113237,-9.27%,0.022607524203580746,0.3601235826984222,0.09475968783944816,-0.1510596021807228,1.0,84.05%,18.64%,42.9,
2026-07-24,CNK,"Cinemark Holdings, Inc.",Communication Services,31.67,21.6,60.5,3.82B,6513336832.0,0.10606975847608152,6.14%,0.031168948329912717,0.16674157303370787,-0.12494572725478587,-0.1572286224241441,1.0,84.62%,44.02%,19.1,
2026-07-24,BGC,"BGC Group, Inc.",Financials,31.66,19.1,57.6,5.58B,6822363136.0,0.1742485704092782,5.88%,0.03512293435001765,0.15319595447485573,0.22829330002196568,0.27982479488039996,0.0,73.16%,28.67%,30.9,金融・不動産セクター特化評価
2026-07-24,ESE,ESCO Technologies Inc.,Industrials,31.52,12.8,42.7,8.49B,8706314240.0,0.18145286267797764,3.77%,0.1241389353083404,0.2240082966035779,0.31097671079396505,0.23705477552872375,1.0,81.64%,63.63%,8.3,
2026-07-24,COCO,The Vita Coco Company,Consumer Staples,31.42,46.8,21.4,3.77B,4064554240.0,0.08799536403916355,1.23%,0.1546541532403211,0.1371051854767293,0.27257775656008454,0.1212230939448803,1.0,63.25%,23.17%,36.4,
2026-07-24,ENVA,"Enova International, Inc.",Financials,31.23,7.3,96.4,5.9B,10343346176.0,0.2263930464837825,30.01%,0.04767600556054388,0.14232467850997557,0.22830822096905679,0.34088836940957723,0.0,93.79%,43.94%,19.4,金融・不動産セクター特化評価
2026-07-24,HTO,H2O America,Utilities,30.82,42.6,2.3,2.67B,4395566592.0,0.576834146075796,-9.79%,0.019919736925403032,0.3847137735919759,0.10545822529162406,0.06434858333592511,1.0,90.09%,32.86%,26.9,
2026-07-24,KTB,Kontoor Brands,Consumer Discretionary,30.44,24.6,45.6,4.62B,5827020800.0,0.12233302497055208,4.44%,0.08806848101501082,0.12790313330305006,0.5647446076705852,0.04761719176267012,1.0,84.69%,34.81%,24.4,
2026-07-24,DXPE,"DXP Enterprises, Inc.",Industrials,29.79,57.8,25.9,2.62B,3399131648.0,0.1902825655192701,1.86%,0.052622459061629344,0.10841390323676517,0.24873100584367178,0.19910698613305247,1.0,85.01%,45.9%,17.3,
2026-07-24,KNTK,"Kinetik Holdings, Inc.",Energy,28.96,5.8,9.4,8.43B,12204402688.0,-0.06706860448668024,-1.4%,0.0741201849988676,0.6715089472899683,0.04118512027330554,0.47867114626676416,0.0,90.05%,47.58%,16.4,
2026-07-24,BLFS,"BioLife Solutions, Inc.",Health Care,28.94,89.4,17.2,1.46B,1437203712.0,0.253892597456176,0.44%,-0.011320968552591381,-0.12383852661774794,0.016013036719592876,-3.8477533460803057,1.0,84.34%,20.4%,40.7,
2026-07-24,AMRX,Amneal Pharmaceuticals,Health Care,28.76,14.6,25.6,5.72B,8314063360.0,-0.012371343341685905,1.77%,0.019589862653196604,0.2000397514211133,0.050503435010402845,0.3731447815122802,0.0,95.62%,38.38%,21.6,
2026-07-24,CORT,Corcept Therapeutics Incorporated,Health Care,28.75,7.9,20.4,10.24B,10048058368.0,0.06328045078521137,1.13%,0.1191082064086459,,-0.0046421819920933,,,96.71%,15.38%,48.1,
2026-07-24,CVI,"CVR Energy, Inc.",Energy,26.88,35.6,7.1,3.36B,4898008576.0,0.21708431738546533,-3.04%,0.007285483000539665,0.08251884948338453,-0.13065916021581045,0.5,0.0,62.72%,28.94%,29.9,
2026-07-24,ESI,Element Solutions,Materials,26.75,6.4,16.5,9.12B,11328256000.0,0.29314068860467907,0.25%,0.03740149762810209,0.18430542489808718,0.04667719895771354,-0.06259968102073366,1.0,55.63%,46.06%,17.0,
2026-07-24,CON,"Concentra Group Holdings Parent, Inc.",Health Care,26.65,22.8,40.1,4.04B,6125568000.0,0.09722953068049865,3.54%,0.058219877777264666,0.1890222735607606,0.13375726450163497,0.11043406242787124,1.0,93.59%,58.64%,10.8,
2026-07-24,AIN,Albany International Corp.,Industrials,26.61,72.6,22.7,2.14B,2481434880.0,0.3392681596418491,1.47%,-0.03336341405089518,0.043870840107438795,0.04246568196926541,-0.7673007587580046,1.0,95.81%,47.76%,16.0,
2026-07-24,ACMR,"ACM Research, Inc.",Information Technology,25.64,30.1,8.1,5.83B,5429458432.0,0.2512930434880594,-2.44%,0.03275485388301937,0.17582760185463586,0.5477461320963658,-0.12162311964438138,1.0,58.84%,107.58%,2.5,
2026-07-24,ALKS,Alkermes plc,Health Care,24.49,8.2,23.9,8.82B,9898615808.0,0.2063749683103009,1.59%,0.09717116212228985,0.22419691320341026,0.20988175038809243,-0.3313435489965869,1.0,90.89%,85.64%,5.2,
2026-07-24,KLIC,"Kulicke and Soffa Industries, Inc.",Information Technology,24.23,33.4,14.2,5.3B,5103393792.0,0.15491381551620861,-0.01%,0.0001928750332777346,0.058989635840209394,-0.10951795007426449,2.1506963705228,0.0,67.01%,117.81%,1.5,
2026-07-24,GOLF,Acushnet Company,Consumer Discretionary,23.97,16.7,12.6,6.13B,7395483648.0,0.12786093788745045,-0.37%,0.08048195692233616,0.1384378187616513,0.07453103055399352,-0.01676816574420012,1.0,67.8%,26.75%,32.4,
2026-07-24,CENX,Century Aluminum Company,Materials,23.92,34.0,9.1,4.57B,5023836672.0,0.17614169765920942,-1.88%,0.018419777023751818,0.056252225167134774,0.0704245283018868,-0.6765241128298453,1.0,51.77%,15.01%,49.7,
2026-07-24,ANDE,"The Andersons, Inc.",Consumer Staples,23.54,49.2,2.9,2.65B,3917954816.0,0.47037747001915786,-8.73%,0.025778974109251375,0.029244536797769956,-0.09911450571346905,-0.10648838119343586,1.0,91.25%,47.08%,16.7,
2026-07-24,KMX,"CarMax, Inc.",Consumer Discretionary,23.09,0.6,8.7,8.27B,26986178560.0,0.7119024532739565,-1.93%,0.009378447728664658,0.06216841914675213,-0.03781547255921226,-0.12331104090770892,1.0,86.78%,48.43%,15.7,
2026-07-24,ICHR,"Ichor Holdings, Ltd.",Information Technology,22.99,59.3,19.4,3.02B,3336800256.0,0.21999418797495093,0.79%,-0.055978550800261755,-0.007852038512027622,-0.05291975201996055,-1.3389050828930589,1.0,73.09%,356.73%,0.0,
2026-07-24,GFF,Griffon Corporation,Industrials,22.58,29.5,21.7,4.16B,5443617280.0,0.017796984701718494,1.38%,0.024766952715036608,0.11365294060222403,-0.12961744512968199,-0.37934075936199724,1.0,76.77%,20.54%,40.4,
2026-07-24,CAKE,"The Cheesecake Factory, Inc.",Consumer Discretionary,22.26,23.1,35.6,4.21B,6103075840.0,0.10368052599169847,3.04%,0.04550641511470191,0.07526348643826467,0.07229761716900741,-0.0008138596764377008,1.0,92.91%,62.79%,9.0,
2026-07-24,FORM,"FormFactor, Inc.",Information Technology,22.02,14.3,13.9,8.11B,8518010368.0,0.12766339142553024,-0.01%,0.04439945048931607,0.1369451702117089,0.068178308607024,-0.04641054527068383,1.0,58.1%,79.19%,5.9,
2026-07-24,ETSY,Etsy,Consumer Discretionary,20.63,10.0,28.5,7.65B,9328062464.0,-0.14353180347767602,2.17%,0.057646748399683936,0.12728242507979015,0.1693585277746298,-0.31096300607334953,1.0,84.89%,44.61%,18.2,
2026-07-24,ACHC,Acadia Healthcare,Health Care,18.0,24.0,3.9,3.17B,5871926784.0,0.6140812908320451,-6.83%,-0.19950834453802188,-0.22272244155870813,-0.0720955393857391,-2.2138483355872087,1.0,94.59%,134.92%,0.9,
2026-07-24,LQDA,Liquidia Corporation,Health Care,17.73,15.2,15.2,7.67B,7879306752.0,0.005836152076014502,0.12%,-0.21017643794178098,-0.2730166750884285,0.4238623091184605,0.6121425302621071,0.0,93.43%,150.57%,0.6,
2026-07-24,GKOS,Glaukos Corp.,Health Care,9.81,12.5,14.6,9.02B,8760111104.0,0.07274159742119937,0.07%,-0.21006573123056071,-0.28783979252801306,-0.08337368531201654,-0.5272221583245329,1.0,91.0%,32.16%,27.5,
