Run_Date,Ticker,Company_Name,Sector,Total_Score,Score_Size,Score_FCFP,Market_Cap_Billion,Enterprise_Value,BM_Ratio,FCF_Yield_Pct,ROA,EBITDA_Margin,Asset_Growth,EBITDA_Growth,Inv_Dummy,Price_Range_Pct,Momentum_6M_Pct,Score_Momentum,Data_Quality_Flag
2026-06-12,UPWK,"Upwork, Inc.",Industrials,84.34,94.5,91.1,1.04B,844706432.0,0.6031933426770476,16.49%,0.08881715631203928,0.1977166329856915,0.07260321571326818,0.879863860191175,0.0,6.62%,-50.35%,97.6,
2026-06-12,GTM,ZoomInfo,Communication Services,83.7,71.6,98.5,0.79B,2183344384.0,1.9101230184553206,44.92%,0.01928721174004193,0.26066426570628254,-0.004344733749768075,1.0838131797824697,0.0,0.91%,-74.33%,99.3,要確認: FCF異常値(>30%)
2026-06-12,CERT,"Certara, Inc.",Health Care,80.43,93.1,88.7,0.82B,974971456.0,1.2963673809832539,14.22%,-0.0010246809997802879,0.24476289161919407,-0.011759223517939133,0.4165733946855698,0.0,8.7%,-36.35%,93.8,
2026-06-12,CALM,"Cal-Maine Foods, Inc.",Consumer Staples,78.42,64.0,74.9,3.78B,2639005184.0,0.6767033512873106,8.71%,0.3955263194579298,0.39836246168068823,0.41187937719503415,2.8519174790873056,0.0,14.59%,-11.0%,77.4,
2026-06-12,INSP,"Inspire Medical Systems, Inc.",Health Care,77.34,93.4,66.5,1.22B,968548224.0,0.6388132028940603,7.0%,0.16027694840943132,0.08749195432799586,0.12238505757790552,0.22708189158016148,0.0,3.26%,-53.32%,97.8,
2026-06-12,YELP,"Yelp, Inc.",Communication Services,76.8,87.7,94.8,1.27B,1310397952.0,0.5615450009530083,22.27%,0.15190750335427625,0.1672481407278722,-0.025508175853805586,0.18622970185818172,0.0,20.87%,-22.57%,89.7,
2026-06-12,WGO,"Winnebago Industries, Inc.",Consumer Discretionary,76.72,89.3,87.4,0.79B,1225633920.0,1.5408249076576976,13.49%,0.011929075380616412,0.04166964477163891,-0.09638453149903532,-0.012701100762066046,0.0,3.63%,-14.94%,83.2,
2026-06-12,INVA,"Innoviva, Inc.",Health Care,76.13,86.5,62.6,1.66B,1375755264.0,0.7081225414129977,6.35%,0.16583341742270657,0.8991291621285203,0.2567944599019261,3.325629539526778,0.0,68.6%,0.72%,70.7,
2026-06-12,AGO,Assured Guaranty Ltd.,Financials,75.89,45.7,55.7,3.35B,3863762176.0,1.6906872311428145,5.52%,0.0413107752956636,,0.02310730190740274,,,14.66%,-12.8%,80.5,金融・不動産セクター特化評価
2026-06-12,VRRM,Verra Mobility Corporation,Industrials,75.01,80.6,70.2,0.68B,1729835904.0,0.42856726895777025,7.89%,0.08302616211591445,0.38394756705025845,0.01930827648872182,0.4343411604001801,0.0,4.9%,-80.36%,99.8,
2026-06-12,VRTS,"Virtus Investment Partners, Inc.",Financials,74.98,86.0,63.3,0.95B,1406788736.0,0.9803099268993661,6.46%,0.032251118568232665,0.4873857904240276,0.07427874469206863,-0.10202259008000834,1.0,22.45%,-11.25%,77.9,金融・不動産セクター特化評価
2026-06-12,EFOR,Everforth Inc.,Information Technology,74.84,71.1,96.8,0.83B,2216499968.0,2.1782178217821784,32.61%,0.030865036847687162,0.086373228821224,0.07241178186060075,-0.14200149737958573,1.0,7.53%,-55.55%,98.1,要確認: FCF異常値(>30%)
2026-06-12,GBX,"The Greenbrier Companies, Inc.",Industrials,74.15,59.7,78.1,1.47B,2963480064.0,1.0452332138260396,9.23%,0.04680548548364904,0.149743842972656,0.0249383006228699,0.12003693444136658,0.0,43.7%,12.68%,55.8,
2026-06-12,AMPH,"Amphstar Pharmaceuticals, Inc.",Health Care,74.14,87.9,82.5,0.91B,1299654656.0,0.8713885415925785,11.39%,0.060206260483803155,0.2949157298298205,0.0328557753871706,-0.23441466651280868,1.0,26.56%,-26.23%,90.6,
2026-06-12,HCI,"HCI Group, Inc.",Financials,73.71,89.8,94.1,2.07B,1211732736.0,0.5030741170193624,21.72%,0.1182338919890167,,0.133940121414412,,,34.74%,-13.77%,82.0,金融・不動産セクター特化評価
2026-06-12,GDYN,"Grid Dynamics Holdings, Inc.",Information Technology,72.51,98.8,52.2,0.54B,227663520.0,1.008103690218947,4.99%,0.015774445659090537,0.05635376019542186,0.03495150221549768,0.21941992433795712,0.0,16.82%,-24.0%,90.1,
2026-06-12,KMPR,Kemper Corporation,Financials,72.42,67.3,96.3,1.46B,2465003520.0,1.83795563203893,31.51%,0.011489092177315257,,-0.012485748669875856,,,4.9%,-30.76%,92.5,金融・不動産セクター特化評価
2026-06-12,DLX,Deluxe Corporation,Industrials,72.32,66.8,89.9,1.06B,2479400960.0,0.6419467527019731,14.84%,0.028670205335940772,0.1776673542096381,0.011515365595196043,0.03750342184505886,0.0,48.97%,16.05%,50.5,
2026-06-12,CXM,"Sprinklr, Inc.",Information Technology,72.01,94.1,80.5,1.26B,861168768.0,0.47029530713683226,10.33%,0.019007336558066357,0.08876341577228185,0.01761697147185566,0.6733670552012316,0.0,14.19%,-28.27%,91.6,
2026-06-12,CABO,Cable One,Communication Services,71.33,55.7,99.8,0.24B,3178405376.0,6.079361312173646,110.79%,-0.06378605646422121,0.10799088597950078,-0.1436648919420248,-0.7760274502436706,1.0,0.49%,-63.59%,98.8,要確認: FCF異常値(>30%)
2026-06-12,ADUS,Addus HomeCare Corp.,Health Care,70.9,80.3,59.4,1.74B,1736801536.0,0.6249690654700143,5.92%,0.06672891266172595,0.11069643522456468,0.01746666156980506,0.3055507192306098,0.0,13.95%,-18.17%,86.1,
2026-06-12,COLL,"Collegium Pharmaceutical, Inc.",Health Care,70.71,82.0,95.8,1.11B,1621713024.0,0.2708578744738619,29.86%,0.037945865427677125,0.5137355281481282,-0.004061695452788576,0.1735518083008001,0.0,24.23%,-27.48%,91.3,
2026-06-12,LNC,Lincoln Financial,Financials,70.07,99.8,98.0,7.0B,-27990597632.0,1.5583555116500727,41.03%,0.0028211618297044132,,0.06747929411945316,,,32.45%,-10.4%,77.2,金融・不動産セクター特化評価
2026-06-12,CNMD,CONMED Corporation,Health Care,69.93,78.0,84.0,1.04B,1861895424.0,0.9971426832528683,12.15%,0.020232191865932222,0.12837849633817405,0.008456162761404134,-0.35159433175473853,1.0,9.3%,-21.01%,88.5,
2026-06-12,EMBC,Embecta Corp.,Health Care,69.66,86.7,99.5,0.18B,1370329216.0,-3.56374288269323,107.15%,0.08745072875607297,0.2631432802665679,-0.15124873570372677,0.4753502854177478,0.0,2.43%,-78.1%,99.5,要確認: FCF異常値(>30%)
2026-06-12,CRGY,Crescent Energy Company,Energy,69.38,8.1,91.4,3.79B,9033613312.0,1.3604628729476318,16.59%,0.010681008521356271,0.4656719319779808,0.3583324718587078,0.6720401850373324,0.0,57.49%,30.02%,32.9,
2026-06-12,VSNT,"Versant Media Group, Inc.",Communication Services,69.06,14.7,97.0,5.67B,7541655552.0,1.8143178717629693,32.7%,0.07540744344441741,0.33657296650717705,0.02357042078180762,-0.2051553672316384,1.0,40.59%,-11.28%,78.4,要確認: FCF異常値(>30%)
2026-06-12,DXC,DXC Technology,Information Technology,69.04,41.0,99.3,1.43B,4219892224.0,2.0572939564350734,56.59%,0.0013964313421256788,0.13571654539702627,-0.023854600530102233,-0.22282608695652173,1.0,10.76%,-35.9%,93.3,要確認: FCF異常値(>30%)
2026-06-12,LEG,Leggett & Platt,Consumer Discretionary,68.98,65.2,92.1,1.46B,2594998528.0,0.7014624701203479,17.23%,0.06656486822757607,0.11960247589455254,-0.034192702643653046,2.6881308736512355,0.0,54.86%,19.63%,44.2,
2026-06-12,ACT,"Enact Holdings, Inc.",Financials,68.66,22.3,79.6,5.87B,6063232512.0,0.9126977992490098,10.07%,0.09780914274473827,,0.05703185340988182,,,74.49%,13.48%,53.8,金融・不動産セクター特化評価
2026-06-12,AZTA,"Azenta, Inc.",Health Care,68.61,96.0,79.3,1.04B,710438400.0,1.668191665729561,9.79%,-0.027074911316956548,0.06657898592336747,-0.01937041278124427,-0.22301705840735792,1.0,25.31%,-27.01%,91.1,
2026-06-12,UPBD,"Upbound Group, Inc.",Consumer Discretionary,68.04,62.3,100.0,1.08B,2713369344.0,0.6420158658145463,143.95%,0.022356590084311102,0.3697178801297789,0.23641468232551927,0.01566579328923148,1.0,22.69%,11.22%,58.2,要確認: FCF異常値(>30%)
2026-06-12,ADT,ADT Inc.,Consumer Discretionary,67.8,3.8,93.3,5.11B,12878486528.0,0.7393230991783805,19.33%,0.03767427920364944,0.518720190492272,-0.014481753330969611,0.022844041882473624,0.0,17.5%,-17.21%,84.6,
2026-06-12,LNN,Lindsay Corporation,Materials,67.56,90.8,55.4,1.2B,1144639744.0,0.4444336690143018,5.49%,0.0880694927429368,0.17344404229650132,0.10602552904902714,0.13362452166518496,0.0,32.43%,3.22%,67.5,
2026-06-12,ITRI,"Itron, Inc.",Information Technology,67.5,37.4,72.7,3.58B,4490062336.0,0.4796203812656416,8.41%,0.08091338554742418,0.17498988253603212,0.0918775345746874,0.1629705744454458,0.0,4.59%,-23.04%,89.9,
2026-06-12,FBRT,"Franklin BSP Realty Trust, Inc.",Real Estate,67.49,26.3,98.8,0.63B,5520885760.0,2.270323227073687,45.92%,0.013582236163275413,0.18885267236062347,0.009140365181446179,-0.18721920126450703,1.0,1.1%,-12.72%,80.3,金融・不動産セクター特化評価
2026-06-12,EPAM,EPAM Systems,Information Technology,67.35,42.2,88.9,4.85B,4097761280.0,0.7587861115254935,14.3%,0.07704355815505731,0.12572420000820955,0.031925873486703324,0.02143256988363645,1.0,2.63%,-48.5%,96.4,
2026-06-12,EPC,Edgewell Personal Care,Consumer Staples,66.8,75.6,95.3,1.0B,1977460736.0,1.5567416296515453,23.57%,0.0067619732183265445,0.0834720035979312,0.006808008791444424,-0.3496846531184303,1.0,51.43%,17.15%,48.3,
2026-06-12,HSTM,"HealthStream, Inc.",Health Care,66.8,95.7,63.8,0.77B,713591232.0,0.46215761932583554,6.5%,0.03524772567422661,0.20954141233424542,0.018810962358496847,0.01893491124260355,0.0,66.34%,7.23%,62.5,
2026-06-12,CRC,California Resources Corporation,Energy,66.39,20.9,74.4,5.05B,6386877952.0,0.7276864170188083,8.68%,0.04903417533432392,0.3288275051425213,0.037561317449194116,0.12916246215943492,0.0,47.38%,21.8%,42.8,
2026-06-12,ETD,"Ethan Allen Interiors, Inc.",Consumer Discretionary,66.37,96.9,60.1,0.56B,577538496.0,0.85656447301681,6.07%,0.06999873829702659,0.13794214258869697,-0.010495128987524785,-0.16587798951272542,1.0,29.32%,0.54%,71.2,
2026-06-12,WAY,Waystar Holding Corp,Health Care,66.34,32.7,78.3,3.54B,4865049088.0,1.0960392452164407,9.26%,0.019375464555496016,0.35464459399715087,0.263949081101961,0.2561477786799675,1.0,2.37%,-50.0%,97.1,
2026-06-12,KSS,Kohl's Corp.,Consumer Discretionary,66.19,12.8,98.3,1.96B,8068087808.0,2.061007651242444,41.09%,0.020356234096692113,0.08527081857409674,-0.014529095066007818,0.12585034013605442,0.0,54.31%,-1.86%,72.1,要確認: FCF異常値(>30%)
2026-06-12,KOP,"Koppers Holdings, Inc.",Materials,66.17,79.6,90.9,0.8B,1780005376.0,0.7188429711925006,16.35%,0.029679881280474878,0.11754376629596126,-0.0017987514548725003,0.03708920187793427,0.0,77.2%,46.49%,19.2,
2026-06-12,VTOL,Bristow Group Inc.,Energy,65.88,76.3,41.9,1.28B,1933243520.0,0.8308684587243119,3.65%,0.05584570500692047,0.18303777493908133,0.08752633812744501,0.2243304372801034,0.0,60.79%,14.7%,51.7,
2026-06-12,DV,"DoubleVerify Holdings, Inc.",Communication Services,65.82,84.1,72.2,1.57B,1491675648.0,0.7206218312135731,8.37%,0.03740541562475537,0.18845743166762663,0.06101817099066768,0.04364911969094825,1.0,28.21%,-2.57%,72.6,
2026-06-12,ENOV,Enovis,Health Care,65.59,64.7,91.6,1.22B,2595685120.0,1.2253168947538542,17.02%,-0.3088712472328611,-0.36930556228978995,-0.1873451532038916,-0.7259223995276782,1.0,3.5%,-32.39%,92.8,
2026-06-12,FLO,Flowers Foods,Consumer Staples,65.54,61.1,89.4,1.65B,2863558400.0,0.7882973945642233,14.51%,0.020035321441128184,0.06832710641476927,0.23038559342345286,-0.3162516824328312,1.0,9.95%,-28.73%,92.1,
2026-06-12,LCII,LCI Industries,Consumer Discretionary,65.33,52.1,57.1,2.22B,3317390592.0,0.611807875405704,5.73%,0.05927291264101522,0.09995349364158372,0.09715832757288308,0.1979472567092141,0.0,9.64%,-13.68%,81.7,
2026-06-12,IIPR,"Innovative Industrial Properties, Inc.",Real Estate,65.03,72.0,75.4,1.78B,2162343936.0,1.0397237527482854,8.8%,0.04987519286266828,0.7935289804666203,-0.0030230689300926347,-0.15148018446519967,1.0,100.0%,32.19%,30.5,金融・不動産セクター特化評価
2026-06-12,ANIP,"ANI Pharmaceuticals, Inc.",Health Care,64.99,74.6,68.7,1.86B,2035506048.0,0.2912941657127884,7.56%,0.05438645576817736,0.2346343418243401,0.12137934041226374,2.2836615389490027,0.0,53.42%,-6.44%,75.0,
2026-06-12,LTC,"LTC Properties, Inc.",Real Estate,64.88,73.0,84.7,1.88B,2094835712.0,0.5704342202696169,12.43%,0.05721075041463391,0.7503747327413698,0.15447707964988225,0.14953200219137205,1.0,44.41%,6.87%,63.2,金融・不動産セクター特化評価
2026-06-12,AMSF,"Amerisafe, Inc.",Financials,64.83,97.4,42.4,0.59B,531410048.0,0.42301025691681743,3.78%,0.04170116333375791,,-0.02353360839737051,,,12.91%,-18.94%,87.0,金融・不動産セクター特化評価
2026-06-12,DFIN,"Donnelley Financial Solutions, Inc.",Financials,64.16,91.2,86.5,0.93B,1139943680.0,0.4075912827334495,12.96%,0.04047976011994003,0.160625814863103,-0.04895437262357415,-0.41249403910348115,1.0,3.75%,-20.12%,87.3,金融・不動産セクター特化評価
2026-06-12,AHCO,AdaptHealth Corp.,Health Care,64.07,52.4,93.6,1.37B,3304654080.0,1.1050943326189138,19.5%,-0.016400495114531722,0.14562305827344627,-0.037970138715701346,-0.24759522372659512,1.0,37.99%,8.37%,61.5,
2026-06-12,INVX,"Innovex International, Inc.",Energy,63.99,78.2,65.5,1.98B,1844871680.0,0.5350450996754806,6.84%,0.06567652784381069,0.20889424084411873,0.0591440546546381,0.10599893919877033,0.0,80.11%,42.12%,22.6,
2026-06-12,EPAC,Enerpac Tool Group,Industrials,63.98,77.0,54.2,1.86B,1903882368.0,0.23332167551662233,5.25%,0.11203369623381533,0.23717658806384836,0.06501631229030731,0.10577548028235009,0.0,21.76%,-12.24%,78.8,
2026-06-12,LYFT,"Lyft, Inc.",Industrials,63.46,34.1,95.1,5.21B,4774052352.0,0.628864835694593,23.39%,0.31494920350965827,0.016265160670212962,0.6614422006417949,-0.4943222929371982,1.0,9.56%,-44.2%,95.7,
2026-06-12,ABR,Arbor Realty Trust,Financials,63.42,4.0,50.0,1.08B,12745161728.0,2.7446953731093475,,0.010265401569089493,,0.07441430686174712,,,0.8%,-38.23%,94.0,金融・不動産セクター特化評価
2026-06-12,HLX,"Helix Energy Solutions Group, Inc.",Energy,63.36,82.7,89.2,1.44B,1563572864.0,1.097217093565485,14.48%,0.011784453863750351,0.16259793073650727,0.007248140219015202,-0.17054355425470144,1.0,81.26%,46.92%,18.5,
2026-06-12,EYE,National Vision Holdings,Consumer Discretionary,63.35,73.2,73.6,1.46B,2086128128.0,0.5947032783051985,8.54%,0.014921776618987557,0.07986060796341915,-0.011999874487678126,0.7718068361947713,0.0,22.92%,-26.23%,90.9,
2026-06-12,CENTA,Central Garden & Pet Company (Class A),Consumer Staples,63.22,57.6,80.3,2.33B,3095834112.0,0.6796570532555706,10.21%,0.044914240039628836,0.11483977317178555,0.02031947079997715,0.23587232037529363,0.0,95.91%,29.95%,33.2,
2026-06-12,CARG,CarGurus,Communication Services,62.98,64.2,75.1,2.5B,2612324864.0,0.14989631702059586,8.79%,0.23553966855870323,0.30131866193300844,-0.19724911950478816,0.4067969361281555,0.0,9.9%,-22.36%,89.2,
2026-06-12,IIIN,"Insteel Industries, Inc.",Industrials,62.5,97.2,14.5,0.56B,549573824.0,0.6615352523655531,-0.43%,0.08866313628012537,0.11154289137355529,0.09489482951210738,0.7712373434014073,0.0,26.32%,-7.6%,76.4,
2026-06-12,CRSR,Corsair Gaming,Information Technology,62.21,92.4,62.1,0.96B,1039464768.0,0.6623038260075328,6.24%,-0.012888184886710948,0.03490098337498642,0.014528709068973135,13.913232733604179,0.0,51.86%,36.64%,26.4,
2026-06-12,BFAM,Bright Horizons Family Solutions Inc.,Consumer Discretionary,62.13,29.6,71.2,3.44B,5173952000.0,0.3898112892967347,8.15%,0.0496492829730952,0.13910077253019917,0.010202790989525803,0.18439238746491668,0.0,10.5%,-34.71%,93.0,
2026-06-12,EVTC,"EVERTEC, Inc.",Financials,62.08,66.4,70.9,1.57B,2509285632.0,0.39715255712256026,8.14%,0.06311694934596238,0.3699638770661224,0.20762420119174574,0.06993684145187071,1.0,22.48%,-12.62%,80.0,金融・不動産セクター特化評価
2026-06-12,CCS,"Century Communities, Inc.",Consumer Discretionary,62.04,54.0,76.6,1.75B,3205712128.0,1.4851088869743876,8.99%,0.033094276883200165,0.05722086659530198,-0.016012674761145793,-0.4897506193371793,1.0,46.6%,2.26%,69.2,
2026-06-12,ABM,"ABM Industries, Inc.",Industrials,61.88,36.3,81.0,2.7B,4578595328.0,0.6603317108896415,10.5%,0.03081886326975994,0.048239746624132454,0.033802872165110256,0.29735547355473557,0.0,69.91%,10.7%,59.1,
2026-06-12,FCPT,"Four Corners Property Trust, Inc.",Real Estate,61.83,65.6,54.9,2.73B,2536372736.0,0.5973150866172874,5.44%,0.03847125680395901,0.7652618552214652,0.10090364738227217,0.09987881630897932,1.0,40.04%,6.64%,63.5,金融・不動産セクター特化評価
2026-06-12,APAM,"Artisan Partners Asset Management, Inc.",Financials,61.79,63.7,83.3,2.52B,2652292864.0,0.17421944214384452,11.51%,0.1840623042531123,0.4237194657254021,-0.02561473131219282,0.10464812297396214,0.0,7.86%,-13.45%,81.0,金融・不動産セクター特化評価
2026-06-12,ENR,Energizer,Consumer Staples,61.56,35.5,90.4,1.36B,4595353088.0,0.12481149130570351,15.79%,0.0524502381109136,0.19138415687337013,0.049350589535740605,0.7124242424242424,0.0,28.4%,-14.4%,82.9,
2026-06-12,KFY,Korn/Ferry International,Industrials,61.54,51.2,69.2,3.8B,3409100032.0,0.491011340039139,7.67%,0.06372642457417647,0.16137201086818737,0.049568223277317025,0.38555737990397293,0.0,73.2%,13.34%,54.1,
2026-06-12,APOG,"Apogee Enterprises, Inc.",Industrials,61.4,91.9,77.3,0.85B,1085942912.0,0.6018199021423253,9.08%,0.0482302678766333,0.10068105469153213,-0.04503139281304961,-0.13414268309854843,1.0,47.19%,17.14%,48.8,
2026-06-12,TRIP,TripAdvisor,Communication Services,61.3,83.6,86.9,1.39B,1511561472.0,0.46541447189227936,13.07%,0.015238095238095238,0.10597567424643047,0.024990238188207732,-0.0811554332874828,1.0,26.01%,-24.86%,90.4,
2026-06-12,GOGO,"Gogo, Inc.",Communication Services,61.29,88.2,52.0,0.49B,1288765184.0,0.20543473759965541,4.98%,0.009912009154974949,0.17684414233638773,0.060640351569395824,0.7138006641689373,0.0,2.59%,-49.86%,96.9,
2026-06-12,UFCS,"United Fire Group, Inc.",Financials,61.26,90.0,94.3,1.22B,1208557184.0,0.7687335858876271,21.88%,0.03077258344574513,,0.10099559434238917,,,90.81%,30.04%,32.7,金融・不動産セクター特化評価
2026-06-12,USPH,"U.S. Physical Therapy, Inc.",Health Care,61.21,81.5,46.1,1.0B,1648481152.0,0.4758399789318122,4.3%,0.012509862874893066,0.14041537023521428,0.031301098874743354,0.2618721592543582,0.0,21.52%,-7.5%,76.2,
2026-06-12,JBGS,JBG Smith,Real Estate,61.07,46.0,82.8,0.88B,3835912192.0,1.3199027251565525,11.4%,-0.031690279661938145,0.3069988247044713,-0.125952387591773,-0.009781279717429698,0.0,4.56%,-17.75%,85.6,金融・不動産セクター特化評価
2026-06-12,ALRM,"Alarm.Com, Inc.",Financials,60.79,68.0,43.6,2.3B,2406823680.0,0.36949495244217384,3.9%,0.06204931126266094,0.2275543494922304,0.048269362106320844,0.1780969203594194,0.0,27.27%,-7.46%,76.0,金融・不動産セクター特化評価
2026-06-12,WWW,"Wolverine World Wide, Inc.",Consumer Discretionary,60.73,71.8,64.3,1.49B,2176649472.0,0.2731198876776789,6.53%,0.05604633475691804,0.09614255988902523,0.020843287147634972,0.4188976377952756,0.0,24.57%,15.21%,51.2,
2026-06-12,WU,Western Union,Financials,60.61,43.8,85.5,2.29B,4001124864.0,0.4187973649413216,12.71%,0.06015001384557965,0.2306021181524181,-0.007717579595006272,0.018092643051771117,0.0,2.57%,-13.64%,81.2,金融・不動産セクター特化評価
2026-06-12,WD,"Walker & Dunlop, Inc.",Financials,60.28,30.3,0.5,1.8B,5067424256.0,0.9649956860747476,-37.85%,0.011282586859751144,0.2804677284239078,0.15460659111048328,-0.019061517100677227,1.0,21.35%,-18.46%,86.5,金融・不動産セクター特化評価
2026-06-12,TMDX,"TransMedics Group, Inc.",Health Care,60.17,60.0,45.6,2.54B,2945013504.0,0.18601542469626303,4.28%,0.178112887540213,0.24523612124975638,0.3286965411229784,1.1228787510543696,0.0,14.06%,-38.25%,94.2,
2026-06-12,CLB,Core Laboratories,Energy,60.02,95.3,68.0,0.61B,762062016.0,0.43548506499691464,7.24%,0.05080221229088543,0.13506989288156196,-0.0019141045579614787,-0.03254023316872764,1.0,33.18%,-14.07%,82.2,
2026-06-12,AMTM,Amentum,Industrials,59.98,8.5,84.2,5.39B,8987504640.0,0.8351091851371389,12.15%,0.005759162303664921,0.06857500173695547,-0.04292634040420912,0.7438162544169611,0.0,5.71%,-3.83%,73.6,
2026-06-12,TALO,"Talos Energy, Inc.",Energy,59.9,50.7,93.8,2.47B,3433011200.0,0.8775479127857823,21.3%,-0.0890282646593866,0.4159752144578584,-0.10332028111395807,-0.4111188872364622,1.0,76.01%,42.44%,22.4,
2026-06-12,BANR,Banner Corporation,Financials,59.85,73.5,82.0,2.27B,2069752960.0,0.8571136837391046,10.92%,0.011946690107327114,,0.009533990570515363,,,76.68%,9.51%,59.6,金融・不動産セクター特化評価
2026-06-12,HZO,"MarineMax, Inc.",Consumer Discretionary,59.75,79.9,91.9,0.74B,1768125568.0,1.26547000932623,17.09%,-0.012803802402650865,0.036087746526202016,-0.05168003292044584,-0.5174827604175714,1.0,82.28%,43.19%,21.2,
2026-06-12,FG,"F&G Annuities & Life, Inc.",Financials,59.65,46.2,96.1,3.79B,3802070784.0,1.2678570004928027,30.48%,0.002692268617291476,,0.1589407872272786,,,49.78%,-12.45%,79.3,金融・不動産セクター特化評価
2026-06-12,CSR,Centerspace Trust,Real Estate,59.57,72.7,79.8,1.02B,2099740928.0,0.7083166694185441,10.08%,0.009130568637091177,0.6668518098968801,0.006510923563534021,0.3958817770162771,0.0,29.67%,-11.25%,78.1,金融・不動産セクター特化評価
2026-06-12,TRUP,Trupanion,Financials,59.52,95.5,10.8,1.02B,741605824.0,0.37791921172062354,-1.34%,0.021237230122267345,0.03584299366708238,0.134090100675092,1.4190659289130638,0.0,5.8%,-40.14%,94.7,金融・不動産セクター特化評価
2026-06-12,LZ,"LegalZoom.com, Inc.",Industrials,59.29,94.3,86.2,1.01B,846508288.0,0.1694356528022257,12.93%,0.030159015643510933,0.10732458339009818,0.3681338814548936,0.0068744726261974485,1.0,8.85%,-42.45%,95.2,
2026-06-12,HRMY,"Harmony Biosciences Holdings, Inc.",Health Care,59.27,82.9,68.2,2.04B,1561513216.0,0.42703332831673607,7.35%,0.12479013172846526,0.2936808324687692,0.27264911929543634,0.0926944630096139,1.0,63.06%,4.95%,65.9,
2026-06-12,EIG,"Employers Holdings, Inc.",Financials,59.08,95.0,32.3,0.85B,807753984.0,1.1287965643878317,2.51%,0.0031426409823662924,,-0.029565413831078982,,,87.68%,20.79%,43.5,金融・不動産セクター特化評価
2026-06-12,FWRD,Forward Air Corp.,Industrials,58.87,67.5,88.2,0.4B,2448161792.0,0.28512290350747055,14.06%,-0.03964627443595749,0.07462091973205276,-0.029863617923237405,1.2031203123585184,0.0,19.14%,-43.81%,95.4,
2026-06-12,LKQ,LKQ Corporation,Consumer Discretionary,58.86,5.5,83.5,6.62B,11544465408.0,0.9875419359524479,11.93%,0.040100416198718375,0.10563328693868582,0.01216984286191909,-0.08152866242038216,1.0,12.67%,-13.67%,81.5,
2026-06-12,LPG,Dorian LPG Ltd.,Energy,58.74,70.6,34.2,1.86B,2244466944.0,0.6114570150729111,2.71%,0.10347100848392092,0.6066832890269258,0.052304781326763534,0.5137858729380462,0.0,81.2%,75.84%,8.9,
2026-06-12,LZB,"La-Z-Boy, Inc.",Consumer Discretionary,58.65,77.7,83.7,1.61B,1867817472.0,0.6345983984733888,12.1%,0.05179376139992363,0.1286312818040145,0.004557232463800837,-0.06731707987844286,1.0,82.79%,27.78%,34.1,
2026-06-12,CUBI,"Customers Bancorp, Inc.",Financials,58.63,99.1,85.7,2.61B,-238885712.0,0.8099305373624145,12.78%,0.009001011734156045,,0.11599421935597701,,,83.57%,14.65%,51.9,金融・不動産セクター特化評価
2026-06-12,THRM,Gentherm Incorporated,Consumer Discretionary,58.48,90.3,76.8,1.11B,1202508800.0,0.6510064949412581,9.03%,0.013094113628405025,0.06874740591564672,0.11933171737380927,-0.395889527383605,1.0,72.76%,-3.14%,73.1,
2026-06-12,TILE,"Interface, Inc.",Industrials,58.44,74.2,53.4,1.82B,2042427904.0,0.3523439466650673,5.16%,0.0962253485638886,0.14202648584494115,0.030496679239094784,0.08564688504169629,0.0,74.9%,17.73%,47.4,
2026-06-12,ABG,Asbury Automotive Group,Consumer Discretionary,58.39,7.8,87.2,3.71B,9101777920.0,1.0479046972184813,13.13%,0.04234735156908988,0.05685315850880605,0.12394311695849859,0.1131295550962689,1.0,26.8%,-11.25%,77.6,
2026-06-12,ADNT,Adient,Consumer Discretionary,58.27,44.3,93.1,1.76B,3941596416.0,1.003639234509557,18.37%,-0.0313826222917132,0.030134158926728587,-0.04245535236873062,-0.3323170731707317,1.0,49.27%,6.35%,64.2,
2026-06-12,ACIW,ACI Worldwide,Information Technology,58.16,29.4,57.6,4.51B,5202938368.0,0.3368462543292921,5.8%,0.07299993204305315,0.26773941317731403,0.026316128718772033,0.062259327062685436,0.0,38.88%,-6.75%,75.2,
2026-06-12,CNXN,"PC Connection, Inc.",Information Technology,58.15,85.3,56.9,1.83B,1422297856.0,0.49832838758483383,5.71%,0.0619738327442308,0.04286247374463319,0.03968972273914576,0.05067665580149154,0.0,87.02%,23.24%,39.4,
2026-06-12,HFWA,Heritage Financial Corporation,Health Care,58.1,93.6,67.5,1.19B,962207296.0,0.7757249096347959,7.21%,0.009692637803469038,,-0.019550037305042105,,,97.78%,31.18%,31.7,
2026-06-12,BKE,"The Buckle, Inc.",Consumer Discretionary,57.98,67.8,75.6,2.32B,2413696512.0,0.18276275603407566,8.86%,0.21158927002387823,0.22103117884785045,0.08553253326587623,0.08513109166770692,1.0,14.04%,-14.31%,82.7,
2026-06-12,GIII,"G-III Apparel Group, Ltd.",Consumer Discretionary,57.97,86.3,73.4,1.5B,1404282752.0,1.1696983316783367,8.53%,0.0257976421201002,0.04741035883520256,0.05137896791039427,-0.5565547454490819,1.0,94.69%,25.68%,36.1,
2026-06-12,CENT,Central Garden & Pet Company,Consumer Staples,57.71,50.9,76.4,2.65B,3418073600.0,0.5970654170717727,8.97%,0.044914240039628836,0.11483977317178555,0.02031947079997715,0.23587232037529363,0.0,99.71%,33.56%,29.3,
2026-06-12,BANF,Bancfirst Corp,Financials,57.49,99.3,61.1,3.83B,-751144896.0,0.4836150316957973,6.18%,0.01621482141558673,,0.09477270483773653,,,33.98%,2.62%,68.8,金融・不動産セクター特化評価
2026-06-12,AMN,"Amn Healthcare Services, Inc.",Health Care,57.39,85.5,99.0,1.19B,1410401536.0,0.5376769827513027,56.23%,-0.045700625612731346,0.037037403279850896,-0.13313590484355228,0.42221472168312096,0.0,90.2%,85.59%,7.7,要確認: FCF異常値(>30%)
2026-06-12,LRN,"Stride, Inc.",Consumer Discretionary,57.31,44.8,53.2,4.23B,3909286912.0,0.34979620315972193,5.13%,0.12552142387897952,0.2113617456659559,0.19448102412696924,0.3164535984235453,0.0,35.15%,51.61%,16.1,
2026-06-12,JJSF,J&J Snack Foods Corp.,Consumer Staples,57.14,82.2,48.0,1.47B,1603429888.0,0.6573282033426123,4.54%,0.04748096454508538,0.10185108572143203,0.0120137630841967,-0.15738815095049485,1.0,15.82%,-2.76%,72.8,
2026-06-12,MATW,Matthews International Corporation,Consumer Discretionary,56.98,85.8,50.0,0.81B,1406964992.0,,,,,,,,50.15%,12.23%,56.7,
2026-06-12,MBC,"MasterBrand, Inc.",Industrials,56.97,69.4,50.0,1.18B,2318078464.0,,,,,,,,33.95%,-12.97%,80.8,
2026-06-12,GNW,"Genworth Financial, Inc.",Financials,56.86,36.5,95.6,3.39B,4560801792.0,2.5843214408094246,29.64%,0.0025317030528024705,,0.014535653816472973,,,77.41%,4.25%,66.6,金融・不動産セクター特化評価
2026-06-12,LMAT,LeMaitre Vascular,Health Care,56.79,76.5,33.0,2.11B,1932619264.0,0.1864971816838752,2.52%,0.0937712160340431,0.3637230470909688,0.115750330272536,0.36135436660268716,0.0,34.18%,3.36%,67.3,
2026-06-12,CALX,Calix,Information Technology,56.78,70.9,44.3,2.46B,2230872576.0,0.34935476252780595,4.09%,0.016895255837856938,0.03869961300386996,0.12696602776420338,2.6479305058763414,0.0,7.61%,-39.06%,94.5,
2026-06-12,WABC,Westamerica Bank,Financials,56.7,91.7,76.1,1.35B,1118050816.0,0.6915635541890197,8.86%,0.019491525423728815,,-0.01910611667610776,,,95.65%,21.05%,43.3,金融・不動産セクター特化評価
2026-06-12,DEA,"Easterly Government Properties, Inc.",Real Estate,56.64,60.9,86.7,1.15B,2871285760.0,1.1491955051278155,12.99%,0.003847303218858088,0.6007396630159566,0.048617917507867495,0.12581407797305735,0.0,76.69%,16.35%,49.8,金融・不動産セクター特化評価
2026-06-12,FBK,FB Financial Corp.,Financials,56.6,77.3,54.4,2.79B,1901372800.0,0.6986552189640429,5.27%,0.007522687323638129,,0.23886105259349774,,,58.93%,-1.17%,71.9,金融・不動産セクター特化評価
2026-06-12,HOPE,"Hope Bancorp, Inc.",Financials,56.39,83.4,77.6,1.66B,1522054912.0,1.3728295701029982,9.11%,0.003323399684409776,,0.0866434447550394,,,97.81%,27.69%,34.4,金融・不動産セクター特化評価
2026-06-12,UVV,Universal Corporation,Consumer Staples,56.3,70.4,51.5,1.33B,2250793472.0,1.0662746030547579,4.91%,0.011796078238608456,0.07869083970770772,-0.07452119916295151,-0.21624594719777676,1.0,34.43%,3.18%,67.8,
2026-06-12,HAFC,Hanmi Financial Corporation,Financials,56.27,94.8,94.6,0.93B,838131648.0,0.8555962738492522,21.88%,0.009669235124094807,,0.024910376175854804,,,98.62%,18.52%,46.2,金融・不動産セクター特化評価
2026-06-12,GSHD,"Goosehead Insurance, Inc.",Financials,56.22,91.0,46.6,1.31B,1140615552.0,-0.07268943556172262,4.33%,0.06708463496471133,,0.04328145393093979,,,4.38%,-47.19%,95.9,金融・不動産セクター特化評価
2026-06-12,EPRT,"Essential Properties Realty Trust, Inc.",Real Estate,56.2,7.6,47.8,6.58B,9198981120.0,0.6382534304383782,4.51%,0.03686611570440606,0.9195340856243285,0.1835487788431923,0.2743134693595344,0.0,24.22%,1.33%,70.2,金融・不動産セクター特化評価
2026-06-12,FIBK,"First Interstate BancSystem, Inc.",Financials,56.09,55.9,69.7,3.55B,3165243648.0,0.9705638410641281,7.82%,0.01133983468840792,,-0.08569055578054321,,,79.93%,15.53%,51.0,金融・不動産セクター特化評価
2026-06-12,FRPT,Freshpet,Consumer Staples,56.04,63.5,19.5,2.57B,2678893568.0,0.47098500819802797,0.55%,0.07826468478856999,0.15844974886911703,0.12883347154509747,0.3089505247376312,0.0,14.59%,-6.1%,74.8,
2026-06-12,HTH,Hilltop Holdings Inc.,Financials,56.03,55.0,8.9,2.22B,3193613824.0,0.9780243037754716,-2.5%,0.010450682404802425,,-0.026010059300611645,,,77.98%,13.52%,53.6,金融・不動産セクター特化評価
2026-06-12,FHB,"First Hawaiian, Inc.",Financials,55.96,81.0,75.9,3.42B,1707860608.0,0.8087110122426155,8.86%,0.011532585839631326,,0.005332592250203183,,,94.26%,17.14%,48.6,金融・不動産セクター特化評価
2026-06-12,AORT,Artivion,Health Care,55.88,90.5,13.5,1.0B,1202386048.0,0.44823509820099877,-0.73%,0.011039832910637029,0.14460834296331543,0.12127091462309642,0.2521582169204207,0.0,4.95%,-56.75%,98.6,
2026-06-12,EZPW,"EZCORP, Inc.",Financials,55.74,69.0,17.0,1.89B,2360203264.0,0.5419448468946578,0.09%,0.05617696515339976,0.15878770756819538,0.30669746329618136,0.24699559970911242,1.0,73.72%,70.83%,10.6,金融・不動産セクター特化評価
2026-06-12,ARLO,Arlo Technologies,Information Technology,55.56,89.6,48.8,1.38B,1221165824.0,0.09260950089548863,4.61%,0.04806342336772415,0.018896763064971085,0.04071045576407507,1.315600151457781,0.0,18.67%,-18.42%,86.3,
2026-06-12,UCB,"United Community Banks, Inc.",Financials,55.52,48.1,74.6,4.1B,3648221184.0,0.8865859370297449,8.69%,0.01171660984923018,,0.010183743600077604,,,73.79%,15.58%,50.7,金融・不動産セクター特化評価
2026-06-12,BBT,Beacon Financial Corp.,Financials,55.5,64.9,72.9,2.52B,2595621632.0,0.9893758126001592,8.41%,0.0038875776839406365,,0.9504188293541899,,,72.75%,18.77%,45.9,金融・不動産セクター特化評価
2026-06-12,ICUI,ICU Medical,Health Care,55.46,35.1,81.8,3.57B,4621527552.0,0.5948117356924407,10.84%,0.00018071807289357286,0.13375255796943614,-0.03649512801232941,0.14765363923381314,0.0,67.29%,2.67%,68.3,
2026-06-12,VITL,"Vital Farms, Inc.",Consumer Staples,55.2,97.9,3.0,0.47B,474136992.0,0.745248013854425,-11.43%,0.12777548589075796,0.14043168423214877,0.44361760154954194,0.30632892786712557,1.0,6.75%,-66.17%,99.0,
2026-06-12,DAN,Dana Incorporated,Consumer Discretionary,54.94,38.4,92.4,3.26B,4375976960.0,0.25774961277661984,17.74%,0.010886270491803279,0.06746666666666666,0.043013625434143735,1.7058823529411764,0.0,61.03%,39.4%,24.0,
2026-06-12,EGBN,Eagle Bancorp Inc,Financials,54.9,98.1,31.3,0.86B,398181120.0,1.3126884832234382,2.41%,-0.013151312783033728,,-0.05681338294558933,,,92.97%,72.45%,10.1,金融・不動産セクター特化評価
2026-06-12,UFPT,"UFP Technologies, Inc.",Health Care,54.77,75.4,36.0,1.85B,1982123648.0,0.22961498929631655,2.9%,0.10428239733649632,0.1849163151110573,0.041466148379557866,0.16352647675911525,0.0,64.05%,0.55%,70.9,
2026-06-12,ALG,Alamo Group,Industrials,54.7,75.1,38.2,1.88B,1991437824.0,0.6113654211471273,3.08%,0.06460846898076454,0.13079630732393224,0.10779787889088926,-0.060467616232195646,1.0,9.88%,-7.39%,75.7,
2026-06-12,FOXF,Fox Factory,Consumer Discretionary,54.69,83.9,61.8,0.76B,1495260544.0,0.8795302004967273,6.23%,-0.3257540456133068,-0.2932637098494467,-0.25194291360075316,-4.076711878221949,1.0,28.12%,22.6%,40.9,
2026-06-12,LKFN,Lakeland Financial,Financials,54.65,85.1,65.8,1.52B,1439350400.0,0.5030724301936698,6.85%,0.01478693486229371,,0.04666525115245118,,,43.02%,6.1%,64.9,金融・不動産セクター特化評価
2026-06-12,FUL,H.B. Fuller Company,Materials,54.64,25.6,59.6,3.47B,5586096128.0,0.5780639171534364,5.94%,0.029321941086374568,0.15174046209842326,0.05056753730405388,0.07459168965355548,0.0,74.75%,10.72%,58.9,
2026-06-12,CVSA,Covista Inc.,Consumer Discretionary,54.51,30.1,60.6,4.49B,5077650432.0,0.3194114021408404,6.12%,0.0861317883759054,0.23894894004887351,0.003988813084620107,0.3101359161385468,0.0,64.83%,36.17%,26.9,
2026-06-12,CASH,"Pathward Financial, Inc.",Financials,54.48,81.3,87.7,1.75B,1674547968.0,0.49024616700167734,13.52%,0.025915098327687573,,-0.04775254755797816,,,48.15%,19.55%,44.5,金融・不動産セクター特化評価
2026-06-12,ARI,Apollo Commercial Real Estate Finance,Real Estate,54.12,7.1,36.7,1.41B,9445236736.0,1.3148733276188989,3.0%,0.012798749859483422,,0.1770623417139516,,,73.71%,14.53%,52.2,金融・不動産セクター特化評価
2026-06-12,HCSG,"Healthcare Services Group, Inc.",Industrials,54.1,87.2,63.1,1.48B,1317403648.0,0.34441912939203956,6.37%,0.07435791869844999,0.046932978004793235,-0.010611979491063465,0.16575631388242928,0.0,76.04%,21.92%,42.1,
2026-06-12,ARR,Armour Residential REIT,Real Estate,54.05,1.4,50.0,2.12B,18735208448.0,1.0640700958046867,,0.015362273620494851,,0.5504304598635675,,,59.1%,12.15%,57.0,金融・不動産セクター特化評価
2026-06-12,FCF,"First Commonwealth Financial, Corp.",Financials,54.02,78.7,74.1,1.99B,1838064384.0,0.7799116761878105,8.6%,0.012339103604656098,,0.06543842797232544,,,97.25%,25.1%,37.0,金融・不動産セクター特化評価
2026-06-12,BXMT,"Blackstone Mortgage Trust, Inc.",Financials,53.96,1.7,50.0,3.07B,18430418944.0,1.1403217559094108,,0.005477643143165012,,0.010150058415949334,,,17.33%,3.69%,67.1,金融・不動産セクター特化評価
2026-06-12,BL,"BlackLine Systems, Inc.",Information Technology,53.92,78.9,70.4,1.64B,1832220416.0,0.20283577259209867,8.09%,0.013934490050974158,0.14978291813422384,-0.035899017882386974,-0.4292087638260945,1.0,9.26%,-50.21%,97.4,
2026-06-12,VYX,NCR Voyix,Information Technology,53.85,69.7,4.9,0.98B,2275187200.0,1.1771456313453348,-8.42%,0.015812292782453455,0.09676218831410495,-0.1192722371967655,0.1111111111111111,0.0,12.72%,-36.31%,93.5,
2026-06-12,TRNO,Terreno Realty Corporation,Real Estate,53.73,13.7,38.7,7.05B,7943664640.0,0.5883647747707428,3.2%,0.07479320567259265,1.1701278173234562,0.129540207909343,0.8622308190850354,0.0,92.11%,11.2%,58.4,金融・不動産セクター特化評価
2026-06-12,HAYW,"Hayward Holdings, Inc.",Industrials,53.7,44.1,21.4,3.19B,3968836608.0,0.4991368341296154,1.0%,0.04810243403330515,0.2687792684611306,0.05362091657125737,0.125170205066795,0.0,37.08%,-8.29%,76.9,
2026-06-12,CRK,"Comstock Resources, Inc.",Energy,53.65,16.1,1.7,3.87B,7196521984.0,0.6842884418205666,-20.31%,0.05996850035007539,0.7118496580757342,0.09792471032640213,1.1509239425938085,0.0,3.9%,-47.78%,96.2,
2026-06-12,TMP,Tompkins Financial Corporation,Financials,53.33,80.8,31.5,1.31B,1708057344.0,0.7154551780071715,2.44%,0.01858168206151448,,0.06895825420392943,,,98.72%,36.67%,26.0,金融・不動産セクター特化評価
2026-06-12,HE,"Hawaiian Electric Industries, Inc.",Utilities,53.3,34.4,47.3,2.27B,4767293952.0,0.7063297082699558,4.46%,0.014152494951461293,0.18701277918012138,-0.0009558394771892833,1.4194423555482898,0.0,41.36%,13.93%,53.1,
2026-06-12,IBP,"Installed Building Products, Inc.",Consumer Discretionary,53.3,21.8,56.7,5.59B,6262500352.0,0.12699015231599928,5.67%,0.1283365570599613,0.1796149185404605,0.003932229719889315,0.030513711857860178,0.0,24.1%,-21.0%,88.2,
2026-06-12,ASTE,"Astec Industries, Inc.",Industrials,53.26,84.4,18.0,1.16B,1472299392.0,0.5895531941955738,0.24%,0.028379169104739616,0.07650311968235961,0.3100804906094289,1.0992217898832686,0.0,47.37%,13.66%,53.4,
2026-06-12,HMN,Horace Mann Educators Corporation,Financials,53.01,67.1,87.9,1.97B,2466082048.0,0.7531816767306816,14.0%,0.010617950296726186,,0.05375557365507531,,,94.98%,8.91%,60.8,金融・不動産セクター特化評価
2026-06-12,MGEE,"MGE Energy, Inc.",Utilities,52.63,46.7,50.0,2.9B,3750814464.0,,,,,,,,23.49%,,50.0,
2026-06-12,DCOM,"Dime Community Bancshares, Inc.",Financials,52.53,97.6,80.8,1.76B,520092064.0,0.8403394371175015,10.39%,0.00721448716893269,,0.06886053326708125,,,99.02%,48.58%,18.3,金融・不動産セクター特化評価
2026-06-12,BANC,"Banc Of California, Inc.",Financials,52.46,31.3,69.0,3.06B,4986216960.0,1.1557707043601517,7.66%,0.006580167588180763,,0.037402232558317025,,,79.21%,16.2%,50.2,金融・不動産セクター特化評価
2026-06-12,ADMA,"ADMA Biologics, Inc.",Health Care,52.41,0.0,37.4,1.93B,43675897856.0,0.24752781670849147,3.03%,0.23537346093342004,0.3878331467953028,0.27740966444161597,0.3397206291599239,0.0,7.75%,-49.45%,96.6,
2026-06-12,GTY,Getty Realty Corp.,Real Estate,52.32,65.9,60.8,2.01B,2527300352.0,0.5340603296646262,6.16%,0.03643745559886775,0.8525935046250569,0.10117546917433425,0.10708784998565213,0.0,83.44%,25.22%,36.8,金融・不動産セクター特化評価
2026-06-12,LQDT,"Liquidity Services, Inc.",Industrials,52.21,92.9,58.1,1.18B,993818880.0,0.1717998835139952,5.89%,0.07489449508265773,0.09540163090110748,0.08133172666682041,0.28012048192771083,0.0,94.81%,58.94%,13.0,
2026-06-12,UHT,Universal Health Realty Income Trust,Real Estate,52.11,93.8,71.7,0.56B,941434688.0,0.2714324783495264,8.29%,0.03117150256590908,0.6813186813186813,-0.027467797859043974,-0.041241647395973725,1.0,55.08%,6.43%,63.9,金融・不動産セクター特化評価
2026-06-12,CNR,"Core Natural Resources, Inc.",Energy,52.07,36.0,70.7,4.54B,4579529216.0,0.81068567129411,8.12%,-0.024994237407082776,0.10264372024899304,1.128828428677745,-0.2583033320899083,1.0,50.65%,2.61%,69.0,
2026-06-12,APLE,"Apple Hospitality REIT, Inc.",Real Estate,51.99,27.3,73.2,3.81B,5478556672.0,0.8253518991946188,8.51%,0.03577267084140968,0.31891494251571456,-0.013630400489343893,-0.06812906269007493,1.0,98.42%,43.49%,20.9,金融・不動産セクター特化評価
2026-06-12,CFFN,Capitol Federal Savings Bank,Financials,51.94,68.5,51.7,1.01B,2385881856.0,1.0334152087337407,4.92%,0.0069564454419866195,,0.026354253869386734,,,97.99%,31.61%,31.5,金融・不動産セクター特化評価
2026-06-12,TRST,TrustCo Bank Corp NY,Financials,51.91,98.3,50.2,0.96B,339934368.0,0.7157990051231096,4.77%,0.0094922912105827,,0.03237125934322678,,,97.95%,41.36%,23.3,金融・不動産セクター特化評価
2026-06-12,TRMK,Trustmark Corp.,Financials,51.79,57.1,72.4,2.66B,3096275968.0,0.7972399119022949,8.41%,0.0118431968869462,,0.04257222534822075,,,95.4%,19.53%,44.7,金融・不動産セクター特化評価
2026-06-12,WINA,Winmark,Consumer Discretionary,51.59,84.6,30.8,1.41B,1455602816.0,-0.03800426861172162,2.35%,1.6739243131156039,0.6586013477317598,-0.07302799456126953,0.026796600558360643,0.0,29.94%,-4.39%,74.0,
2026-06-12,WKC,World Kinect Corporation,Energy,51.45,69.9,85.2,1.61B,2270315264.0,0.8045878793735591,12.52%,-0.10477668445914835,-0.014343141025988309,-0.1289253988532042,-2.665618118905316,1.0,95.35%,31.69%,31.0,
2026-06-12,LXP,Lexington Realty Trust,Real Estate,51.32,37.9,56.2,3.1B,4432724480.0,0.6569269872225941,5.59%,0.03199301559334378,1.1141599186815445,-0.07969428451294092,0.2460443416922394,0.0,94.18%,19.06%,45.4,金融・不動産セクター特化評価
2026-06-12,AWI,"Armstrong World Industries, Inc.",Industrials,51.31,16.6,39.4,6.62B,7109860352.0,0.13607670875434613,3.28%,0.16038863199459655,0.34162142152023695,0.04449991859770988,0.1297694348092226,0.0,10.58%,-17.39%,85.1,
2026-06-12,FDP,"Fresh Del Monte Produce, Inc.",Consumer Staples,51.28,75.8,7.6,1.37B,1947982080.0,1.4709464596850301,-3.5%,0.029650212487741093,0.04964949216852139,-0.012014727730766747,-0.19805680119581465,1.0,4.4%,-20.28%,87.7,
2026-06-12,INDB,Independent Bank Corp.,Financials,51.27,43.6,59.9,3.95B,4025343232.0,0.9035505061290514,6.06%,0.00823356706502528,,0.28592213152303153,,,82.63%,19.25%,45.0,金融・不動産セクター特化評価
2026-06-12,WSFS,WSFS Financial Corporation,Financials,51.19,79.1,55.9,3.87B,1809189376.0,0.7078256137240645,5.52%,0.01348165409563145,,0.024010987828370335,,,98.59%,36.63%,26.7,金融・不動産セクター特化評価
2026-06-12,HIW,Highwoods Properties,Real Estate,51.13,15.4,81.3,3.4B,7278298112.0,0.7001980005883149,10.53%,0.0254408864239083,0.756764568695169,0.040548781751945276,0.10815479801924803,0.0,79.61%,10.54%,59.4,金融・不動産セクター特化評価
2026-06-12,AGYS,"Agilysys, Inc.",Information Technology,50.96,66.6,26.1,2.58B,2480278272.0,0.1264185605359121,1.9%,0.08055813992125069,0.18524515207696549,0.108566429541635,0.6821943520177459,0.0,36.15%,-28.59%,91.8,
2026-06-12,LGIH,LGI Homes,Consumer Discretionary,50.83,60.2,39.2,1.29B,2940482048.0,1.6290258060303144,3.24%,0.0184740334310949,0.04930976415182843,0.04488664995447693,-0.6093080732529942,1.0,60.75%,12.88%,54.6,
2026-06-12,DCH,Dauch Corporation,Consumer Discretionary,50.74,23.5,96.6,1.48B,5816694784.0,0.4327848737185673,31.69%,-0.0029534346796198014,0.11343738756489112,0.31824739619360065,-0.07849686847599165,1.0,43.13%,-4.01%,73.8,要確認: FCF異常値(>30%)
2026-06-12,CWK,Cushman & Wakefield plc,Real Estate,50.7,25.4,86.0,3.1B,5614909440.0,0.6317384748053249,12.83%,0.01148946148034286,0.05065025952061585,0.016875960366661367,-0.15185546875,1.0,42.29%,-17.02%,84.1,金融・不動産セクター特化評価
2026-06-12,GPI,"Group 1 Automotive, Inc.",Consumer Discretionary,50.55,7.3,67.7,3.87B,9389255680.0,0.7214469856025567,7.24%,0.031421504212723196,0.037897516325970035,0.053480181592394295,-0.16252202858821227,1.0,16.57%,-16.68%,83.9,
2026-06-12,JXN,"Jackson Financial, Inc.",Financials,50.47,13.5,67.2,7.55B,8019204096.0,1.3189413464395283,7.12%,7.657706205010976e-05,,0.04176687841630965,,,64.46%,17.26%,48.1,金融・不動産セクター特化評価
2026-06-12,WAFD,"WaFd, Inc.",Financials,50.45,27.0,69.5,2.7B,5486889472.0,1.1248928685794573,7.71%,0.008467061744778471,,-0.04848948675942157,,,83.55%,22.6%,41.1,金融・不動産セクター特化評価
2026-06-12,JBSS,"John B. Sanfilippo & Son, Inc.",Consumer Staples,50.09,92.7,49.0,0.91B,1008617664.0,0.3979403732394451,4.66%,0.0986173094847248,0.10195205040253025,0.15910003394268535,0.034796956641305346,1.0,70.82%,18.32%,46.4,
2026-06-12,CPK,Chesapeake Utilities Corp.,Utilities,50.08,35.3,5.2,2.94B,4598322176.0,0.5444441462934861,-8.32%,0.03512065685391008,0.40118279569892473,0.11680178920883422,0.1969842797561758,0.0,20.35%,-8.26%,76.7,
2026-06-12,FFBC,First Financial Bancorp,Financials,49.95,54.5,78.6,3.33B,3200881408.0,0.8304353470317325,9.51%,0.01209713735552758,,0.13780732537900248,,,98.33%,34.94%,28.1,金融・不動産セクター特化評価
2026-06-12,DGII,Digi International Inc.,Information Technology,49.95,63.3,52.5,2.58B,2698341376.0,0.24690594738895436,5.0%,0.044224979027709437,0.21031283921519406,0.13197681194982055,0.25860342189456115,0.0,93.87%,89.96%,7.0,
2026-06-12,BJRI,"BJ's Restaurants, Inc.",Consumer Discretionary,49.69,83.2,66.7,1.09B,1529078016.0,0.33623544408754935,7.0%,0.04806515305946595,0.09235837229813469,-0.02459887192333997,0.4939880222905635,0.0,99.45%,40.82%,23.6,
2026-06-12,WLY,John Wiley & Sons,Communication Services,49.68,57.3,66.3,2.29B,3095989760.0,0.32824890970214554,6.93%,0.0312695757627999,0.20483438035918977,-0.012485438424946661,7.5576391483003365,0.0,94.26%,22.88%,40.6,
2026-06-12,ACAD,Acadia Pharmaceuticals,Health Care,49.62,61.4,44.8,3.66B,2862071296.0,0.3351020385448,4.21%,0.2499688338090839,0.1087918395154479,0.3169329390884997,0.1638246041412911,1.0,19.63%,-11.36%,78.6,
2026-06-12,WRLD,World Acceptance Corporation,Financials,49.59,84.8,25.4,0.82B,1445793024.0,0.42743079198521916,1.8%,0.03281030894979797,,0.04524832431833977,,,88.73%,28.37%,33.7,金融・不動産セクター特化評価
2026-06-12,CHCO,City Holding Company,Financials,49.54,74.4,67.0,1.81B,2038951296.0,0.44638771120432535,7.08%,0.01941158146259055,,0.040647212096245215,,,75.22%,7.89%,62.0,金融・不動産セクター特化評価
2026-06-12,CATY,Cathay General Bancorp,Financials,49.46,59.5,77.1,4.02B,2968979200.0,0.7284159938964316,9.06%,0.013005758458412911,,0.05096119091823478,,,98.84%,30.55%,32.2,金融・不動産セクター特化評価
2026-06-12,CPF,Central Pacific Financial Corp.,Financials,49.4,96.4,79.1,0.95B,636897536.0,0.6261220686995975,9.75%,0.010457211474157744,,-0.008411963657854503,,,98.43%,26.19%,35.8,金融・不動産セクター特化評価
2026-06-12,ADAM,"Adamas Trust, Inc.",Real Estate,49.27,4.7,50.0,0.82B,12304971776.0,1.7430511221572764,,0.011792847876076037,,0.37121192559802335,,,93.35%,36.92%,25.7,金融・不動産セクター特化評価
2026-06-12,DFH,"Dream Finders Homes, Inc.",Consumer Discretionary,49.21,58.8,8.1,1.38B,3017465856.0,1.1366019547245845,-3.27%,0.058269062992624514,0.06910097232195071,0.11981820863767334,-0.3362626570113788,1.0,15.13%,-22.54%,89.4,
2026-06-12,WEN,The Wendy's Company,Consumer Discretionary,49.15,29.9,80.0,1.29B,5111216640.0,0.09075792874650783,10.15%,0.033304341457716345,0.240977614405131,-0.015548051845906616,-0.05349232898314596,1.0,6.84%,-17.95%,85.8,
2026-06-12,ZD,Ziff Davis,Communication Services,49.02,73.7,13.1,1.68B,2059400192.0,1.0407892400230951,-0.92%,0.012926575066347173,0.2310724139166577,-0.011075675141604402,0.050924794263831175,0.0,82.88%,42.8%,21.9,
2026-06-12,MCRI,"Monarch Casino & Resort, Inc.",Consumer Discretionary,49.0,72.3,50.0,2.27B,2158645760.0,,,,,,,,98.7%,,50.0,
2026-06-12,BFH,"Bread Financial Holdings, Inc.",Financials,48.97,39.1,50.0,4.11B,4347570176.0,0.8101652280041354,,0.022856638573886954,,-0.009960246385042157,,,99.28%,59.77%,12.5,金融・不動産セクター特化評価
2026-06-12,WSR,Whitestone REIT,Real Estate,48.91,81.8,81.5,0.99B,1633372160.0,0.4617029846809552,10.68%,0.04262578088781085,0.7464757382400949,0.03227810783870465,0.13003678432033247,0.0,99.61%,46.58%,19.0,金融・不動産セクター特化評価
2026-06-12,LIF,Life360,Information Technology,48.81,50.0,24.6,3.67B,3519380480.0,0.14940443572252923,1.65%,0.15716774618417653,0.06671556199321323,1.1733049504053625,14.309892170651665,0.0,10.95%,-41.14%,95.0,
2026-06-12,AAT,American Assets Trust,Real Estate,48.78,58.5,48.3,1.9B,3022277120.0,0.6062680276202951,4.59%,0.024431104763808692,0.6363352926612319,-0.1075617903900115,0.014176519591365476,0.0,94.67%,33.02%,29.8,金融・不動産セクター特化評価
2026-06-12,CVCO,"Cavco Industries, Inc.",Consumer Discretionary,48.57,38.2,37.2,4.6B,4392154112.0,0.23970131442595066,3.02%,0.12778889157885348,0.11952925032468184,0.06006774985870635,0.16217738232414683,0.0,64.3%,6.56%,63.7,
2026-06-12,BCPC,Balchem Corporation,Materials,48.5,27.5,34.0,5.31B,5424187904.0,0.23669631667684754,2.6%,0.09182791184235808,0.2458046532794812,0.07038405556532398,0.10385184928600501,0.0,58.51%,5.82%,65.1,
2026-06-12,CRI,"Carter's, Inc.",Consumer Discretionary,48.48,70.1,61.3,1.53B,2255105792.0,0.6037274456519469,6.22%,0.03578135780188425,0.07014979854583142,0.05437481274404922,-0.36474352164866,1.0,86.42%,28.02%,33.9,
2026-06-12,EFC,"Ellington Financial, Inc.",Financials,48.41,1.2,50.0,1.71B,18905321472.0,1.073221435679802,,0.00758898790931183,,0.1860560636410013,,,82.75%,6.19%,64.7,金融・不動産セクター特化評価
2026-06-12,JOE,St. Joe Company,Real Estate,48.41,41.7,37.7,3.73B,4163549184.0,0.2054762105221393,3.06%,0.07614924928840787,0.4541019316273288,-0.01309524273775587,0.3070318589926928,0.0,69.13%,9.48%,59.9,金融・不動産セクター特化評価
2026-06-12,FTDR,"Frontdoor, Inc.",Consumer Discretionary,48.32,28.4,66.0,4.74B,5338262016.0,0.05103050237361845,6.92%,0.11904761904761904,0.24175824175824176,0.016611295681063124,0.30412371134020616,0.0,85.43%,31.67%,31.2,
2026-06-12,FBNC,First Bancorp (Southern Pines NC),Financials,48.25,74.9,70.0,2.54B,2027557760.0,0.6521939956025109,7.84%,0.00876579005345531,,0.04285957482959317,,,94.08%,21.81%,42.5,金融・不動産セクター特化評価
2026-06-12,ECPG,"Encore Capital Group, Inc.",Financials,48.21,26.1,2.7,1.72B,5538487808.0,0.5663412939730631,-13.31%,0.0480980561069703,0.364875209322468,0.11484386694946624,2.7091281084591468,0.0,78.59%,65.79%,11.5,金融・不動産セクター特化評価
2026-06-12,DRH,DiamondRock Hospitality Company,Real Estate,48.2,49.1,44.1,2.43B,3582620672.0,0.5957285287915227,4.04%,0.03376933989102111,0.24511040249319271,-0.05313261781618163,0.21026933652964816,0.0,98.0%,33.11%,29.6,金融・不動産セクター特化評価
2026-06-12,FIZZ,National Beverage Corp.,Consumer Staples,48.16,54.3,40.6,3.46B,3204390400.0,0.12829958376284895,3.47%,0.27765211188062894,0.21330931598845967,-0.12632944363003196,0.07369558932589212,0.0,34.47%,12.55%,56.0,
2026-06-12,CNS,"Cohen & Steers, Inc.",Financials,48.13,45.0,33.3,3.91B,3894845184.0,0.14380091694723668,2.56%,0.17476679434329423,0.36576691891891894,0.07918598267283466,0.03967255027287477,1.0,86.34%,17.09%,49.3,金融・不動産セクター特化評価
2026-06-12,VCYT,"Veracyte, Inc.",Health Care,48.08,51.7,34.7,3.78B,3384040448.0,0.34610373671351696,2.76%,0.0471921076457715,0.17329182337642246,0.08152395897033542,0.8212986485113302,0.0,88.29%,12.1%,57.2,
2026-06-12,LW,Lamb Weston,Consumer Staples,48.02,5.9,78.8,6.23B,10190383104.0,0.2790552055158773,9.59%,0.0483185888591294,0.16626106366158758,0.0034749558843491244,-0.21827855112601122,1.0,25.4%,-21.52%,88.9,
2026-06-12,BKU,"BankUnited, Inc.",Financials,48.0,29.1,50.0,3.54B,5230201344.0,0.8638254777952175,,0.0076585960208109425,,-0.005740096502607618,,,81.52%,23.28%,39.2,金融・不動産セクター特化評価
2026-06-12,VCTR,"Victory Capital Holdings, Inc.",Financials,47.82,21.6,71.9,5.4B,6340088320.0,0.44869668995627104,8.34%,0.07770095460056264,0.4415529529580111,0.6673987308009802,0.1980979209253627,1.0,88.63%,38.82%,24.5,金融・不動産セクター特化評価
2026-06-12,AGNT,"eXp World Holdings, Inc.",Real Estate,47.82,96.2,84.5,0.77B,648530176.0,0.31501954390442277,12.33%,-0.051333393599710724,-0.002494388986803249,0.1324675856491316,-1.393846153846154,1.0,2.46%,-55.59%,98.3,金融・不動産セクター特化評価
2026-06-12,VCEL,Vericel,Health Care,47.79,76.8,28.8,1.97B,1919403520.0,0.1800475855249182,2.15%,0.03385051099557554,0.10696846075602967,0.12767319433724192,0.7771830647101275,0.0,65.8%,-4.62%,74.3,
2026-06-12,CLSK,"CleanSpark, Inc.",Information Technology,47.65,24.2,5.4,4.15B,5679796224.0,0.5242076841037528,-7.25%,0.11448060406498115,0.9959951142743053,0.6220984560764921,51.16629075251179,0.0,52.34%,21.31%,43.0,
2026-06-12,YOU,"Clear Secure, Inc.",Information Technology,47.6,37.7,52.7,6.82B,4478453760.0,0.026073222384516894,5.01%,0.08375684368171663,0.24545643270990997,0.09076667124154345,0.4772534425506611,0.0,69.67%,35.6%,27.6,
2026-06-12,CE,Celanese,Materials,47.56,2.4,92.9,5.67B,17235263488.0,0.7145803100591673,18.05%,-0.05369900898824614,0.02797569153394803,-0.05004816533847097,-0.44375,1.0,46.5%,32.22%,30.3,
2026-06-12,AWR,American States Water Company,Utilities,47.5,44.5,13.8,3.01B,3921531136.0,0.3470081444264902,-0.68%,0.04804330755642903,0.40337014282609984,0.08594601491315326,0.08767911362062536,0.0,63.02%,4.36%,66.3,
2026-06-12,GRBK,"Green Brick Partners, Inc.",Consumer Discretionary,47.44,51.4,33.7,3.15B,3403903488.0,0.5899073178587908,2.6%,0.12357151564621127,0.20321334278434153,0.12656611528741854,-0.13963315166634152,1.0,64.38%,12.84%,55.0,
2026-06-12,VGNT,Versigent PLC,Consumer Discretionary,47.34,24.6,88.4,3.42B,5657910272.0,0.4824687804686345,14.06%,0.09845907544526716,0.10081651168065321,0.2061308230750664,0.16973684210526316,1.0,89.21%,59.74%,12.7,
2026-06-12,BMI,"Badger Meter, Inc.",Information Technology,47.34,48.8,42.1,3.81B,3603847680.0,0.18725063979826453,3.7%,0.14547796424936085,0.23782458766198702,0.19250550885397463,0.14666449261259934,1.0,13.22%,-29.18%,92.3,
2026-06-12,WDFC,WD-40 Company,Consumer Staples,47.25,58.3,28.6,3.02B,3076358656.0,0.0889208791943893,2.15%,0.1912406028469407,0.18267861319225465,0.059616202601555764,0.07607528669561334,0.0,62.6%,12.71%,55.5,
2026-06-12,AUB,"Atlantic Union Bankshares, Corp.",Financials,47.2,21.1,97.8,5.65B,6359604224.0,0.8856070434821515,39.36%,0.007282413437814763,,0.5287882937311826,,,78.63%,24.49%,38.2,金融・不動産セクター特化評価
2026-06-12,WOR,Worthington Enterprises,Industrials,47.19,52.8,17.2,2.91B,3243916800.0,0.322126519545352,0.11%,0.05666335526253693,0.1552841920604076,0.034489029602041206,0.14627826331750887,0.0,52.93%,7.22%,62.7,
2026-06-12,DEI,Douglas Emmett,Real Estate,47.19,9.0,90.1,2.48B,8824148992.0,0.7687996531622087,15.6%,0.0017513655257148843,0.6515823988876295,-0.012284419962355244,0.05329282312366563,0.0,41.26%,7.05%,63.0,金融・不動産セクター特化評価
2026-06-12,ASTH,"Astrana Health, Inc.",Health Care,47.03,69.2,89.7,1.98B,2339896320.0,,14.56%,0.01013539247320794,0.04251817149516511,0.63751629278748,-0.04624159275813934,1.0,98.73%,69.14%,11.1,
2026-06-12,MC,Moelis & Company,Financials,46.87,28.2,50.0,5.13B,5376127488.0,,,,,,,,65.8%,,50.0,金融・不動産セクター特化評価
2026-06-12,DBD,Diebold Nixdorf,Information Technology,46.79,49.5,83.0,2.83B,3565015552.0,0.3891088234425764,11.48%,0.02454337899543379,0.0888929763249862,0.08773811203612247,0.01015228426395939,1.0,80.87%,25.24%,36.5,
2026-06-12,CVBF,CVB Financial Corp.,Financials,46.68,40.5,58.4,3.69B,4279607808.0,0.6217688296939368,5.89%,0.01338988400910137,,0.03150388470636292,,,84.14%,14.14%,52.9,金融・不動産セクター特化評価
2026-06-12,XPEL,"XPEL, Inc.",Consumer Discretionary,46.63,88.4,38.9,1.27B,1248049152.0,0.22117270607252904,3.23%,0.13391508028212462,0.162532549349013,0.33934392364332805,0.11410516618445106,1.0,59.72%,14.52%,52.4,
2026-06-12,BCC,Boise Cascade,Industrials,46.61,63.0,12.8,2.49B,2699799808.0,0.8344550033218651,-1.01%,0.040974193562317414,0.05677923428413506,-0.037822948593258764,-0.4598442132531624,1.0,18.87%,1.42%,70.0,
2026-06-12,DAVE,"Dave, Inc.",Financials,46.6,47.4,31.0,3.63B,3717282560.0,0.09719601648588082,2.36%,0.4018419508512201,0.32877466247550446,0.6283796650485923,1.3966247500789224,0.0,94.02%,18.15%,47.1,金融・不動産セクター特化評価
2026-06-12,XNCR,Xencor Inc,Health Care,46.51,96.7,4.7,0.9B,626585920.0,0.7090661273334241,-8.58%,-0.10499545971136329,-0.37582022042428487,-0.08030926156448114,0.7465045951883463,0.0,43.93%,-15.98%,83.4,
2026-06-12,FULT,Fulton Financial Corporation,Financials,46.4,32.9,63.5,4.4B,4846314496.0,0.7939921466917553,6.47%,0.012192668377005082,,0.0014526776006717425,,,98.31%,32.0%,30.8,金融・不動産セクター特化評価
2026-06-12,IPAR,"Inter Parfums, Inc.",Consumer Staples,46.27,51.9,45.3,3.21B,3383988992.0,0.274590303121535,4.28%,0.10622123478471507,0.2041519399613976,0.12328477864831523,-0.0022720258459356345,1.0,35.68%,15.18%,51.4,
2026-06-12,JBTM,JBT Marel Corporation,Industrials,46.16,13.0,57.9,6.41B,8043109888.0,0.6962601537746718,5.86%,-0.006165529197748666,0.08377652572271076,1.399291112543207,0.5582761998041136,1.0,16.74%,-12.37%,79.1,
2026-06-12,AVA,Avista Corporation,Utilities,46.16,19.2,6.4,3.47B,6759640576.0,0.7803227726079642,-4.97%,0.023088886230410336,0.3329938900203666,0.05263820677496537,0.08637873754152824,0.0,81.37%,4.5%,66.1,
2026-06-12,MCY,Mercury General,Financials,46.11,40.0,50.0,5.49B,4285782528.0,,,,,,,,88.66%,,50.0,金融・不動産セクター特化評価
2026-06-12,BNL,"Broadstone Net Lease, Inc.",Real Estate,46.02,19.4,57.4,4.18B,6749127168.0,0.694040099886538,5.76%,0.016877819419663275,0.790779454703196,0.09601417984796844,-0.10313420908046551,1.0,89.73%,19.23%,45.2,金融・不動産セクター特化評価
2026-06-12,CTKB,"Cytek Biosciences, Inc.",Health Care,45.88,98.6,22.4,0.52B,284410208.0,0.6582623598047701,1.24%,-0.1441667280550849,-0.08631565364553608,-0.075991991991992,-0.7334795175919466,1.0,34.15%,-16.42%,83.7,
2026-06-12,ABCB,Ameris Bancorp,Financials,45.86,26.5,62.3,5.85B,5514682368.0,0.6966279261617426,6.32%,0.014978769168159229,,0.04774299797616713,,,96.34%,18.27%,46.6,金融・不動産セクター特化評価
2026-06-12,CBRL,Cracker Barrel,Consumer Discretionary,45.7,72.5,15.3,1.02B,2139085440.0,0.4539753129717641,-0.35%,0.021453047434552456,0.055455087200790884,0.00018043075761487194,0.1390801886792453,0.0,43.86%,54.05%,14.9,
2026-06-12,AEO,American Eagle Outfitters,Consumer Discretionary,45.36,33.2,49.5,3.06B,4835196416.0,0.5524304340659199,4.7%,0.047879880688733265,0.09914937817680733,0.04670203809934021,-0.17340833707801,1.0,47.0%,3.86%,66.8,
2026-06-12,HP,"Helmerich & Payne, Inc.",Energy,45.33,23.2,77.8,3.92B,5820658176.0,0.6957572842909179,9.18%,-0.024411183377579023,0.17586164276525468,0.1597814420109106,-0.2740372271082817,1.0,90.16%,50.66%,16.6,
2026-06-12,XHR,"Xenia Hotels & Resorts, Inc.",Real Estate,45.25,56.6,65.0,1.88B,3108018432.0,0.6033930618649141,6.71%,0.02246183698719147,0.26493555864626794,-0.008101734133441823,0.2826886214373252,0.0,100.0%,41.55%,22.8,金融・不動産セクター特化評価
2026-06-12,AKR,Acadia Realty Trust,Real Estate,45.24,32.2,51.0,3.18B,4910174720.0,0.6988454969537612,4.84%,0.0034929644551173916,0.5189662014280949,0.10659514097149,-0.111121767340233,1.0,80.86%,11.16%,58.7,金融・不動産セクター特化評価
2026-06-12,CURB,Curbline Properties Corp.,Real Estate,45.22,50.5,45.1,3.15B,3448340224.0,0.6056200001209976,4.21%,0.016126472291166455,0.6820217285516669,0.21479141684267064,1.349582776092976,0.0,94.88%,30.63%,32.0,金融・不動産セクター特化評価
2026-06-12,CALY,Callaway Golf Company,Consumer Discretionary,45.2,54.7,68.5,3.02B,3194829568.0,0.6854907609429997,7.4%,-0.05617622838320066,0.0944614339109752,-0.045848011419441864,-0.11141552511415526,1.0,88.32%,58.4%,13.2,
2026-06-12,CBU,"Community Bank System, Inc.",Financials,45.11,49.8,65.3,3.43B,3525789696.0,0.584089307952063,6.79%,0.012162711659096626,,0.055977635602589615,,,86.87%,16.25%,50.0,金融・不動産セクター特化評価
2026-06-12,BRC,Brady Corporation,Industrials,45.1,46.9,42.6,3.82B,3737163264.0,0.31175882520476045,3.81%,0.10912825291350224,0.18662927249843916,0.14429168186997754,0.005850306224184589,1.0,45.96%,7.44%,62.3,
2026-06-12,BOX,"Box, Inc.",Information Technology,45.1,43.1,46.3,3.53B,4038744832.0,0.05581620170689047,4.31%,0.07463035069790305,0.12090434256697584,-0.07283870658222989,0.2558453475445129,0.0,27.55%,-20.24%,87.5,
2026-06-12,CTS,CTS Corporation,Information Technology,45.06,76.1,41.1,1.94B,1944525696.0,0.2842958388601544,3.54%,0.08545866800294645,0.2265174998799227,-0.0014580097122259862,0.18198555991478615,0.0,99.62%,60.6%,12.3,
2026-06-12,ZWS,Zurn Elkay Water Solutions Corp.,Industrials,45.01,11.6,40.1,8.06B,8310245376.0,0.19882658282597224,3.43%,0.07389714115100396,0.22029600801934077,0.011666981310175571,0.13763702801461633,0.0,69.89%,2.01%,69.5,
2026-06-12,TWO,Two Harbors Investment Corp.,Financials,44.88,6.6,12.1,1.3B,9475618816.0,1.3804026347384803,-1.16%,-0.041835428834325714,,-0.11021524429179538,,,65.86%,35.13%,27.9,金融・不動産セクター特化評価
2026-06-12,KW,"Kennedy-Wilson Holdings, Inc.",Real Estate,44.67,18.0,10.1,1.52B,7013977600.0,1.0072981007934017,-1.47%,0.0007097017742544356,0.8183632734530938,-0.04864173765640488,0.062451412282974864,0.0,96.75%,17.69%,47.6,金融・不動産セクター特化評価
2026-06-12,AX,"Axos Financial, Inc.",Financials,44.54,18.7,73.9,5.08B,6911030272.0,0.5278315440151874,8.59%,0.017467886757246216,,0.0843454748900191,,,61.31%,8.88%,61.1,金融・不動産セクター特化評価
2026-06-12,UTL,Unitil Corporation,Utilities,44.49,78.4,4.4,0.92B,1839729024.0,0.6611504851386907,-8.79%,0.023521694311685878,0.3694029850746269,0.1893006408470326,0.1320754716981132,1.0,63.42%,9.27%,60.3,
2026-06-12,CRVL,CorVel Corporation,Health Care,44.42,60.7,36.9,3.08B,2876552192.0,0.12793406391582213,3.01%,0.17161182358558352,0.18246225719254647,0.1776818028631295,0.1631750465549348,1.0,26.02%,-21.29%,88.7,
2026-06-12,FTRE,Fortrea,Health Care,44.11,65.4,92.6,1.6B,2567002112.0,0.35314885594159845,17.9%,-0.3631476230806054,-0.29874421678783875,-0.24125502905677246,-11.653188180404355,1.0,87.43%,48.77%,18.0,
2026-06-12,LGND,"Ligand Pharmaceuticals, Inc.",Health Care,44.09,33.9,35.0,5.1B,4774425088.0,0.19938090442765338,2.79%,0.07974500156026033,0.7365146389045347,0.6571247454272469,3.8401725743981956,0.0,97.31%,23.81%,38.5,
2026-06-12,IOSP,"Innospec, Inc.",Materials,44.08,77.5,19.7,2.11B,1883521664.0,0.6270504801312429,0.57%,0.06363239467365205,0.11242969628796401,0.056320977690666976,-0.10997328584149599,1.0,76.42%,17.46%,47.8,
2026-06-12,ASO,Academy Sports + Outdoors,Consumer Discretionary,44.06,32.0,34.5,3.25B,4936428544.0,0.6690585350790397,2.72%,0.07139765580526644,0.106574075389524,0.07673451115627684,-0.06929200424716664,1.0,52.19%,17.13%,49.0,
2026-06-12,TR,"Tootsie Roll Industries, Inc.",Consumer Staples,44.03,61.8,29.3,2.91B,2751241472.0,0.3231213597801946,2.19%,0.0797874291656499,0.21398616291070327,0.09309864790299002,0.07690510868669104,1.0,52.53%,1.96%,69.7,
2026-06-12,LFST,Lifestance Health,Health Care,44.02,48.6,45.8,3.29B,3621231360.0,0.46265289721398223,4.28%,0.0043844345540449735,0.0553105593332795,0.04042632339736902,0.9757724719101124,0.0,94.56%,33.7%,29.1,
2026-06-12,UTI,Universal Technical Institute,Consumer Discretionary,43.78,68.2,22.2,2.25B,2399220992.0,0.1461252078700223,1.21%,0.07628014171949273,0.17554953471451,0.10954437094987073,0.25500059887411664,0.0,79.71%,36.07%,27.2,
2026-06-12,HASI,"Hannon Armstrong Sustainable Infrastructure Capital, Inc.",Financials,43.76,6.2,50.0,4.77B,10104769536.0,0.539714611784551,,0.022538811536199774,,0.1564522131649399,,,65.57%,12.72%,55.3,金融・不動産セクター特化評価
2026-06-12,BTU,"Peabody Energy, Inc.",Energy,43.75,55.2,14.3,3.21B,3192647936.0,1.1011522189782814,-0.5%,-0.009109381457501033,0.10081574517674478,-0.024606547189142885,-0.5677326226959805,1.0,48.25%,-12.58%,79.8,
2026-06-12,GNL,"Global Net Lease, Inc.",Real Estate,43.62,38.9,97.3,1.99B,4351990272.0,0.8350241115296629,33.78%,-0.051862542420954345,0.6288689767124449,-0.37502149296612136,-0.43353538880674514,1.0,80.55%,25.6%,36.3,金融・不動産セクター特化評価
2026-06-12,EMN,Eastman Chemical Company,Materials,43.61,3.3,53.9,8.38B,13245414400.0,0.710985327449828,5.18%,0.03189985867151222,0.14853747714808044,-0.02326957207651351,-0.2789794786466999,1.0,62.9%,23.36%,38.9,
2026-06-12,KWR,Quaker Chemical Corporation,Materials,43.59,53.3,46.8,2.49B,3234801664.0,0.5511048977459527,4.35%,-0.0008892269158408198,0.07652620888959957,0.07173963255880052,-0.48415120333786615,1.0,44.85%,5.21%,65.6,
2026-06-12,BOOT,"Boot Barn Holdings, Inc.",Consumer Discretionary,43.57,22.5,18.7,5.31B,5942644736.0,0.24832509520092833,0.46%,0.09219309612971031,0.1689413579110317,0.21409787113216364,0.2521374829001368,0.0,54.24%,-2.22%,72.4,
2026-06-12,CPRX,"Catalyst Pharmaceuticals Partners, Inc.",Health Care,43.5,57.8,47.5,3.84B,3085913600.0,0.24848734641566103,4.47%,0.19413956243732897,0.5019635341237273,0.29664639052114666,0.2694441343420725,1.0,91.19%,37.71%,25.0,
2026-06-12,KAI,Kadant Inc.,Industrials,43.11,47.6,36.5,3.41B,3664448768.0,0.2875391002630042,2.99%,0.05955513971094127,0.19992910416555792,0.19703847673113828,-0.05527987965062757,1.0,34.93%,8.99%,60.6,
2026-06-12,CZR,Caesars Entertainment,Consumer Discretionary,43.08,0.2,85.0,6.01B,31318505472.0,0.5829315595121697,12.52%,-0.015866493884130344,0.28669684833710607,-0.02918073028536361,-0.07939614201845122,1.0,84.91%,49.34%,17.3,
2026-06-12,UNFI,United Natural Foods Inc,Consumer Staples,43.07,22.0,90.6,3.02B,6129484288.0,0.5140043334005258,15.99%,-0.015536537195523371,0.009627485527309338,0.008900106269925611,-0.06707317073170732,1.0,80.23%,24.62%,37.5,
2026-06-12,FMC,FMC Corporation,Materials,43.06,23.9,24.4,1.41B,5702760448.0,1.4699196828221712,1.62%,-0.23111941531092575,-0.42492934186998904,-0.1687161576549132,-3.216972615106831,1.0,1.63%,-17.71%,85.3,
2026-06-12,WT,"WisdomTree Investments, Inc.",Financials,43.03,56.9,51.2,2.64B,3100436992.0,0.15652643144751954,4.85%,0.07213301774490875,0.3603886963724777,0.46384368287632793,0.5160987995126481,0.0,73.91%,49.48%,17.1,金融・不動産セクター特化評価
2026-06-12,DIOD,Diodes Incorporated,Information Technology,42.88,34.8,36.2,4.91B,4670826496.0,0.3826085158980968,2.96%,0.027017278705935215,0.155513257444134,0.025906001849740245,0.14014207131267561,0.0,81.02%,128.49%,3.1,
2026-06-12,AMR,"Alpha Metallurgical Resources, Inc.",Materials,42.83,73.9,32.5,2.4B,2050047872.0,0.6426931437415,2.51%,-0.02704827534194559,0.04485177374205264,-0.06482202871356472,-0.7542126446246964,1.0,58.64%,11.31%,57.9,
2026-06-12,HNI,HNI Corporation,Industrials,42.57,43.4,15.5,2.38B,4033805056.0,0.7698355812375732,-0.23%,0.011095189355168884,0.08224727016555125,1.605194389632553,-0.2570792236716513,1.0,17.2%,-14.15%,82.5,
2026-06-12,ADEA,"Adeia, Inc.",Information Technology,42.47,45.3,50.0,3.6B,3882382080.0,0.13356590195374415,4.77%,0.10687451109060592,0.5409800940940851,-0.053424484111912904,0.16153604028958138,0.0,92.43%,137.67%,2.6,
2026-06-12,OPLN,"OPENLANE, Inc.",Industrials,42.47,20.4,53.7,4.1B,6510314496.0,0.30260131042118193,5.16%,0.037614038058548356,0.15611269061773067,0.02206693637366679,0.09858130229174245,0.0,98.99%,51.88%,15.9,
2026-06-12,CWST,"Casella Waste Systems, Inc.",Industrials,42.46,19.0,26.6,5.71B,6822717440.0,0.27474800209485295,1.96%,0.0023827499919777824,0.2065546228552172,0.022680017881976478,0.2029194118057361,0.0,35.02%,2.7%,68.0,
2026-06-12,MBIN,Merchants Bancorp,Financials,42.3,17.8,50.0,2.28B,7033998848.0,,,,,,,,93.53%,,50.0,金融・不動産セクター特化評価
2026-06-12,BOH,Bank of Hawaii,Financials,42.17,47.2,58.6,3.12B,3733729792.0,0.5927055924079097,5.9%,0.00851666528515206,,0.024373849471681718,,,83.28%,22.39%,41.6,金融・不動産セクター特化評価
2026-06-12,EAT,"Brinker International, Inc.",Consumer Discretionary,41.79,11.4,50.5,6.81B,8498479104.0,0.05448339161253343,4.79%,0.14302247442693944,0.1336688830281193,0.03297211831398712,0.7961068130771151,0.0,67.3%,39.59%,23.8,
2026-06-12,FBP,First BanCorp (Puerto Rico),Financials,41.75,49.3,82.3,3.87B,3579569408.0,0.5086138169809744,11.31%,0.018024771163711165,,-0.008294700424057094,,,98.32%,24.57%,38.0,金融・不動産セクター特化評価
2026-06-12,ITGR,Integer Holdings Corporation,Health Care,41.7,37.2,38.4,3.13B,4500584448.0,0.5585252832523889,3.14%,0.03014387301620811,0.15773692475927056,0.10806014741529403,-0.05957975111848728,1.0,48.72%,32.5%,30.0,
2026-06-12,AZZ,"AZZ, Inc.",Industrials,41.49,31.0,41.4,4.51B,5026056192.0,0.2966568502225163,3.58%,0.14333125214030074,0.3430263987200621,-0.006118716663501117,0.6938115330520394,0.0,97.66%,49.11%,17.8,
2026-06-12,KMT,Kennametal,Industrials,41.46,53.6,35.2,2.64B,3233225472.0,0.48693310775512605,2.84%,0.03658543292795037,0.14918816683571914,0.016636591875093358,-0.03985157505178185,1.0,64.83%,26.44%,35.6,
2026-06-12,MATX,"Matson, Inc.",Industrials,41.3,20.1,50.0,6.02B,6618887680.0,,,,,,,,98.36%,,50.0,
2026-06-12,GO,Grocery Outlet,Consumer Staples,41.22,62.1,5.7,0.93B,2714623488.0,1.055600502150351,-6.51%,-0.07276117652653635,-0.01862411781027773,-0.02606385174211148,-1.453994364322627,1.0,27.37%,-17.37%,84.9,
2026-06-12,AROC,"Archrock, Inc.",Energy,41.17,10.0,30.5,6.32B,8706055168.0,0.23593057235444956,2.35%,0.07410151141424007,0.5708173750082225,0.1373093231142159,0.5377190634967706,0.0,78.63%,52.04%,15.6,
2026-06-12,HWKN,"Hawkins, Inc.",Materials,40.95,80.1,30.0,3.27B,1746245504.0,0.16310558482485155,2.29%,0.08268156424581005,0.16184335828498028,0.28081626080452127,0.09780737717744409,1.0,57.08%,18.8%,45.7,
2026-06-12,AGX,"Argan, Inc.",Industrials,40.91,14.2,49.8,8.74B,7779265536.0,0.05287077267690623,4.76%,0.11613228429288391,0.1491351949913509,0.41869851128939867,0.5009749081029248,0.0,73.45%,71.32%,10.3,
2026-06-12,MAN,ManpowerGroup,Industrials,40.81,60.4,8.4,1.58B,2895749632.0,1.3025141107634728,-2.95%,-0.0014519492145282256,0.015303139148303457,0.11694915254237288,-0.3659437009690817,1.0,39.88%,23.48%,38.7,
2026-06-12,URBN,"Urban Outfitters, Inc.",Consumer Discretionary,40.74,15.2,16.5,6.63B,7417705472.0,0.4248564913168246,0.07%,0.09284243810374324,0.11845863090912866,0.10800645206970713,0.17481412848700106,0.0,71.91%,22.96%,40.4,
2026-06-12,ALHC,"Alignment Healthcare, Inc.",Health Care,40.67,46.4,56.4,4.18B,3787967488.0,0.042845234976454115,5.61%,-0.000679310856025506,0.011477899541598174,0.362787908391012,1.5852584548236721,0.0,70.36%,21.93%,41.8,
2026-06-12,TNC,Tennant Company,Industrials,40.63,79.4,40.9,1.49B,1803115136.0,0.4033752380128466,3.52%,0.03451808653164158,0.10436227669297882,0.06621292328375766,-0.25680473372781065,1.0,95.36%,19.82%,44.0,
2026-06-12,VSEC,VSE Corporation,Industrials,40.6,35.8,27.3,5.42B,4582915584.0,0.26548626740541026,2.03%,0.00576906581851918,0.1164451237328898,0.16408991007844465,0.4799127036723874,0.0,63.78%,12.4%,56.2,
2026-06-12,IART,Integra Lifesciences Holdings,Health Care,40.27,56.2,53.0,1.36B,3137600768.0,0.76599971524208,5.09%,-0.14338530166982186,-0.19900076135380326,-0.10784673593855884,-2.6835758039816233,1.0,94.22%,44.83%,20.0,
2026-06-12,CXW,CoreCivic,Industrials,40.26,45.5,11.6,2.66B,3868840192.0,0.529253054586037,-1.2%,0.03577285650111169,0.1575220854728376,0.11079948060824908,0.21198097352369089,0.0,96.19%,57.2%,13.7,
2026-06-12,AVNS,"Avanos Medical, Inc.",Health Care,40.15,88.9,24.1,1.17B,1242483328.0,0.6649813226895852,1.46%,-0.06789606035205364,-0.027809469480889904,-0.06974527811471148,0.9435763888888888,0.0,96.85%,112.41%,4.1,
2026-06-12,GTES,Gates Corporation,Industrials,39.93,9.5,54.7,6.82B,8753723392.0,0.48904573233217824,5.34%,0.03515395586878094,0.19522537174721188,0.05379956677423633,-0.007969303423848878,1.0,78.52%,18.19%,46.9,
2026-06-12,ACA,"Arcosa, Inc.",Industrials,39.8,14.5,20.7,6.23B,7659283456.0,0.4237914022411971,0.89%,0.04180373906764021,0.19875841021016855,0.014179635845793917,0.4475877746905784,0.0,83.92%,26.59%,35.3,
2026-06-12,HUBG,"Hub Group, Inc.",Industrials,39.72,53.8,27.6,2.8B,3233029632.0,0.5873246777298986,2.11%,0.03627285858072064,0.08604623466003107,-0.023059576362367495,-0.16585111818574855,1.0,64.13%,28.59%,33.4,
2026-06-12,AESI,"Atlas Energy Solutions, Inc.",Energy,39.46,62.6,39.9,2.06B,2709971968.0,,3.4%,-0.022573760516381953,0.16326245537792955,0.12966098429930875,-0.2189430006551649,1.0,70.69%,93.08%,6.2,
2026-06-12,AAMI,Acadian Asset Management Inc.,Financials,39.27,59.0,47.0,2.77B,3005772288.0,0.021890119932080346,4.36%,0.11816838995568685,0.3219797764768494,-0.03725824800910125,0.10941320293398533,0.0,97.17%,74.83%,9.6,金融・不動産セクター特化評価
2026-06-12,UE,Urban Edge Properties,Real Estate,39.18,33.4,62.8,3.16B,4793790464.0,0.4083187744947109,6.36%,0.028242343980185217,0.6623602826660451,9.995349595656402e-05,0.023271420247346814,0.0,94.47%,27.08%,34.9,金融・不動産セクター特化評価
2026-06-12,CWT,California Water Service Group,Utilities,38.86,38.6,3.4,2.71B,4361702400.0,0.6223982972790871,-10.37%,0.022607524203580746,0.3601235826984222,0.09475968783944816,-0.1510596021807228,1.0,44.37%,1.27%,70.4,
2026-06-12,ALGT,Allegiant Travel Company,Industrials,38.75,66.1,11.8,2.31B,2523237888.0,0.45520377038554866,-1.2%,-0.01061837539355362,0.12542953810339147,-0.049765082498222854,4.372122446967581,0.0,57.64%,24.57%,37.7,
2026-06-12,DORM,"Dorman Products, Inc.",Consumer Discretionary,38.73,39.3,17.5,3.83B,4336454144.0,0.3855311831898205,0.16%,0.08190437683859068,0.1688723613693536,0.028276513175179756,0.020055064236883965,1.0,43.48%,-7.18%,75.5,
2026-06-12,UNIT,Uniti Group,Communication Services,38.65,3.6,43.1,3.04B,13169252352.0,0.12509654571799741,3.84%,0.10839349655636511,1.0855224882524055,1.2787717006493629,1.7579306424104606,0.0,98.3%,86.03%,7.5,
2026-06-12,LAUR,"Laureate Education, Inc.",Consumer Discretionary,38.46,23.0,61.6,5.31B,5878354944.0,0.22362530371282147,6.22%,0.12764520588301947,0.306921553765431,0.1848973717280861,-0.02870419266785175,1.0,99.64%,21.91%,42.3,
2026-06-12,INSW,"International Seaways, Inc.",Energy,37.92,39.6,18.5,4.09B,4319982592.0,0.4943048252286965,0.41%,0.11588703168128209,0.610860640672025,0.012230707287256054,-0.16207832682426157,1.0,82.16%,61.67%,12.0,
2026-06-12,ENPH,Enphase Energy,Information Technology,37.27,18.5,22.7,7.24B,6921162240.0,0.15014800904604408,1.27%,0.04904364703093517,0.19686554852900742,0.08004367204607475,0.37788484839845476,0.0,60.78%,78.87%,8.2,
2026-06-12,DNOW,NOW Inc,Industrials,36.96,56.4,0.7,2.49B,3119578112.0,0.89550027513875,-29.01%,-0.0226809378185525,-0.01028368794326241,1.420727945712523,-1.1946308724832215,1.0,43.08%,5.4%,65.4,
2026-06-12,WHD,"Cactus, Inc.",Energy,36.8,40.3,30.3,4.07B,4285335552.0,0.3016328073832191,2.31%,0.08870083996886115,0.30326277441937405,0.07605753486403945,-0.09600318242593678,1.0,81.58%,38.83%,24.3,
2026-06-12,GEO,"GEO Group, Inc.",Industrials,36.79,28.7,10.3,3.82B,5331747328.0,0.39376171877065813,-1.46%,0.06618028515811389,0.23866323598762554,0.0582426598533072,0.7669860847742785,0.0,98.35%,91.69%,6.7,
2026-06-12,UAA,Under Armour (Class A),Consumer Discretionary,36.74,41.5,1.5,2.56B,4192677632.0,0.5520072751121206,-20.61%,-0.11224577608865106,0.014946530363223038,0.026697615436501117,7.674769194811265,0.0,46.77%,24.95%,37.3,
2026-06-12,UA,Under Armour (Class C),Consumer Discretionary,36.74,41.9,1.2,2.49B,4115939072.0,0.5690503995155777,-21.24%,-0.11224577608865106,0.014946530363223038,0.026697615436501117,7.674769194811265,0.0,47.51%,27.57%,34.6,
2026-06-12,BTSG,"BrightSpring Health Services, Inc.",Health Care,36.7,3.1,71.4,12.38B,14794074112.0,0.15145944329735955,8.18%,0.029729729308308923,0.0355932552598012,0.08220713651719332,0.5332454706216009,0.0,99.07%,87.51%,7.2,
2026-06-12,HTO,H2O America,Utilities,36.61,42.4,3.2,2.37B,4090969600.0,0.6501605211050263,-11.03%,0.019919736925403032,0.3847137735919759,0.10545822529162406,0.06434858333592511,1.0,71.14%,22.44%,41.3,
2026-06-12,VIR,"Vir Biotechnology, Inc.",Health Care,36.54,92.2,2.2,1.44B,1056194816.0,0.5325827192250205,-14.96%,-0.4367540433356634,-7.032922429344558,-0.2830900198954399,0.12979831141847917,0.0,58.16%,49.21%,17.5,
2026-06-12,JBLU,JetBlue,Industrials,36.17,8.3,0.2,1.85B,9017654272.0,1.1443042837225177,-59.27%,-0.036330718165359085,0.05440300154491282,-0.016091681016566713,3.564814814814815,0.0,42.86%,13.18%,54.3,要確認: 大幅なFCF赤字
2026-06-12,ATMU,Atmus Filtration Technologies Inc.,Industrials,35.96,33.6,28.3,3.93B,4784477696.0,0.09618859876909822,2.13%,0.15355001110535277,0.18681630108258232,0.1347559438796942,0.09793471019320453,1.0,42.62%,-3.22%,73.3,
2026-06-12,AAP,"Advance Auto Parts, Inc.",Consumer Discretionary,35.95,21.3,5.9,3.66B,6349386240.0,0.6010133651897469,-6.23%,0.0037206155927617113,0.03720497616556214,0.09520281533617336,1.8101265822784811,0.0,70.79%,20.05%,43.8,
2026-06-12,BFS,"Saul Centers, Inc.",Real Estate,35.94,61.6,59.1,1.29B,2856557568.0,0.23951648886848245,5.91%,0.017344699488319574,0.6063593048650476,0.017058846766653937,0.035602538492814084,0.0,86.83%,30.16%,32.5,金融・不動産セクター特化評価
2026-06-12,VIRT,"Virtu Financial, Inc.",Financials,35.72,99.5,42.9,11.93B,-4402547712.0,0.1326361186966711,3.81%,0.023242873113915045,0.5468401632325822,0.3117480223435583,0.4307279165790255,0.0,95.83%,56.64%,14.4,金融・不動産セクター特化評価
2026-06-12,IRDM,Iridium Communications,Communication Services,35.65,18.2,50.7,5.28B,6954182656.0,0.08766557688967717,4.79%,0.0451883023726901,0.5085383160157814,-0.05257852321810718,0.09708572064992761,0.0,89.73%,200.41%,0.7,
2026-06-12,FELE,Franklin Electric,Industrials,35.6,34.6,27.1,4.51B,4728978432.0,0.29298849923592984,1.98%,0.07564859840000823,0.1258256891495601,0.06798780186377502,-0.08861163883781552,1.0,65.61%,7.9%,61.8,
2026-06-12,FSS,Federal Signal Corporation,Industrials,35.5,15.9,27.8,6.73B,7240559104.0,0.20537485748946502,2.12%,0.10306779235977598,0.19220362302224261,0.35542714706548834,0.22651448639157157,1.0,36.64%,-0.37%,71.4,
2026-06-12,WS,Worthington Steel,Materials,35.45,62.8,16.3,2.21B,2705575680.0,0.48600146378337905,0.04%,0.05642777041492507,0.07150939126499208,0.05111444492070296,-0.2306086956521739,1.0,77.27%,36.65%,26.2,
2026-06-12,KRYS,"Krystal Biotech, Inc.",Health Care,35.2,10.2,23.9,9.48B,8664774656.0,0.1286582091764384,1.45%,0.15357019149883716,0.431336571325778,0.26325629499980113,0.5264000291009622,0.0,97.52%,58.37%,13.5,
2026-06-12,AOSL,"Alpha and Omega Semiconductor, Ltd.",Information Technology,35.2,91.5,8.6,1.3B,1134986624.0,0.6341002138846366,-2.88%,-0.09375975898745338,0.053491859653356545,-0.09668885855444435,-0.32410701321330043,1.0,70.51%,128.05%,3.6,
2026-06-12,GVA,"Granite Construction, Inc.",Industrials,34.95,16.8,28.1,6.08B,7083504640.0,0.19391106850868142,2.13%,0.04788689341213127,0.11266733704323251,0.3320728900023301,0.41730852887740216,0.0,89.51%,35.94%,27.4,
2026-06-12,ECG,"Everus Construction Group, Inc.",Industrials,34.88,14.9,29.8,7.33B,7421740544.0,0.08587449190368869,2.28%,0.11671567178467905,0.08222909165550703,0.341700149713263,0.39993819698801203,0.0,75.45%,44.28%,20.4,
2026-06-12,VSAT,"Viasat, Inc.",Information Technology,34.87,2.8,33.5,9.93B,15191620608.0,0.4693186767919819,2.57%,-0.0022385830687305292,0.39211340694958063,-0.01438223228443093,0.47036705113793853,0.0,78.2%,93.79%,6.0,
2026-06-12,CWEN,"Clearway Energy, Inc. (Class C)",Utilities,33.92,2.1,49.3,9.05B,17983823872.0,0.2126143821173217,4.68%,0.010147102972080456,0.7564730580825753,0.16232814571847304,-0.0018467220683287165,1.0,71.22%,9.41%,60.1,
2026-06-12,CSW,"CSW Industrials, Inc.",Industrials,33.86,27.7,20.0,4.48B,5410863616.0,0.23437964114124663,0.66%,0.048364386338404376,0.21696846978751078,0.6798947112717675,0.05504323413812465,1.0,41.45%,12.33%,56.5,
2026-06-12,LTH,"Life Time Group Holdings, Inc.",Consumer Discretionary,33.72,5.2,6.7,7.76B,11794885632.0,0.4027502893133937,-4.47%,0.04666249830949265,0.2596233041927983,0.11959588604714663,0.2301206648907562,0.0,95.89%,34.53%,28.4,
2026-06-12,KN,Knowles Corporation,Information Technology,33.67,50.2,23.4,3.38B,3486067968.0,0.2298416097770267,1.36%,0.04205118447340881,0.19099797707349966,-0.060007154355213733,0.0780209324452902,0.0,97.97%,75.18%,9.4,
2026-06-12,ENVA,"Enova International, Inc.",Financials,33.66,6.9,97.5,4.72B,9471737856.0,0.2833286483382751,37.56%,0.04767600556054388,0.14232467850997557,0.22830822096905679,0.34088836940957723,0.0,98.34%,46.74%,18.8,金融・不動産セクター特化評価
2026-06-12,KTB,Kontoor Brands,Consumer Discretionary,33.66,24.4,48.5,4.44B,5663414272.0,0.1270948927967617,4.61%,0.08806848101501082,0.12790313330305006,0.5647446076705852,0.04761719176267012,1.0,80.3%,12.85%,54.8,
2026-06-12,KALU,Kaiser Aluminum Corporation,Materials,33.48,42.9,9.6,3.07B,4078516992.0,0.2693395963419696,-1.56%,0.043863069245165316,0.09564186184405574,0.06427652599692933,0.30028214429665456,0.0,94.53%,99.49%,5.3,
2026-06-12,BLFS,"BioLife Solutions, Inc.",Health Care,33.42,89.1,19.0,1.3B,1233468288.0,0.28615413374841503,0.49%,-0.011320968552591381,-0.12383852661774794,0.016013036719592876,-3.8477533460803057,1.0,74.32%,2.62%,68.5,
2026-06-12,BGC,"BGC Group, Inc.",Financials,33.37,19.9,60.3,5.37B,6642716672.0,0.18108793811704973,6.11%,0.03512293435001765,0.15319595447485573,0.22829330002196568,0.27982479488039996,0.0,80.77%,23.02%,40.1,金融・不動産セクター特化評価
2026-06-12,CCOI,"Cogent Communications Holdings, Inc.",Communication Services,33.19,53.1,2.5,0.75B,3235169024.0,-0.0853400050162515,-14.53%,-0.058769901386677266,0.19121182742583775,-0.023106096179700494,0.15395272317949607,0.0,1.33%,-18.93%,86.8,
2026-06-12,CORT,Corcept Therapeutics Incorporated,Health Care,32.96,10.4,22.9,8.94B,8608473088.0,0.0724855678790026,1.29%,0.1191082064086459,,-0.0046421819920933,,,87.57%,6.2%,64.4,
2026-06-12,WSC,WillScot Holdings Corp.,Industrials,32.92,9.2,64.5,4.96B,8759930880.0,0.17259483269034007,6.6%,-0.00911081129548034,0.265669667395152,-0.0362464334602449,-0.0659221097047714,1.0,73.66%,52.14%,15.1,
2026-06-12,ESE,ESCO Technologies Inc.,Industrials,32.8,11.8,43.8,8.18B,8305011712.0,0.18826480764484893,3.92%,0.1241389353083404,0.2240082966035779,0.31097671079396505,0.23705477552872375,1.0,82.32%,43.63%,20.7,
2026-06-12,TGTX,"TG Therapeutics, Inc.",Health Care,32.7,17.3,14.8,7.36B,7048917504.0,0.08809807392666359,-0.41%,0.42057628805185593,0.21801693042365003,0.8405251951738821,1.6924972946976073,0.0,94.78%,54.95%,14.7,
2026-06-12,INDV,Indivior,Health Care,32.49,31.5,21.2,4.51B,4982887936.0,-0.021965143172619366,0.98%,0.17485428809325562,0.2453591606133979,-0.08738601823708207,2.4157303370786516,0.0,89.58%,26.68%,35.1,
2026-06-12,TFX,Teleflex,Health Care,32.48,12.6,15.8,5.72B,8130216960.0,0.5458509669503727,-0.06%,-0.13035970117049378,0.15181012017284978,-0.0212280678520478,0.11490139568138515,0.0,73.77%,16.98%,49.5,
2026-06-12,HTLD,"Heartland Express, Inc.",Industrials,32.24,87.0,7.1,1.26B,1365555840.0,0.6009462380938463,-3.91%,-0.04401833810695886,0.12729161521095086,-0.10686243059469701,-0.36858954626608387,1.0,95.64%,110.44%,4.3,
2026-06-12,HTZ,Hertz,Industrials,32.18,0.7,12.6,1.59B,21590452224.0,-0.288415647167413,-1.06%,-0.033481242436466316,0.2953904045155221,0.023346481974130813,0.36225596529284165,0.0,27.12%,-20.5%,88.0,
2026-06-12,ATEN,"A10 Networks, Inc.",Information Technology,32.01,71.3,29.1,2.35B,2208434432.0,0.08996366867086347,2.16%,0.0669039857862572,0.25340638841948393,0.45515520487968303,0.3323863122274298,1.0,98.23%,92.74%,6.5,
2026-06-12,VAC,Marriott Vacations Worldwide,Consumer Discretionary,31.75,10.9,64.0,3.19B,8568440320.0,0.6248744858232992,6.51%,-0.03156708004509583,0.0037758346581875995,-0.005199836867862969,-0.9690553745928339,1.0,99.73%,103.84%,4.8,
2026-06-12,CVI,"CVR Energy, Inc.",Energy,31.72,36.7,7.9,3.06B,4541125120.0,0.23894276074188195,-3.35%,0.007285483000539665,0.08251884948338453,-0.13065916021581045,0.5,0.0,48.84%,-17.06%,84.4,
2026-06-12,CHEF,"Chefs' Warehouse, Inc.",Consumer Staples,31.6,37.0,25.1,3.66B,4515678208.0,0.16510272951384478,1.68%,0.03568084331069863,0.05379780924956206,0.0910942163059917,0.1558188059500572,0.0,99.7%,45.36%,19.5,
2026-06-12,VSTS,Vestis,Industrials,31.34,58.1,35.7,1.76B,3085576704.0,0.4923134754545524,2.89%,-0.01383707729884069,0.0698304360878282,-0.008691554013846059,-0.3620855518515302,1.0,97.8%,146.94%,2.4,
2026-06-12,KNTK,"Kinetik Holdings, Inc.",Energy,31.27,5.0,9.9,7.89B,11872455680.0,-0.07165825619593749,-1.49%,0.0741201849988676,0.6715089472899683,0.04118512027330554,0.47867114626676416,0.0,78.64%,44.65%,20.2,
2026-06-12,KGS,"Kodiak Gas Services, Inc.",Energy,31.17,9.7,29.6,6.77B,8711948288.0,0.17752335978918565,2.24%,0.01864768017356115,0.4495275590551181,-0.026404228248010257,0.10256991997359954,0.0,77.82%,99.11%,5.5,
2026-06-12,UNF,UniFirst Corporation,Industrials,31.06,32.5,26.8,4.98B,4907003392.0,0.4351117113310077,1.97%,0.053370312311588085,0.1335550939995527,0.030315088971904526,-0.00048306205962893447,1.0,94.03%,78.27%,8.4,
2026-06-12,TRN,"Trinity Industries, Inc.",Industrials,30.64,13.3,2.0,2.72B,8036673536.0,0.3958150197234345,-16.79%,0.03004368263615213,0.4426259910056099,-0.046171961685650235,0.20985933341781776,0.0,79.11%,37.79%,24.8,
2026-06-12,CNK,"Cinemark Holdings, Inc.",Communication Services,30.3,19.7,58.9,3.97B,6665899520.0,0.10201534136713915,5.91%,0.031168948329912717,0.16674157303370787,-0.12494572725478587,-0.1572286224241441,1.0,99.68%,14.4%,52.6,
2026-06-12,TNDM,Tandem Diabetes Care,Health Care,30.24,88.6,9.4,1.08B,1247238656.0,0.1433097493468245,-1.87%,-0.2323314175723404,-0.173995009539427,-0.0894386239766529,-1.5311666714453651,1.0,29.59%,-12.51%,79.6,
2026-06-12,HCC,"Warrior Met Coal, Inc.",Materials,30.15,31.8,7.4,4.96B,4965178880.0,0.4313446736279355,-3.51%,0.02047489779254896,0.1929333617293478,0.0741971108802724,-0.4280603459004931,1.0,76.48%,12.07%,57.5,
2026-06-12,BHE,"Benchmark Electronics, Inc.",Information Technology,30.09,55.5,41.6,3.19B,3188354560.0,0.34447455599474447,3.59%,0.011995858503703454,0.048633601944712286,-0.029388918144491023,-0.17608832767375335,1.0,99.25%,98.1%,5.8,
2026-06-12,CON,"Concentra Group Holdings Parent, Inc.",Health Care,29.64,25.8,44.6,3.49B,5576611840.0,0.11282766346235693,4.11%,0.058219877777264666,0.1890222735607606,0.13375726450163497,0.11043406242787124,1.0,95.71%,37.61%,25.2,
2026-06-12,DXPE,"DXP Enterprises, Inc.",Industrials,29.48,52.6,25.6,2.6B,3284857344.0,0.19198720968505173,1.87%,0.052622459061629344,0.10841390323676517,0.24873100584367178,0.19910698613305247,1.0,84.8%,67.41%,11.3,
2026-06-12,EXTR,"Extreme Networks, Inc.",Information Technology,29.41,42.7,37.9,4.06B,4088901120.0,0.01614067365336143,3.07%,-0.006474924949142313,0.03457603807495525,0.10610458145740335,2.2688791604970064,0.0,98.93%,70.06%,10.8,
2026-06-12,STAA,STAAR Surgical Company,Health Care,29.34,87.4,11.1,1.44B,1312289536.0,0.23920145776617296,-1.22%,-0.17810918397619543,-0.15543638960583356,-0.11352949026934943,-5.506643356643357,1.0,65.63%,11.8%,57.7,
2026-06-12,KMX,"CarMax, Inc.",Consumer Discretionary,29.2,0.5,11.3,7.31B,25927753728.0,0.805182089962869,-1.21%,0.009378447728664658,0.06216841914675213,-0.03781547255921226,-0.12331104090770892,1.0,51.07%,49.83%,16.8,
2026-06-12,AMRX,Amneal Pharmaceuticals,Health Care,28.58,14.0,26.4,5.21B,7794056192.0,-0.013580717069596033,1.95%,0.019589862653196604,0.2000397514211133,0.050503435010402845,0.3731447815122802,0.0,99.94%,37.31%,25.5,
2026-06-12,LBRT,"Liberty Energy, Inc.",Energy,28.57,26.8,6.9,4.57B,5498261504.0,0.4544759135734316,-4.17%,0.04155686485559838,0.18367640877098915,0.07945379102134029,-0.21804587184236562,1.0,73.77%,75.24%,9.1,
2026-06-12,AIN,Albany International Corp.,Industrials,28.47,68.7,24.9,2.01B,2375218944.0,0.3609775165111913,1.66%,-0.03336341405089518,0.043870840107438795,0.04246568196926541,-0.7673007587580046,1.0,93.56%,56.65%,14.2,
2026-06-12,ACHC,Acadia Healthcare,Health Care,28.11,30.8,4.2,2.29B,5033187328.0,0.8514240736903097,-9.48%,-0.19950834453802188,-0.22272244155870813,-0.0720955393857391,-2.2138483355872087,1.0,71.71%,42.96%,21.6,
2026-06-12,CC,Chemours,Materials,27.96,17.1,64.8,3.24B,7067128320.0,0.07725280348817,6.68%,-0.05228935247900298,0.05716253443526171,-0.016913037688107604,-0.4977307110438729,1.0,61.41%,73.38%,9.9,
2026-06-12,MARA,"MARA Holdings, Inc.",Information Technology,27.83,15.6,3.7,5.19B,7240664576.0,0.6690419922399177,-10.23%,-0.17997779302279338,-0.603156456945429,0.07139529005926352,-1.5167916016488394,1.0,41.39%,-5.55%,74.5,
2026-06-12,ANDE,"The Andersons, Inc.",Consumer Staples,27.81,47.9,3.9,2.41B,3661208320.0,0.5174551576969202,-9.6%,0.025778974109251375,0.029244536797769956,-0.09911450571346905,-0.10648838119343586,1.0,77.18%,42.67%,22.1,
2026-06-12,ARCB,ArcBest Corp.,Industrials,27.73,41.2,35.5,3.84B,4217927936.0,0.33705105994667556,2.87%,0.024503172471380077,0.06627993211240056,0.009437670260617327,-0.2945689936594467,1.0,98.81%,165.1%,1.7,
2026-06-12,ALKS,Alkermes plc,Health Care,27.46,11.1,25.9,7.49B,8556875264.0,0.24299136138800564,1.88%,0.09717116212228985,0.22419691320341026,0.20988175038809243,-0.3313435489965869,1.0,95.92%,43.01%,21.4,
2026-06-12,VIAV,VIAVI Solutions,Information Technology,27.27,4.5,23.6,12.39B,12387231744.0,0.06295241826106966,1.39%,0.017454107733975325,0.11887853914968183,0.1483038645395381,0.30730223123732253,0.0,80.16%,182.09%,1.2,
2026-06-12,ACLS,"Axcelis Technologies, Inc.",Information Technology,27.21,30.6,20.9,5.33B,5038386688.0,0.19396014762243385,0.92%,0.08832255604910122,0.19215348823905187,0.009319526298190736,-0.35905702756961977,1.0,92.69%,103.2%,5.0,
2026-06-12,HLIT,Harmonic Inc.,Information Technology,27.21,82.5,6.2,1.57B,1596340224.0,0.24344157672503847,-5.2%,-0.06027978393364909,0.06585432829528214,-0.09795657534280972,-0.7366097182161083,1.0,67.91%,41.42%,23.1,
2026-06-12,AIR,AAR CORP.,Industrials,27.19,22.7,19.2,5.06B,5892212736.0,0.2394841156993446,0.55%,0.004394290937214371,0.06096025894623269,0.026931407942238268,0.1961891319689485,0.0,99.74%,52.1%,15.4,
2026-06-12,WERN,Werner Enterprises,Industrials,27.16,48.3,14.0,2.63B,3637595136.0,0.518562233787177,-0.52%,-0.004984640011299302,0.10240230285409206,-0.05358790945788286,-0.1814409606045703,1.0,93.56%,75.88%,8.7,
2026-06-12,VSH,Vishay Intertechnology,Information Technology,26.53,10.7,12.3,7.98B,8597967872.0,0.2618261217884935,-1.1%,-0.002120373344417783,0.09413407675604943,0.030034816488497325,0.22553195099602946,0.0,85.33%,318.32%,0.2,
2026-06-12,CWEN-A,"Clearway Energy, Inc. (Class A)",Utilities,26.32,1.9,31.8,8.31B,18071150592.0,0.23159309983294635,2.5%,0.010147102972080456,0.7564730580825753,0.16232814571847304,-0.0018467220683287165,1.0,93.49%,23.15%,39.7,
2026-06-12,ETSY,Etsy,Consumer Discretionary,25.66,12.1,32.8,6.59B,8239602176.0,-0.1666407514660495,2.51%,0.057646748399683936,0.12728242507979015,0.1693585277746298,-0.31096300607334953,1.0,78.24%,8.67%,61.3,
2026-06-12,COHU,"Cohu, Inc.",Information Technology,24.86,64.5,32.0,2.76B,2604438016.0,0.2843003540700241,2.5%,-0.05975388219620236,-0.021344236526285115,0.24370957009850763,0.18351490583565577,1.0,99.68%,154.32%,1.9,
2026-06-12,COCO,The Vita Coco Company,Consumer Staples,24.82,39.8,21.7,4.49B,4304427520.0,0.07380869767239343,1.03%,0.1546541532403211,0.1371051854767293,0.27257775656008454,0.1212230939448803,1.0,96.18%,82.31%,7.9,
2026-06-12,GOLF,Acushnet Company,Consumer Discretionary,23.34,17.5,15.0,5.82B,7044745216.0,0.13457286710817826,-0.39%,0.08048195692233616,0.1384378187616513,0.07453103055399352,-0.01676816574420012,1.0,84.78%,23.12%,39.9,
2026-06-12,FUN,Six Flags,Consumer Discretionary,23.16,12.3,39.7,2.49B,8142688256.0,0.22054200341654548,3.4%,-0.1986698126295485,-0.2796852164427252,-0.14580928394408377,-2.4770270891781263,1.0,56.6%,51.02%,16.3,
2026-06-12,CAKE,"The Cheesecake Factory, Inc.",Consumer Discretionary,23.12,25.1,40.4,3.73B,5632058368.0,0.11714875525841893,3.44%,0.04550641511470191,0.07526348643826467,0.07229761716900741,-0.0008138596764377008,1.0,99.69%,64.55%,11.8,
2026-06-12,VECO,Veeco Instruments Inc.,Information Technology,22.68,40.8,20.2,4.37B,4245107968.0,0.20277535883825323,0.76%,0.02669341791151724,0.10318172375484348,0.05929958764023308,-0.3473462703052694,1.0,97.25%,135.83%,2.9,
2026-06-12,ESI,Element Solutions,Materials,22.54,4.3,17.7,10.46B,12453721088.0,0.2557954329323729,0.22%,0.03740149762810209,0.18430542489808718,0.04667719895771354,-0.06259968102073366,1.0,89.42%,57.1%,13.9,
2026-06-12,VSXY,Victoria's Secret,Consumer Discretionary,22.2,8.8,43.3,6.26B,8961357824.0,0.1366897369645922,3.86%,0.032116497107520445,0.07874256065924004,0.1061341571050309,-0.08672566371681416,1.0,96.08%,122.61%,3.8,
2026-06-12,ACMR,"ACM Research, Inc.",Information Technology,20.29,24.9,9.1,6.34B,5646675968.0,0.2310690324619836,-2.25%,0.03275485388301937,0.17582760185463586,0.5477461320963658,-0.12162311964438138,1.0,96.47%,171.22%,1.4,
2026-06-12,GFF,Griffon Corporation,Industrials,20.0,23.7,23.2,4.37B,5736705024.0,0.016923010359850936,1.31%,0.024766952715036608,0.11365294060222403,-0.12961744512968199,-0.37934075936199724,1.0,93.0%,33.81%,28.8,
2026-06-12,ICHR,"Ichor Holdings, Ltd.",Information Technology,19.84,59.2,20.4,2.93B,2989991936.0,0.22656468413097797,0.81%,-0.055978550800261755,-0.007852038512027622,-0.05291975201996055,-1.3389050828930589,1.0,99.23%,420.69%,0.0,
2026-06-12,KLIC,"Kulicke and Soffa Industries, Inc.",Information Technology,19.3,28.0,18.2,5.85B,5403784192.0,0.14038112958813825,0.3%,0.0001928750332777346,0.058989635840209394,-0.10951795007426449,2.1506963705228,0.0,99.78%,188.91%,1.0,
2026-06-12,FORM,"FormFactor, Inc.",Information Technology,18.78,6.4,16.0,10.15B,9881439232.0,0.10198172424086765,-0.01%,0.04439945048931607,0.1369451702117089,0.068178308607024,-0.04641054527068383,1.0,78.31%,152.21%,2.2,
2026-06-12,MAC,Macerich,Real Estate,18.71,5.7,55.2,7.38B,11426744320.0,0.3319938570357942,5.47%,-0.023557942496342018,,-0.023153157117645897,0.3716644692364873,0.0,99.17%,45.22%,19.7,金融・不動産セクター特化評価
2026-06-12,CENX,Century Aluminum Company,Materials,15.97,20.6,10.6,6.03B,6466878464.0,0.1335659292249872,-1.42%,0.018419777023751818,0.056252225167134774,0.0704245283018868,-0.6765241128298453,1.0,82.37%,106.09%,4.6,
2026-06-12,SMTC,Semtech Corporation,Information Technology,15.67,2.6,21.9,15.24B,,0.03607845952411707,1.09%,-0.028628618550034495,0.03761422891021215,-0.006289879825036075,1.7503087182020252,0.0,93.41%,128.13%,3.4,
2026-06-12,GKOS,Glaukos Corp.,Health Care,14.78,16.4,16.7,7.3B,7123977728.0,0.08990548101837707,0.08%,-0.21006573123056071,-0.28783979252801306,-0.08337368531201654,-0.5272221583245329,1.0,68.18%,34.18%,28.6,
2026-06-12,LUMN,Lumen Technologies,Communication Services,13.12,0.9,1.0,8.75B,20372340736.0,-0.12769595075111284,-22.41%,-0.050637703104070814,0.106192549588776,0.025256747074277525,-0.678623718887262,1.0,59.67%,-0.7%,71.6,
2026-06-12,UCTT,"Ultra Clean Holdings, Inc.",Information Technology,11.4,28.9,13.3,4.7B,5230456320.0,0.15129732154627754,-0.78%,-0.10480046269519953,-0.015287244401168451,-0.09943226209698422,-1.1654373024236038,1.0,99.88%,303.19%,0.5,
